{"meta":{"code":200},"response":{"categories":[{"id":"051","service":"NearMe","advKey":"a5cbc3506f6549df91c39ee55ddfa520","skin":null,"enabled":true,"iconUrl":null,"isPremium":false,"thumbImgUrl":null,"pluralTitle":"Wine Bars","queryStr":"Wine Bars","title":"Wine Bar","type":2,"offersCount":5},{"id":"056","service":"NearMe","advKey":null,"skin":null,"enabled":true,"iconUrl":null,"isPremium":false,"thumbImgUrl":null,"pluralTitle":"Gardening","queryStr":"Gardening","title":"Gardening","type":2,"offersCount":3},{"id":"057","service":"NearMe","advKey":null,"skin":null,"enabled":true,"iconUrl":null,"isPremium":false,"thumbImgUrl":null,"pluralTitle":"Plumbers","queryStr":"Plumbers","title":"Plumber","type":2,"offersCount":0},{"id":"058","service":"NearMe","advKey":null,"skin":null,"enabled":true,"iconUrl":null,"isPremium":false,"thumbImgUrl":null,"pluralTitle":"Electricians","queryStr":"Electricians","title":"Electrician","type":2,"offersCount":0},{"id":"059","service":"NearMe","advKey":null,"skin":null,"enabled":true,"iconUrl":null,"isPremium":false,"thumbImgUrl":null,"pluralTitle":"Construction Supplies","queryStr":"Construction Supplies","title":"Construction Supply","type":2,"offersCount":0},{"id":"060","service":"NearMe","advKey":"83593d4f64b64dffa4566725a69e0003","skin":null,"enabled":true,"iconUrl":null,"isPremium":false,"thumbImgUrl":null,"pluralTitle":"Toy Shops","queryStr":"Toys","title":"Toy Shop","type":2,"offersCount":0},{"id":"104","service":"NearMe","advKey":"df56d1edaab84dc5bd67bc736a7819f0","skin":null,"enabled":true,"iconUrl":null,"isPremium":false,"thumbImgUrl":null,"pluralTitle":"Health Foods","queryStr":"Health Foods","title":"Health Food","type":2,"offersCount":10},{"id":"105","service":"NearMe","advKey":"79d76ef266144447835929473d6d5ecb","skin":null,"enabled":true,"iconUrl":null,"isPremium":false,"thumbImgUrl":null,"pluralTitle":"Schools & Kindergardens","queryStr":"Schools Kindergardens","title":"School & Kindergarden","type":2,"offersCount":0},{"id":"061","service":"NearMe","advKey":null,"skin":null,"enabled":true,"iconUrl":null,"isPremium":false,"thumbImgUrl":null,"pluralTitle":"Farm Holidays","queryStr":"Farm Holidays","title":"Farm Holidays","type":2,"offersCount":0},{"id":"062","service":"NearMe","advKey":null,"skin":null,"enabled":true,"iconUrl":null,"isPremium":false,"thumbImgUrl":null,"pluralTitle":"Taverns","queryStr":"Taverns","title":"Taverns","type":2,"offersCount":15},{"id":"063","service":"NearMe","advKey":null,"skin":null,"enabled":true,"iconUrl":null,"isPremium":false,"thumbImgUrl":null,"pluralTitle":"Shoe Repairers","queryStr":"Shoe Repairers","title":"Shoe Repairers","type":2,"offersCount":0},{"id":"064","service":"NearMe","advKey":null,"skin":null,"enabled":true,"iconUrl":null,"isPremium":false,"thumbImgUrl":null,"pluralTitle":"Laundry / Dry Cleaners","queryStr":"Laundry / Dry Cleaners","title":"Laundry / Dry Cleaners","type":2,"offersCount":0},{"id":"065","service":"NearMe","advKey":null,"skin":{"brandColor":null,"footerText":null,"headerImgUrl":null,"headerBtnUrl":null,"highlightColor":null,"offersIconUrl":null,"subtitleColor":null,"titleColor":null},"enabled":true,"iconUrl":null,"isPremium":false,"thumbImgUrl":null,"pluralTitle":"Sports Shops","queryStr":"Sports Shop","title":"Sports Shop","type":2,"offersCount":12},{"id":"066","service":"NearMe","advKey":null,"skin":null,"enabled":true,"iconUrl":null,"isPremium":false,"thumbImgUrl":null,"pluralTitle":"Fishing and Hunting","queryStr":"Fishing and Hunting","title":"Fishing and Hunting","type":2,"offersCount":0},{"id":"067","service":"NearMe","advKey":null,"skin":null,"enabled":true,"iconUrl":null,"isPremium":false,"thumbImgUrl":null,"pluralTitle":"Butchers ","queryStr":"Butchers ","title":"Butchers ","type":2,"offersCount":4},{"id":"068","service":"NearMe","advKey":null,"skin":null,"enabled":true,"iconUrl":null,"isPremium":false,"thumbImgUrl":null,"pluralTitle":"Delicatessen","queryStr":"Delicatessen","title":"Delicatessen","type":2,"offersCount":13},{"id":"069","service":"NearMe","advKey":null,"skin":null,"enabled":true,"iconUrl":null,"isPremium":false,"thumbImgUrl":null,"pluralTitle":"Fish Shops","queryStr":"Fish shops","title":"Fish Shops","type":2,"offersCount":0},{"id":"070","service":"NearMe","advKey":null,"skin":null,"enabled":true,"iconUrl":null,"isPremium":false,"thumbImgUrl":null,"pluralTitle":"Gifts Shops","queryStr":"Gifts Shops","title":"Gifts Shops","type":2,"offersCount":1},{"id":"071","service":"NearMe","advKey":null,"skin":null,"enabled":true,"iconUrl":null,"isPremium":false,"thumbImgUrl":null,"pluralTitle":"Bingo Halls","queryStr":"Bingo Halls","title":"Bingo Halls","type":2,"offersCount":0},{"id":"072","service":"NearMe","advKey":null,"skin":null,"enabled":true,"iconUrl":null,"isPremium":false,"thumbImgUrl":null,"pluralTitle":"Idraulica","queryStr":"Idraulica","title":"Idraulica","type":2,"offersCount":0},{"id":"073","service":"NearMe","advKey":null,"skin":null,"enabled":true,"iconUrl":null,"isPremium":false,"thumbImgUrl":null,"pluralTitle":"Electrical Equipment","queryStr":"Electrical Equipment","title":"Electrical Equipment","type":2,"offersCount":0},{"id":"074","service":"NearMe","advKey":null,"skin":null,"enabled":true,"iconUrl":null,"isPremium":false,"thumbImgUrl":null,"pluralTitle":"Electronics & Appliances","queryStr":"Electronics Appliances","title":"Electronics & Appliances","type":2,"offersCount":0},{"id":"075","service":"NearMe","advKey":null,"skin":null,"enabled":true,"iconUrl":null,"isPremium":false,"thumbImgUrl":null,"pluralTitle":"Home Goods Store","queryStr":"Home Goods","title":"Home Goods Store","type":2,"offersCount":0},{"id":"076","service":"NearMe","advKey":null,"skin":null,"enabled":true,"iconUrl":null,"isPremium":false,"thumbImgUrl":null,"pluralTitle":"Wedding Dresses","queryStr":"Wedding Dresses","title":"Wedding Dresses","type":2,"offersCount":0},{"id":"077","service":"NearMe","advKey":null,"skin":null,"enabled":true,"iconUrl":null,"isPremium":false,"thumbImgUrl":null,"pluralTitle":"Elettrauti","queryStr":"Elettrauto","title":"Elettrauti","type":2,"offersCount":0},{"id":"078","service":"NearMe","advKey":null,"skin":null,"enabled":true,"iconUrl":null,"isPremium":false,"thumbImgUrl":null,"pluralTitle":"Gomme - Convergenza - Equilibratura","queryStr":"Gommista Convergenza Equilibratura","title":"Gomme - Convergenza - Equilibratura","type":2,"offersCount":0},{"id":"079","service":"NearMe","advKey":null,"skin":null,"enabled":true,"iconUrl":null,"isPremium":false,"thumbImgUrl":null,"pluralTitle":"Car Accessories and Parts","queryStr":"Car Accessories and Parts","title":"Car Accessories and Parts","type":2,"offersCount":0},{"id":"080","service":"NearMe","advKey":null,"skin":null,"enabled":true,"iconUrl":null,"isPremium":false,"thumbImgUrl":null,"pluralTitle":"Car & Motorcycle Dealers ","queryStr":"Car Motorcycle Dealers ","title":"Car & Motorcycle Dealers ","type":2,"offersCount":8},{"id":"081","service":"NearMe","advKey":null,"skin":null,"enabled":true,"iconUrl":null,"isPremium":false,"thumbImgUrl":null,"pluralTitle":"Motor Cycle Parts & Accessories","queryStr":"Motor Cycle Parts & Accessories","title":"Motor Cycle Parts & Accessories","type":2,"offersCount":0},{"id":"082","service":"NearMe","advKey":null,"skin":null,"enabled":true,"iconUrl":null,"isPremium":false,"thumbImgUrl":null,"pluralTitle":"Camping","queryStr":"Camping","title":"Camping","type":2,"offersCount":0},{"id":"083","service":"NearMe","advKey":null,"skin":null,"enabled":true,"iconUrl":null,"isPremium":false,"thumbImgUrl":null,"pluralTitle":"Party Organiser","queryStr":"Party Organiser","title":"Party Organiser","type":2,"offersCount":0},{"id":"084","service":"NearMe","advKey":null,"skin":null,"enabled":true,"iconUrl":null,"isPremium":false,"thumbImgUrl":null,"pluralTitle":"Herbalists","queryStr":"Herbalists","title":"Herbalists","type":2,"offersCount":2},{"id":"085","service":"NearMe","advKey":null,"skin":null,"enabled":true,"iconUrl":null,"isPremium":false,"thumbImgUrl":null,"pluralTitle":"Musical Instrument Shop","queryStr":"Musical Instrument Shop","title":"Musical Instrument Shop","type":2,"offersCount":0},{"id":"086","service":"NearMe","advKey":null,"skin":null,"enabled":true,"iconUrl":null,"isPremium":false,"thumbImgUrl":null,"pluralTitle":"Forniture e Attrezzature per Negozi","queryStr":"Forniture Attrezzature Negozi","title":"Forniture e Attrezzature per Negozi","type":2,"offersCount":0},{"id":"087","service":"NearMe","advKey":null,"skin":null,"enabled":true,"iconUrl":null,"isPremium":false,"thumbImgUrl":null,"pluralTitle":"Hairdressers & Beauty Supplies","queryStr":"Beauty Supplies","title":"Hairdressers & Beauty Supplies","type":2,"offersCount":0},{"id":"088","service":"NearMe","advKey":null,"skin":null,"enabled":true,"iconUrl":null,"isPremium":false,"thumbImgUrl":null,"pluralTitle":"Apparecchi e Forniture","queryStr":"Apparecchi Forniture","title":"Apparecchi e Forniture","type":2,"offersCount":0},{"id":"089","service":"NearMe","advKey":null,"skin":null,"enabled":true,"iconUrl":null,"isPremium":false,"thumbImgUrl":null,"pluralTitle":"Typography & Lithographs","queryStr":"Tipografia Litografia","title":"Typography & Lithographs","type":2,"offersCount":0},{"id":"090","service":"NearMe","advKey":null,"skin":null,"enabled":true,"iconUrl":null,"isPremium":false,"thumbImgUrl":null,"pluralTitle":"Bathroom Goods Supplier","queryStr":"Bathroom Goods Supplier","title":"Bathroom Goods Supplier","type":2,"offersCount":0},{"id":"091","service":"NearMe","advKey":null,"skin":null,"enabled":true,"iconUrl":null,"isPremium":false,"thumbImgUrl":null,"pluralTitle":"Servizi e Professionisti","queryStr":"Libero Professionista Servizi Impresa","title":"Servizi e Professionisti","type":2,"offersCount":0},{"id":"092","service":"NearMe","advKey":null,"skin":null,"enabled":true,"iconUrl":null,"isPremium":false,"thumbImgUrl":null,"pluralTitle":"Food & Drink Shops","queryStr":"Food & Drink ","title":"Food & Drink Shops","type":2,"offersCount":5},{"id":"093","service":"NearMe","advKey":null,"skin":null,"enabled":true,"iconUrl":null,"isPremium":false,"thumbImgUrl":null,"pluralTitle":"Catering & Events","queryStr":"Catering","title":"Catering & Events","type":2,"offersCount":2},{"id":"094","service":"NearMe","advKey":null,"skin":null,"enabled":true,"iconUrl":null,"isPremium":false,"thumbImgUrl":null,"pluralTitle":"Fashion Jewellery & Gifts","queryStr":"Jewellery Gifts","title":"Fashion Jewellery & Gifts","type":2,"offersCount":6},{"id":"095","service":"NearMe","advKey":null,"skin":null,"enabled":true,"iconUrl":null,"isPremium":false,"thumbImgUrl":null,"pluralTitle":"Real Estate Agencies","queryStr":"Real Estate","title":"Real Estate Agencies","type":2,"offersCount":0},{"id":"096","service":"NearMe","advKey":null,"skin":null,"enabled":true,"iconUrl":null,"isPremium":false,"thumbImgUrl":null,"pluralTitle":"Driving Schools","queryStr":"Driving Schools","title":"Driving Schools","type":2,"offersCount":0},{"id":"097","service":"NearMe","advKey":null,"skin":null,"enabled":true,"iconUrl":null,"isPremium":false,"thumbImgUrl":null,"pluralTitle":"Children and Childhood","queryStr":"Children","title":"Children and Childhood","type":2,"offersCount":0},{"id":"098","service":"NearMe","advKey":null,"skin":null,"enabled":true,"iconUrl":null,"isPremium":false,"thumbImgUrl":null,"pluralTitle":"Arts & Crafts","queryStr":"Arts & Crafts","title":"Arts & Crafts","type":2,"offersCount":5},{"id":"099","service":"NearMe","advKey":null,"skin":null,"enabled":true,"iconUrl":null,"isPremium":false,"thumbImgUrl":null,"pluralTitle":"Grocery Shop","queryStr":"Grocery","title":"Grocery Shop","type":2,"offersCount":0},{"id":"100","service":"NearMe","advKey":null,"skin":null,"enabled":true,"iconUrl":null,"isPremium":false,"thumbImgUrl":null,"pluralTitle":"Camping and Leisure","queryStr":"Camping and Leisure","title":"Camping and Leisure","type":2,"offersCount":0},{"id":"101","service":"NearMe","advKey":null,"skin":null,"enabled":true,"iconUrl":null,"isPremium":false,"thumbImgUrl":null,"pluralTitle":"Lista Nozze e Bomboniere","queryStr":"Lista Nozze Bomboniere","title":"Lista Nozze e Bomboniere","type":2,"offersCount":1},{"id":"102","service":"NearMe","advKey":null,"skin":null,"enabled":true,"iconUrl":null,"isPremium":false,"thumbImgUrl":null,"pluralTitle":"Riparazioni - Assistenza Tecnica","queryStr":"Riparazioni Assistenza Tecnica","title":"Riparazioni - Assistenza Tecnica","type":2,"offersCount":0}],"count":50}}