{"meta":{"code":200},"response":{"categories":[{"id":"020","service":"NearMe","advKey":"5c44bf2dda2143bcb26e1d159ea516fc","skin":null,"enabled":true,"iconUrl":null,"isPremium":false,"thumbImgUrl":null,"pluralTitle":"Shoe Shops","queryStr":"Shoe Shops","title":"Shoe Shop","type":1,"offersCount":12},{"id":"021","service":"NearMe","advKey":"b496679c7cb84b93b6b4abc6e92290a0","skin":null,"enabled":true,"iconUrl":null,"isPremium":false,"thumbImgUrl":null,"pluralTitle":"Post Offices","queryStr":"Post Offices","title":"Post Office","type":1,"offersCount":0},{"id":"023","service":"NearMe","advKey":"3193f98880f6453e8e9e36dfbf9d04f0","skin":null,"enabled":true,"iconUrl":null,"isPremium":false,"thumbImgUrl":null,"pluralTitle":"Gyms","queryStr":"Gyms","title":"Gym","type":1,"offersCount":0},{"id":"024","service":"NearMe","advKey":"a04918a1a175424c8e1b4620fdccef5c","skin":null,"enabled":true,"iconUrl":null,"isPremium":false,"thumbImgUrl":null,"pluralTitle":"Auto Repairs","queryStr":"Auto Repairs","title":"Auto Repair","type":1,"offersCount":11},{"id":"025","service":"NearMe","advKey":"8179daa4bddb4962b842d1f5480fbc7e","skin":null,"enabled":true,"iconUrl":null,"isPremium":false,"thumbImgUrl":null,"pluralTitle":"Hostels & B&Bs","queryStr":"Hostels B&B","title":"Hostel & B&B","type":1,"offersCount":0},{"id":"026","service":"NearMe","advKey":"2c353ffca89f40a596e578425330a5b0","skin":null,"enabled":true,"iconUrl":null,"isPremium":false,"thumbImgUrl":null,"pluralTitle":"Internet Points","queryStr":"Internet Points","title":"Internet Point","type":1,"offersCount":0},{"id":"027","service":"NearMe","advKey":"a4af5c75d63646fe8bd22dce078f66cc","skin":null,"enabled":true,"iconUrl":null,"isPremium":false,"thumbImgUrl":null,"pluralTitle":"Museums","queryStr":"Museums","title":"Museum","type":1,"offersCount":0},{"id":"028","service":"NearMe","advKey":"728d7df2f80849a8a434fe410ac135fe","skin":null,"enabled":true,"iconUrl":null,"isPremium":false,"thumbImgUrl":null,"pluralTitle":"Pet Shops","queryStr":"Pet Shops","title":"Pet Shop","type":1,"offersCount":5},{"id":"029","service":"NearMe","advKey":"57844221f59a4e8fb7d6d66268915e49","skin":null,"enabled":true,"iconUrl":null,"isPremium":false,"thumbImgUrl":null,"pluralTitle":"Bus Stations","queryStr":"Bus Stations","title":"Bus Station","type":1,"offersCount":0},{"id":"030","service":"NearMe","advKey":"1bbc3a0cb9a949568ce5223ea58075bf","skin":null,"enabled":true,"iconUrl":null,"isPremium":false,"thumbImgUrl":null,"pluralTitle":"Adult Shops","queryStr":"Adult Shops","title":"Adult Shop","type":1,"offersCount":0},{"id":"031","service":"NearMe","advKey":"14f244380b1648bb893cc0676fbd7ac6","skin":null,"enabled":true,"iconUrl":null,"isPremium":false,"thumbImgUrl":null,"pluralTitle":"Shopping Centres","queryStr":"Shopping Centres","title":"Shopping Centre","type":1,"offersCount":0},{"id":"032","service":"NearMe","advKey":"97ef5837db774a7eb7b6563ac605e78b","skin":null,"enabled":true,"iconUrl":null,"isPremium":false,"thumbImgUrl":null,"pluralTitle":"Theatres","queryStr":"Theatres","title":"Theatre","type":1,"offersCount":0},{"id":"033","service":"NearMe","advKey":"1016154c234f43f0a1554c30eaa0894f","skin":null,"enabled":true,"iconUrl":null,"isPremium":false,"thumbImgUrl":null,"pluralTitle":"Tobacconists","queryStr":"Tobacconists","title":"Tobacconist","type":1,"offersCount":0},{"id":"034","service":"NearMe","advKey":"ea090881941a4830a5ea55d1c763c165","skin":null,"enabled":true,"iconUrl":null,"isPremium":false,"thumbImgUrl":null,"pluralTitle":"Tourism Centres","queryStr":"Tourism Centres","title":"Tourism Centre","type":1,"offersCount":0},{"id":"035","service":"NearMe","advKey":"1a336c9ecc8c48debcb0082a418983cd","skin":null,"enabled":true,"iconUrl":null,"isPremium":false,"thumbImgUrl":null,"pluralTitle":"Train Stations","queryStr":"Train Stations","title":"Train Station","type":1,"offersCount":0},{"id":"036","service":"NearMe","advKey":"e4bf4d665d934524b0e44ba3ac5bd576","skin":null,"enabled":true,"iconUrl":null,"isPremium":false,"thumbImgUrl":null,"pluralTitle":"Travel Agencies","queryStr":"Travel Agencies","title":"Travel Agency","type":1,"offersCount":3},{"id":"037","service":"NearMe","advKey":"e6ae7bf9fc39445f8631fc87e851d8d9","skin":null,"enabled":true,"iconUrl":null,"isPremium":false,"thumbImgUrl":null,"pluralTitle":"Bags & Luggage Shops","queryStr":"Bags Luggage Shops","title":"Bags & Luggage Shop","type":1,"offersCount":5},{"id":"038","service":"NearMe","advKey":"b1786427049d467689735e603db44366","skin":null,"enabled":true,"iconUrl":null,"isPremium":false,"thumbImgUrl":null,"pluralTitle":"Bakeries","queryStr":"Bakeries","title":"Bakery","type":1,"offersCount":9},{"id":"039","service":"NearMe","advKey":"d2ab7f67281949d59c0a973df5deabf2","skin":null,"enabled":true,"iconUrl":null,"isPremium":false,"thumbImgUrl":null,"pluralTitle":"Bike Shops","queryStr":"Bike Shops","title":"Bike Shop","type":1,"offersCount":0},{"id":"040","service":"NearMe","advKey":"69cd3c1b0b8f40578cafcd45a8b63325","skin":null,"enabled":true,"iconUrl":null,"isPremium":false,"thumbImgUrl":null,"pluralTitle":"Candy Shops","queryStr":"Candy Shops","title":"Candy Shop","type":1,"offersCount":6},{"id":"041","service":"NearMe","advKey":"55a8202d7f014e34a058f812cf61043a","skin":null,"enabled":true,"iconUrl":null,"isPremium":false,"thumbImgUrl":null,"pluralTitle":"Colleges & Universities","queryStr":"Colleges Universities","title":"College & University","type":1,"offersCount":1},{"id":"042","service":"NearMe","advKey":"0ad422929e9c412e88e98cf84f3183b9","skin":null,"enabled":true,"iconUrl":null,"isPremium":false,"thumbImgUrl":null,"pluralTitle":"Fast Foods","queryStr":"Fast Foods","title":"Fast Food","type":1,"offersCount":5},{"id":"043","service":"NearMe","advKey":"9d8a2e26494d402ab20598320a8507aa","skin":null,"enabled":true,"iconUrl":null,"isPremium":false,"thumbImgUrl":null,"pluralTitle":"Flower Shops","queryStr":"Flower Shops","title":"Flower Shop","type":1,"offersCount":11},{"id":"044","service":"NearMe","advKey":"4671b96a3a4c4493acb3fc5c2bf76cf5","skin":null,"enabled":true,"iconUrl":null,"isPremium":false,"thumbImgUrl":null,"pluralTitle":"DVD, Music & Games","queryStr":"DVD Music Games","title":"DVD, Music & Game","type":1,"offersCount":0},{"id":"045","service":"NearMe","advKey":"00780bbea99d4ab0a57a77e64f06bab7","skin":null,"enabled":true,"iconUrl":null,"isPremium":false,"thumbImgUrl":null,"pluralTitle":"Jewellery","queryStr":"Jewellery Watches Clocks","title":"Jewellery","type":1,"offersCount":0},{"id":"046","service":"NearMe","advKey":"1f33ebee1c354e69ae489868ca117b00","skin":null,"enabled":true,"iconUrl":null,"isPremium":false,"thumbImgUrl":null,"pluralTitle":"Ticketing Boots","queryStr":"Ticketing Boots","title":"Ticketing Boot","type":1,"offersCount":0},{"id":"047","service":"NearMe","advKey":"8a404a28c43e419aad9c6dab9a3fff7e","skin":null,"enabled":true,"iconUrl":null,"isPremium":false,"thumbImgUrl":null,"pluralTitle":"Computer Shops","queryStr":"Computer Shops","title":"Computer Shop","type":1,"offersCount":0},{"id":"048","service":"NearMe","advKey":"2d61c2b5af75428f81eafc3b70188993","skin":null,"enabled":true,"iconUrl":null,"isPremium":false,"thumbImgUrl":null,"pluralTitle":"Mobile Phones","queryStr":"Mobile Phones","title":"Mobile Phone","type":1,"offersCount":0},{"id":"049","service":"NearMe","advKey":"9d306da171384deeb2a3e68dcd958026","skin":null,"enabled":true,"iconUrl":null,"isPremium":false,"thumbImgUrl":null,"pluralTitle":"Bingo Halls","queryStr":"Bingo Halls","title":"Bingo Hall","type":1,"offersCount":0},{"id":"050","service":"NearMe","advKey":"ff5d7cb7c7f245079f6ef9e730ca3b39","skin":null,"enabled":true,"iconUrl":null,"isPremium":false,"thumbImgUrl":null,"pluralTitle":"Photograpy Shops","queryStr":"Photograpy Shops","title":"Photograpy Shop","type":1,"offersCount":0},{"id":"052","service":"NearMe","advKey":"14d6f904c73c42e4a7275e6a0d7b23de","skin":null,"enabled":true,"iconUrl":null,"isPremium":false,"thumbImgUrl":null,"pluralTitle":"Eyewear & Opticians","queryStr":"Eyewear & Opticians","title":"Eyewear & Optician","type":1,"offersCount":14},{"id":"053","service":"NearMe","advKey":"a80490580ecc4d3b8f70a8dc79ea7066","skin":null,"enabled":true,"iconUrl":null,"isPremium":false,"thumbImgUrl":null,"pluralTitle":"DIY & Hardware Stores","queryStr":"DIY Hardware Stores","title":"DIY & Hardware Store","type":1,"offersCount":0},{"id":"054","service":"NearMe","advKey":"5745f622b7374b0e89ca98b84e0f8dc3","skin":null,"enabled":true,"iconUrl":null,"isPremium":false,"thumbImgUrl":null,"pluralTitle":"Furniture Shops","queryStr":"Furniture Shops","title":"Furniture Shop","type":1,"offersCount":7},{"id":"055","service":"NearMe","advKey":"a71b8a4b19c544179e3a6160fd3c73b8","skin":null,"enabled":true,"iconUrl":null,"isPremium":false,"thumbImgUrl":null,"pluralTitle":"Cards & Stationery","queryStr":"Cards Stationery","title":"Card & Stationery","type":1,"offersCount":3},{"id":"103","service":"NearMe","advKey":"8024401393a64fd98c43835d4f60ff67","skin":null,"enabled":true,"iconUrl":null,"isPremium":false,"thumbImgUrl":null,"pluralTitle":"Attractions","queryStr":"Attractions","title":"Attraction","type":1,"offersCount":0},{"id":"106","service":"NearMe","advKey":"476d240b303c453b9f5c66e9a9b769b0","skin":null,"enabled":true,"iconUrl":null,"isPremium":false,"thumbImgUrl":null,"pluralTitle":"Charity Shops","queryStr":"Charity Shops","title":"Charity Shop","type":1,"offersCount":0},{"id":"107","service":"NearMe","advKey":"32e0b26d16f14f1e8fee673035d110f8","skin":null,"enabled":true,"iconUrl":null,"isPremium":false,"thumbImgUrl":null,"pluralTitle":"Locksmiths","queryStr":"Locksmiths","title":"Locksmith","type":1,"offersCount":0}],"count":37}}