{"meta":{"code":200},"response":{"categories":[{"id":"301","service":"NearMe","advKey":"2fbfd81005dd426188ddcf7a56a5e4c3","skin":{"brandColor":null,"footerText":"© Everything Everywhere 2011","headerImgUrl":"http://www.getnearme.com/data/categories/2012/05/301/Header_Orange.png","headerBtnUrl":"http://shop.orange.co.uk/","highlightColor":null,"offersIconUrl":null,"subtitleColor":null,"titleColor":null},"enabled":true,"iconUrl":"http://www.getnearme.com/data/categories/2012/05/301/Orange.png","isPremium":false,"thumbImgUrl":"http://www.getnearme.com/data/categories/2012/05/301/Thumb_Orange.png","pluralTitle":"Orange","queryStr":"Orange","title":"Orange","type":4,"offersCount":0},{"id":"302","service":"NearMe","advKey":"2fbfd81005dd426188ddcf7a56a5e4c3","skin":{"brandColor":null,"footerText":"© Everything Everywhere 2011","headerImgUrl":"http://www.getnearme.com/data/categories/2012/05/302/Header_T-Mobile.png","headerBtnUrl":"http://www.t-mobile-favourites.co.uk/","highlightColor":null,"offersIconUrl":null,"subtitleColor":null,"titleColor":null},"enabled":true,"iconUrl":"http://www.getnearme.com/data/categories/2012/05/302/T-Mobile.png","isPremium":false,"thumbImgUrl":"http://www.getnearme.com/data/categories/2012/05/302/Thumb_T-Mobile.png","pluralTitle":"T-Mobile","queryStr":"T-Mobile","title":"T-Mobile","type":4,"offersCount":0},{"id":"304","service":"NearMe","advKey":"605ed3dd66784ac59f8d58f7bafc5101","skin":{"brandColor":null,"footerText":"© Copyright Tesco 2011","headerImgUrl":"http://www.getnearme.com/data/categories/2012/05/304/Header_Tesco.png","headerBtnUrl":"http://m.tesco.com/mt/www.tesco.com","highlightColor":null,"offersIconUrl":null,"subtitleColor":null,"titleColor":null},"enabled":true,"iconUrl":"http://www.getnearme.com/data/categories/2012/05/304/Tesco.png","isPremium":true,"thumbImgUrl":"http://www.getnearme.com/data/categories/2012/05/304/Thumb_Tesco.png","pluralTitle":"Tesco","queryStr":"Tesco","title":"Tesco","type":4,"offersCount":0},{"id":"305","service":"NearMe","advKey":"2fbfd81005dd426188ddcf7a56a5e4c3","skin":{"brandColor":null,"footerText":"© Copyright ASDA 2011","headerImgUrl":"http://www.getnearme.com/data/categories/2012/05/305/Header_Asda.png","headerBtnUrl":"http://direct.asda.com/","highlightColor":null,"offersIconUrl":null,"subtitleColor":null,"titleColor":null},"enabled":true,"iconUrl":"http://www.getnearme.com/data/categories/2012/05/305/Asda.png","isPremium":false,"thumbImgUrl":"http://www.getnearme.com/data/categories/2012/05/305/Thumb_Asda.png","pluralTitle":"Asda","queryStr":"Asda","title":"Asda","type":4,"offersCount":0},{"id":"306","service":"NearMe","advKey":"2fbfd81005dd426188ddcf7a56a5e4c3","skin":{"brandColor":null,"footerText":"© Copyright Fullers 2011","headerImgUrl":"http://www.getnearme.com/data/categories/2012/05/306/Header_Fullers.png","headerBtnUrl":"http://www.fullers.co.uk/","highlightColor":null,"offersIconUrl":null,"subtitleColor":null,"titleColor":null},"enabled":true,"iconUrl":"http://www.getnearme.com/data/categories/2012/05/306/Fullers.png","isPremium":false,"thumbImgUrl":"http://www.getnearme.com/data/categories/2012/05/306/Thumb_Fullers.png","pluralTitle":"Fullers","queryStr":"Fullers","title":"Fullers","type":4,"offersCount":0},{"id":"307","service":"NearMe","advKey":"2fbfd81005dd426188ddcf7a56a5e4c3","skin":{"brandColor":null,"footerText":"© Copyright French Connection 2011","headerImgUrl":"http://www.getnearme.com/data/categories/2012/05/307/Header_French-Connection.png","headerBtnUrl":"http://www.frenchconnection.com/","highlightColor":null,"offersIconUrl":null,"subtitleColor":null,"titleColor":null},"enabled":true,"iconUrl":"http://www.getnearme.com/data/categories/2012/05/307/French-Connection.png","isPremium":false,"thumbImgUrl":"http://www.getnearme.com/data/categories/2012/05/307/Thumb_French-Connection.png","pluralTitle":"French Connection","queryStr":"French Connection","title":"French Connection","type":4,"offersCount":0},{"id":"308","service":"NearMe","advKey":"2fbfd81005dd426188ddcf7a56a5e4c3","skin":{"brandColor":null,"footerText":"© Copyright B&Q 2011","headerImgUrl":"http://www.getnearme.com/data/categories/2012/05/308/Header_B_Q.png","headerBtnUrl":"http://www.diy.com/","highlightColor":null,"offersIconUrl":null,"subtitleColor":null,"titleColor":null},"enabled":true,"iconUrl":"http://www.getnearme.com/data/categories/2012/05/308/B_Q.png","isPremium":false,"thumbImgUrl":"http://www.getnearme.com/data/categories/2012/05/308/Thumb_B_Q.png","pluralTitle":"B&Q","queryStr":"B&Q","title":"B&Q","type":4,"offersCount":0},{"id":"309","service":"NearMe","advKey":"2fbfd81005dd426188ddcf7a56a5e4c3","skin":{"brandColor":null,"footerText":"© Copyright Giraffe 2011","headerImgUrl":"http://www.getnearme.com/data/categories/2012/05/309/Header_Giraffe.png","headerBtnUrl":"http://www.giraffe.net/","highlightColor":null,"offersIconUrl":null,"subtitleColor":null,"titleColor":null},"enabled":true,"iconUrl":"http://www.getnearme.com/data/categories/2012/05/309/Giraffe.png","isPremium":false,"thumbImgUrl":"http://www.getnearme.com/data/categories/2012/05/309/Thumb_Giraffe.png","pluralTitle":"Giraffe","queryStr":"Giraffe","title":"Giraffe","type":4,"offersCount":0},{"id":"310","service":"NearMe","advKey":"2fbfd81005dd426188ddcf7a56a5e4c3","skin":{"brandColor":null,"footerText":"© Young & Co.'s Brewery 2011","headerImgUrl":"http://www.getnearme.com/data/categories/2012/05/310/Header_Youngs.png","headerBtnUrl":"http://www.youngs.co.uk/","highlightColor":null,"offersIconUrl":null,"subtitleColor":null,"titleColor":null},"enabled":true,"iconUrl":"http://www.getnearme.com/data/categories/2012/05/310/Youngs.png","isPremium":false,"thumbImgUrl":"http://www.getnearme.com/data/categories/2012/05/310/Thumb_Youngs.png","pluralTitle":"Youngs","queryStr":"Youngs","title":"Youngs","type":4,"offersCount":0},{"id":"311","service":"NearMe","advKey":"2fbfd81005dd426188ddcf7a56a5e4c3","skin":{"brandColor":null,"footerText":"© Copyright Screwfix 2011","headerImgUrl":"http://www.getnearme.com/data/categories/2012/05/311/Header_Screwfix.png","headerBtnUrl":"http://www.screwfix.com/","highlightColor":null,"offersIconUrl":null,"subtitleColor":null,"titleColor":null},"enabled":true,"iconUrl":"http://www.getnearme.com/data/categories/2012/05/311/Screwfix.png","isPremium":false,"thumbImgUrl":"http://www.getnearme.com/data/categories/2012/05/311/Thumb_Screwfix.png","pluralTitle":"Screwfix","queryStr":"Screwfix","title":"Screwfix","type":4,"offersCount":0},{"id":"312","service":"NearMe","advKey":"2fbfd81005dd426188ddcf7a56a5e4c3","skin":{"brandColor":null,"footerText":"© Copyright Debenhams Retail plc 2001 - 2012","headerImgUrl":"http://www.getnearme.com/data/categories/2012/05/312/Header_Debenhams.png","headerBtnUrl":"http://www.debenhams.com/","highlightColor":null,"offersIconUrl":null,"subtitleColor":null,"titleColor":null},"enabled":true,"iconUrl":"http://www.getnearme.com/data/categories/2012/05/312/Debenhams.png","isPremium":false,"thumbImgUrl":"http://www.getnearme.com/data/categories/2012/05/312/Thumb_Debenhams.png","pluralTitle":"Debenhams","queryStr":"Debenhams","title":"Debenhams","type":4,"offersCount":0},{"id":"313","service":"NearMe","advKey":"d8cc1f976f3f4625985a69b815bf89fd","skin":{"brandColor":null,"footerText":"® 2011 Pizza Hut UK Ltd.","headerImgUrl":"http://www.getnearme.com/data/categories/2012/05/313/Header_Pizza-Hut.png","headerBtnUrl":"http://www.pizzahut.co.uk/restaurants/special-five.aspx","highlightColor":null,"offersIconUrl":null,"subtitleColor":null,"titleColor":null},"enabled":true,"iconUrl":"http://www.getnearme.com/data/categories/2012/05/313/Pizza-Hut.png","isPremium":true,"thumbImgUrl":"http://www.getnearme.com/data/categories/2012/05/313/Thumb_Pizza-Hut.png","pluralTitle":"Pizza Hut","queryStr":"Pizza Hut","title":"Pizza Hut","type":4,"offersCount":0},{"id":"314","service":"NearMe","advKey":"2fbfd81005dd426188ddcf7a56a5e4c3","skin":{"brandColor":null,"footerText":"© 2012 The Body Shop International plc.","headerImgUrl":"http://www.getnearme.com/data/categories/2012/05/314/Header_Body-Shop.png","headerBtnUrl":"http://www.thebodyshop.co.uk/","highlightColor":null,"offersIconUrl":null,"subtitleColor":null,"titleColor":null},"enabled":true,"iconUrl":"http://www.getnearme.com/data/categories/2012/05/314/Body-Shop.png","isPremium":false,"thumbImgUrl":"http://www.getnearme.com/data/categories/2012/05/314/Thumb_Body-Shop.png","pluralTitle":"The Body Shop","queryStr":"The Body Shop","title":"The Body Shop","type":4,"offersCount":0},{"id":"315","service":"NearMe","advKey":"2fbfd81005dd426188ddcf7a56a5e4c3","skin":{"brandColor":null,"footerText":"© 2011 Geronimo Inns","headerImgUrl":"http://www.getnearme.com/data/categories/2012/05/315/Header_Geronimo-Inns.png","headerBtnUrl":"http://www.geronimo-inns.co.uk/","highlightColor":null,"offersIconUrl":null,"subtitleColor":null,"titleColor":null},"enabled":true,"iconUrl":"http://www.getnearme.com/data/categories/2012/05/315/Geronimo-Inns.png","isPremium":false,"thumbImgUrl":"http://www.getnearme.com/data/categories/2012/05/315/Thumb_Geronimo-Inns.png","pluralTitle":"Geronimo Inns","queryStr":"Geronimo Inns","title":"Geronimo Inns","type":4,"offersCount":0},{"id":"316","service":"NearMe","advKey":"81cdc7fcb73247a9907654d5a003c63a","skin":{"brandColor":null,"footerText":null,"headerImgUrl":"http://www.getnearme.com/data/categories/2012/05/316/Header_Currys.png","headerBtnUrl":"http://www.currys.co.uk/gbuk/index.html","highlightColor":null,"offersIconUrl":null,"subtitleColor":null,"titleColor":null},"enabled":true,"iconUrl":"http://www.getnearme.com/data/categories/2012/05/316/Currys.png","isPremium":false,"thumbImgUrl":"http://www.getnearme.com/data/categories/2012/05/316/Thumb_Currys_PC-World.png","pluralTitle":"Currys - PC World","queryStr":"Currys - PC World","title":"Currys - PC World","type":4,"offersCount":0},{"id":"319","service":"NearMe","advKey":"2fbfd81005dd426188ddcf7a56a5e4c3","skin":{"brandColor":null,"footerText":null,"headerImgUrl":"http://www.getnearme.com/data/categories/2012/05/319/Header_Phones-4u.png","headerBtnUrl":"http://m.phones4u.co.uk/","highlightColor":null,"offersIconUrl":null,"subtitleColor":null,"titleColor":null},"enabled":true,"iconUrl":"http://www.getnearme.com/data/categories/2012/05/319/Phones-4u.png","isPremium":false,"thumbImgUrl":"http://www.getnearme.com/data/categories/2012/05/319/Thumb_Phones-4u.png","pluralTitle":"Phones 4u","queryStr":"Phones 4u","title":"Phones 4u","type":4,"offersCount":0},{"id":"321","service":"NearMe","advKey":"5b2471a41c3c4e8d93ebd1cfdd67bcc3","skin":{"brandColor":null,"footerText":"© Barclays Bank PLC.","headerImgUrl":"http://www.getnearme.com/data/categories/2012/05/321/Header_Barclays.png","headerBtnUrl":"http://m.barclays.com/","highlightColor":null,"offersIconUrl":null,"subtitleColor":null,"titleColor":null},"enabled":true,"iconUrl":"http://www.getnearme.com/data/categories/2012/05/321/Barclays.png","isPremium":false,"thumbImgUrl":"http://www.getnearme.com/data/categories/2012/05/321/Thumb_Barclays.png","pluralTitle":"Barclays","queryStr":"Barclays","title":"Barclays","type":4,"offersCount":0},{"id":"322","service":"NearMe","advKey":"0e37020cd2534493a1ab1b4099071a5a","skin":{"brandColor":null,"footerText":null,"headerImgUrl":"http://www.getnearme.com/data/categories/2012/05/322/Header_One-Stop.png","headerBtnUrl":null,"highlightColor":null,"offersIconUrl":null,"subtitleColor":null,"titleColor":null},"enabled":true,"iconUrl":"http://www.getnearme.com/data/categories/2012/05/322/One-Stop.png","isPremium":false,"thumbImgUrl":"http://www.getnearme.com/data/categories/2012/05/322/Thumb_One-Stop.png","pluralTitle":"One Stop","queryStr":"One Stop","title":"One Stop","type":4,"offersCount":0},{"id":"326","service":"NearMe","advKey":null,"skin":{"brandColor":null,"footerText":null,"headerImgUrl":"http://www.getnearme.com/data/categories/2012/05/326/Header_Greggs.png","headerBtnUrl":null,"highlightColor":null,"offersIconUrl":null,"subtitleColor":null,"titleColor":null},"enabled":true,"iconUrl":"http://www.getnearme.com/data/categories/2012/05/326/Greggs.png","isPremium":false,"thumbImgUrl":"http://www.getnearme.com/data/categories/2012/05/326/Thumb_Greggs.png","pluralTitle":"Greggs","queryStr":"Greggs","title":"Greggs","type":4,"offersCount":0},{"id":"330","service":"NearMe","advKey":"dc59f46d03214f77ad08dee301b34d2b","skin":{"brandColor":null,"footerText":"Snappy Snaps Franchises Ltd ©2012","headerImgUrl":"http://www.getnearme.com/data/categories/2012/05/330/Header_Snappy-Snaps.png","headerBtnUrl":"http://www.snappysnaps.co.uk/","highlightColor":null,"offersIconUrl":null,"subtitleColor":null,"titleColor":null},"enabled":true,"iconUrl":"http://www.getnearme.com/data/categories/2012/05/330/Snappy-Snaps.png","isPremium":false,"thumbImgUrl":"http://www.getnearme.com/data/categories/2012/05/330/Thumb_Snappy-Snaps.png","pluralTitle":"Snappy Snaps","queryStr":"Snappy Snaps","title":"Snappy Snaps","type":4,"offersCount":0}],"count":20}}