{"meta":{"code":200},"response":{"categories":[{"id":"001","service":"NearMe","advKey":"9739db5f8f5349b5b8cda4040edf7411","skin":null,"enabled":true,"iconUrl":null,"isPremium":false,"thumbImgUrl":null,"pluralTitle":"Banks & ATMs","queryStr":"Banks","title":"Bank & ATM","type":0,"offersCount":0},{"id":"002","service":"NearMe","advKey":"b5ff7503d825433093ef1fada8c59f03","skin":null,"enabled":true,"iconUrl":null,"isPremium":false,"thumbImgUrl":null,"pluralTitle":"Beauty Products","queryStr":"Beauty Cosmetics","title":"Beauty Product","type":0,"offersCount":1},{"id":"003","service":"NearMe","advKey":"5c8d3d73c578426ca02a51db541f737f","skin":null,"enabled":true,"iconUrl":null,"isPremium":false,"thumbImgUrl":null,"pluralTitle":"Book Shops","queryStr":"Book Shops","title":"Book Shop","type":0,"offersCount":5},{"id":"004","service":"NearMe","advKey":"bbd04e44c01f446ba1628e8216f9bce9","skin":null,"enabled":true,"iconUrl":null,"isPremium":false,"thumbImgUrl":null,"pluralTitle":"Cinemas","queryStr":"Cinema","title":"Cinema","type":0,"offersCount":0},{"id":"005","service":"NearMe","advKey":"afaa696d1d80466f8c7b32c49f59f20d","skin":null,"enabled":true,"iconUrl":null,"isPremium":false,"thumbImgUrl":null,"pluralTitle":"Coffee Shops","queryStr":"Coffee Shops","title":"Coffee Shop","type":0,"offersCount":28},{"id":"006","service":"NearMe","advKey":"44d5fb04142b40528023f6643443260b","skin":null,"enabled":true,"iconUrl":null,"isPremium":false,"thumbImgUrl":null,"pluralTitle":"Hospitals","queryStr":"Hospitals","title":"Hospital","type":0,"offersCount":0},{"id":"007","service":"NearMe","advKey":"cd8259ebc3b04430aef6562fbbb8956b","skin":null,"enabled":true,"iconUrl":null,"isPremium":false,"thumbImgUrl":null,"pluralTitle":"Hotels","queryStr":"Hotels","title":"Hotel","type":0,"offersCount":3},{"id":"008","service":"NearMe","advKey":"dfd48f11d4fe4451b6b8072ad4f9b460","skin":null,"enabled":true,"iconUrl":null,"isPremium":false,"thumbImgUrl":null,"pluralTitle":"Night Clubs","queryStr":"Night Clubs","title":"Night Club","type":0,"offersCount":0},{"id":"009","service":"NearMe","advKey":"adb960e1a7f840f7bb40f7d6cf78d597","skin":null,"enabled":true,"iconUrl":null,"isPremium":false,"thumbImgUrl":null,"pluralTitle":"Parking","queryStr":"Parking","title":"Parking","type":0,"offersCount":0},{"id":"010","service":"NearMe","advKey":"0f99e0d07f394db096c20178ebf94b04","skin":null,"enabled":true,"iconUrl":null,"isPremium":false,"thumbImgUrl":null,"pluralTitle":"Petrol Stations","queryStr":"Petrol Stations","title":"Petrol Station","type":0,"offersCount":0},{"id":"011","service":"NearMe","advKey":"c3a04ad26c3e46ae9fbf5080048644ac","skin":null,"enabled":true,"iconUrl":null,"isPremium":false,"thumbImgUrl":null,"pluralTitle":"Pharmacies","queryStr":"Pharmacies","title":"Pharmacy","type":0,"offersCount":29},{"id":"012","service":"NearMe","advKey":"75484ddd3545486185b8efb37dc74590","skin":null,"enabled":true,"iconUrl":null,"isPremium":false,"thumbImgUrl":null,"pluralTitle":"Pizza","queryStr":"Pizza","title":"Pizza","type":0,"offersCount":48},{"id":"013","service":"NearMe","advKey":"fe878109a5884f76aca019cf89bc9253","skin":null,"enabled":true,"iconUrl":null,"isPremium":false,"thumbImgUrl":null,"pluralTitle":"Pubs & Bars","queryStr":"Pubs Bars","title":"Pub & Bar","type":0,"offersCount":4},{"id":"014","service":"NearMe","advKey":"7fe775747d5a4b4391fe5f35af8513b5","skin":null,"enabled":true,"iconUrl":null,"isPremium":false,"thumbImgUrl":null,"pluralTitle":"Restaurants","queryStr":"Restaurants","title":"Restaurant","type":0,"offersCount":62},{"id":"015","service":"NearMe","advKey":"5298c8fab2124559b3100820fdfcdf66","skin":null,"enabled":true,"iconUrl":null,"isPremium":false,"thumbImgUrl":null,"pluralTitle":"SPAs & Salons","queryStr":"SPAs","title":"SPA & Salon","type":0,"offersCount":20},{"id":"016","service":"NearMe","advKey":"fdf8aaf1c93e4d1b8aa188d0d0d9e197","skin":null,"enabled":true,"iconUrl":null,"isPremium":false,"thumbImgUrl":null,"pluralTitle":"Supermarkets","queryStr":"Supermarkets","title":"Supermarket","type":0,"offersCount":8},{"id":"017","service":"NearMe","advKey":"dd5742d2540d4630979f3c49b9438f8a","skin":null,"enabled":true,"iconUrl":null,"isPremium":false,"thumbImgUrl":null,"pluralTitle":"Taxis","queryStr":"Taxis","title":"Taxi","type":0,"offersCount":0},{"id":"018","service":"NearMe","advKey":"374feadde20142b09289e3d5c3219432","skin":null,"enabled":true,"iconUrl":null,"isPremium":false,"thumbImgUrl":null,"pluralTitle":"Veterinaries","queryStr":"Veterinaries Vets","title":"Veterinary","type":0,"offersCount":0},{"id":"019","service":"NearMe","advKey":"d9abb88cac694d84995200cccfbc08a5","skin":null,"enabled":true,"iconUrl":null,"isPremium":false,"thumbImgUrl":null,"pluralTitle":"Hairdressers","queryStr":"Hairdressers","title":"Hairdresser","type":0,"offersCount":27},{"id":"022","service":"NearMe","advKey":"b443303026774cae9167d5cc5a5ceec6","skin":null,"enabled":true,"iconUrl":null,"isPremium":false,"thumbImgUrl":null,"pluralTitle":"Clothing Shops","queryStr":"Clothing","title":"Clothing Shop","type":0,"offersCount":25}],"count":20}}