{"meta":{"code":200},"response":{"categories":[{"id":"301","service":"NearMe","advKey":"2fbfd81005dd426188ddcf7a56a5e4c3","skin":{"brandColor":null,"footerText":"© Everything Everywhere 2011","headerImgUrl":"http://www.getnearme.com/data/categories/2012/05/301/Header_Orange.png","headerBtnUrl":"http://shop.orange.co.uk/","highlightColor":null,"offersIconUrl":null,"subtitleColor":null,"titleColor":null},"enabled":true,"iconUrl":"http://www.getnearme.com/data/categories/2012/05/301/Orange.png","isPremium":false,"thumbImgUrl":"http://www.getnearme.com/data/categories/2012/05/301/Thumb_Orange.png","pluralTitle":"Orange","queryStr":"Orange","title":"Orange","type":4,"offersCount":0},{"id":"302","service":"NearMe","advKey":"2fbfd81005dd426188ddcf7a56a5e4c3","skin":{"brandColor":null,"footerText":"© Everything Everywhere 2011","headerImgUrl":"http://www.getnearme.com/data/categories/2012/05/302/Header_T-Mobile.png","headerBtnUrl":"http://www.t-mobile-favourites.co.uk/","highlightColor":null,"offersIconUrl":null,"subtitleColor":null,"titleColor":null},"enabled":true,"iconUrl":"http://www.getnearme.com/data/categories/2012/05/302/T-Mobile.png","isPremium":false,"thumbImgUrl":"http://www.getnearme.com/data/categories/2012/05/302/Thumb_T-Mobile.png","pluralTitle":"T-Mobile","queryStr":"T-Mobile","title":"T-Mobile","type":4,"offersCount":0},{"id":"304","service":"NearMe","advKey":"605ed3dd66784ac59f8d58f7bafc5101","skin":{"brandColor":null,"footerText":"© Copyright Tesco 2011","headerImgUrl":"http://www.getnearme.com/data/categories/2012/05/304/Header_Tesco.png","headerBtnUrl":"http://m.tesco.com/mt/www.tesco.com","highlightColor":null,"offersIconUrl":null,"subtitleColor":null,"titleColor":null},"enabled":true,"iconUrl":"http://www.getnearme.com/data/categories/2012/05/304/Tesco.png","isPremium":true,"thumbImgUrl":"http://www.getnearme.com/data/categories/2012/05/304/Thumb_Tesco.png","pluralTitle":"Tesco","queryStr":"Tesco","title":"Tesco","type":4,"offersCount":0},{"id":"305","service":"NearMe","advKey":"2fbfd81005dd426188ddcf7a56a5e4c3","skin":{"brandColor":null,"footerText":"© Copyright ASDA 2011","headerImgUrl":"http://www.getnearme.com/data/categories/2012/05/305/Header_Asda.png","headerBtnUrl":"http://direct.asda.com/","highlightColor":null,"offersIconUrl":null,"subtitleColor":null,"titleColor":null},"enabled":true,"iconUrl":"http://www.getnearme.com/data/categories/2012/05/305/Asda.png","isPremium":false,"thumbImgUrl":"http://www.getnearme.com/data/categories/2012/05/305/Thumb_Asda.png","pluralTitle":"Asda","queryStr":"Asda","title":"Asda","type":4,"offersCount":0},{"id":"306","service":"NearMe","advKey":"2fbfd81005dd426188ddcf7a56a5e4c3","skin":{"brandColor":null,"footerText":"© Copyright Fullers 2011","headerImgUrl":"http://www.getnearme.com/data/categories/2012/05/306/Header_Fullers.png","headerBtnUrl":"http://www.fullers.co.uk/","highlightColor":null,"offersIconUrl":null,"subtitleColor":null,"titleColor":null},"enabled":true,"iconUrl":"http://www.getnearme.com/data/categories/2012/05/306/Fullers.png","isPremium":false,"thumbImgUrl":"http://www.getnearme.com/data/categories/2012/05/306/Thumb_Fullers.png","pluralTitle":"Fullers","queryStr":"Fullers","title":"Fullers","type":4,"offersCount":0},{"id":"307","service":"NearMe","advKey":"2fbfd81005dd426188ddcf7a56a5e4c3","skin":{"brandColor":null,"footerText":"© Copyright French Connection 2011","headerImgUrl":"http://www.getnearme.com/data/categories/2012/05/307/Header_French-Connection.png","headerBtnUrl":"http://www.frenchconnection.com/","highlightColor":null,"offersIconUrl":null,"subtitleColor":null,"titleColor":null},"enabled":true,"iconUrl":"http://www.getnearme.com/data/categories/2012/05/307/French-Connection.png","isPremium":false,"thumbImgUrl":"http://www.getnearme.com/data/categories/2012/05/307/Thumb_French-Connection.png","pluralTitle":"French Connection","queryStr":"French Connection","title":"French Connection","type":4,"offersCount":0},{"id":"308","service":"NearMe","advKey":"2fbfd81005dd426188ddcf7a56a5e4c3","skin":{"brandColor":null,"footerText":"© Copyright B&Q 2011","headerImgUrl":"http://www.getnearme.com/data/categories/2012/05/308/Header_B_Q.png","headerBtnUrl":"http://www.diy.com/","highlightColor":null,"offersIconUrl":null,"subtitleColor":null,"titleColor":null},"enabled":true,"iconUrl":"http://www.getnearme.com/data/categories/2012/05/308/B_Q.png","isPremium":false,"thumbImgUrl":"http://www.getnearme.com/data/categories/2012/05/308/Thumb_B_Q.png","pluralTitle":"B&Q","queryStr":"B&Q","title":"B&Q","type":4,"offersCount":0},{"id":"309","service":"NearMe","advKey":"2fbfd81005dd426188ddcf7a56a5e4c3","skin":{"brandColor":null,"footerText":"© Copyright Giraffe 2011","headerImgUrl":"http://www.getnearme.com/data/categories/2012/05/309/Header_Giraffe.png","headerBtnUrl":"http://www.giraffe.net/","highlightColor":null,"offersIconUrl":null,"subtitleColor":null,"titleColor":null},"enabled":true,"iconUrl":"http://www.getnearme.com/data/categories/2012/05/309/Giraffe.png","isPremium":false,"thumbImgUrl":"http://www.getnearme.com/data/categories/2012/05/309/Thumb_Giraffe.png","pluralTitle":"Giraffe","queryStr":"Giraffe","title":"Giraffe","type":4,"offersCount":0},{"id":"310","service":"NearMe","advKey":"2fbfd81005dd426188ddcf7a56a5e4c3","skin":{"brandColor":null,"footerText":"© Young & Co.'s Brewery 2011","headerImgUrl":"http://www.getnearme.com/data/categories/2012/05/310/Header_Youngs.png","headerBtnUrl":"http://www.youngs.co.uk/","highlightColor":null,"offersIconUrl":null,"subtitleColor":null,"titleColor":null},"enabled":true,"iconUrl":"http://www.getnearme.com/data/categories/2012/05/310/Youngs.png","isPremium":false,"thumbImgUrl":"http://www.getnearme.com/data/categories/2012/05/310/Thumb_Youngs.png","pluralTitle":"Youngs","queryStr":"Youngs","title":"Youngs","type":4,"offersCount":0},{"id":"311","service":"NearMe","advKey":"2fbfd81005dd426188ddcf7a56a5e4c3","skin":{"brandColor":null,"footerText":"© Copyright Screwfix 2011","headerImgUrl":"http://www.getnearme.com/data/categories/2012/05/311/Header_Screwfix.png","headerBtnUrl":"http://www.screwfix.com/","highlightColor":null,"offersIconUrl":null,"subtitleColor":null,"titleColor":null},"enabled":true,"iconUrl":"http://www.getnearme.com/data/categories/2012/05/311/Screwfix.png","isPremium":false,"thumbImgUrl":"http://www.getnearme.com/data/categories/2012/05/311/Thumb_Screwfix.png","pluralTitle":"Screwfix","queryStr":"Screwfix","title":"Screwfix","type":4,"offersCount":0},{"id":"312","service":"NearMe","advKey":"2fbfd81005dd426188ddcf7a56a5e4c3","skin":{"brandColor":null,"footerText":"© Copyright Debenhams Retail plc 2001 - 2012","headerImgUrl":"http://www.getnearme.com/data/categories/2012/05/312/Header_Debenhams.png","headerBtnUrl":"http://www.debenhams.com/","highlightColor":null,"offersIconUrl":null,"subtitleColor":null,"titleColor":null},"enabled":true,"iconUrl":"http://www.getnearme.com/data/categories/2012/05/312/Debenhams.png","isPremium":false,"thumbImgUrl":"http://www.getnearme.com/data/categories/2012/05/312/Thumb_Debenhams.png","pluralTitle":"Debenhams","queryStr":"Debenhams","title":"Debenhams","type":4,"offersCount":0},{"id":"313","service":"NearMe","advKey":"d8cc1f976f3f4625985a69b815bf89fd","skin":{"brandColor":null,"footerText":"® 2011 Pizza Hut UK Ltd.","headerImgUrl":"http://www.getnearme.com/data/categories/2012/05/313/Header_Pizza-Hut.png","headerBtnUrl":"http://www.pizzahut.co.uk/restaurants/special-five.aspx","highlightColor":null,"offersIconUrl":null,"subtitleColor":null,"titleColor":null},"enabled":true,"iconUrl":"http://www.getnearme.com/data/categories/2012/05/313/Pizza-Hut.png","isPremium":true,"thumbImgUrl":"http://www.getnearme.com/data/categories/2012/05/313/Thumb_Pizza-Hut.png","pluralTitle":"Pizza Hut","queryStr":"Pizza Hut","title":"Pizza Hut","type":4,"offersCount":0},{"id":"314","service":"NearMe","advKey":"2fbfd81005dd426188ddcf7a56a5e4c3","skin":{"brandColor":null,"footerText":"© 2012 The Body Shop International plc.","headerImgUrl":"http://www.getnearme.com/data/categories/2012/05/314/Header_Body-Shop.png","headerBtnUrl":"http://www.thebodyshop.co.uk/","highlightColor":null,"offersIconUrl":null,"subtitleColor":null,"titleColor":null},"enabled":true,"iconUrl":"http://www.getnearme.com/data/categories/2012/05/314/Body-Shop.png","isPremium":false,"thumbImgUrl":"http://www.getnearme.com/data/categories/2012/05/314/Thumb_Body-Shop.png","pluralTitle":"The Body Shop","queryStr":"The Body Shop","title":"The Body Shop","type":4,"offersCount":0},{"id":"315","service":"NearMe","advKey":"2fbfd81005dd426188ddcf7a56a5e4c3","skin":{"brandColor":null,"footerText":"© 2011 Geronimo Inns","headerImgUrl":"http://www.getnearme.com/data/categories/2012/05/315/Header_Geronimo-Inns.png","headerBtnUrl":"http://www.geronimo-inns.co.uk/","highlightColor":null,"offersIconUrl":null,"subtitleColor":null,"titleColor":null},"enabled":true,"iconUrl":"http://www.getnearme.com/data/categories/2012/05/315/Geronimo-Inns.png","isPremium":false,"thumbImgUrl":"http://www.getnearme.com/data/categories/2012/05/315/Thumb_Geronimo-Inns.png","pluralTitle":"Geronimo Inns","queryStr":"Geronimo Inns","title":"Geronimo Inns","type":4,"offersCount":0},{"id":"316","service":"NearMe","advKey":"81cdc7fcb73247a9907654d5a003c63a","skin":{"brandColor":null,"footerText":null,"headerImgUrl":"http://www.getnearme.com/data/categories/2012/05/316/Header_Currys.png","headerBtnUrl":"http://www.currys.co.uk/gbuk/index.html","highlightColor":null,"offersIconUrl":null,"subtitleColor":null,"titleColor":null},"enabled":true,"iconUrl":"http://www.getnearme.com/data/categories/2012/05/316/Currys.png","isPremium":false,"thumbImgUrl":"http://www.getnearme.com/data/categories/2012/05/316/Thumb_Currys_PC-World.png","pluralTitle":"Currys - PC World","queryStr":"Currys - PC World","title":"Currys - PC World","type":4,"offersCount":0},{"id":"319","service":"NearMe","advKey":"2fbfd81005dd426188ddcf7a56a5e4c3","skin":{"brandColor":null,"footerText":null,"headerImgUrl":"http://www.getnearme.com/data/categories/2012/05/319/Header_Phones-4u.png","headerBtnUrl":"http://m.phones4u.co.uk/","highlightColor":null,"offersIconUrl":null,"subtitleColor":null,"titleColor":null},"enabled":true,"iconUrl":"http://www.getnearme.com/data/categories/2012/05/319/Phones-4u.png","isPremium":false,"thumbImgUrl":"http://www.getnearme.com/data/categories/2012/05/319/Thumb_Phones-4u.png","pluralTitle":"Phones 4u","queryStr":"Phones 4u","title":"Phones 4u","type":4,"offersCount":0},{"id":"321","service":"NearMe","advKey":"5b2471a41c3c4e8d93ebd1cfdd67bcc3","skin":{"brandColor":null,"footerText":"© Barclays Bank PLC.","headerImgUrl":"http://www.getnearme.com/data/categories/2012/05/321/Header_Barclays.png","headerBtnUrl":"http://m.barclays.com/","highlightColor":null,"offersIconUrl":null,"subtitleColor":null,"titleColor":null},"enabled":true,"iconUrl":"http://www.getnearme.com/data/categories/2012/05/321/Barclays.png","isPremium":false,"thumbImgUrl":"http://www.getnearme.com/data/categories/2012/05/321/Thumb_Barclays.png","pluralTitle":"Barclays","queryStr":"Barclays","title":"Barclays","type":4,"offersCount":0},{"id":"322","service":"NearMe","advKey":"0e37020cd2534493a1ab1b4099071a5a","skin":{"brandColor":null,"footerText":null,"headerImgUrl":"http://www.getnearme.com/data/categories/2012/05/322/Header_One-Stop.png","headerBtnUrl":null,"highlightColor":null,"offersIconUrl":null,"subtitleColor":null,"titleColor":null},"enabled":true,"iconUrl":"http://www.getnearme.com/data/categories/2012/05/322/One-Stop.png","isPremium":false,"thumbImgUrl":"http://www.getnearme.com/data/categories/2012/05/322/Thumb_One-Stop.png","pluralTitle":"One Stop","queryStr":"One Stop","title":"One Stop","type":4,"offersCount":0},{"id":"326","service":"NearMe","advKey":null,"skin":{"brandColor":null,"footerText":null,"headerImgUrl":"http://www.getnearme.com/data/categories/2012/05/326/Header_Greggs.png","headerBtnUrl":null,"highlightColor":null,"offersIconUrl":null,"subtitleColor":null,"titleColor":null},"enabled":true,"iconUrl":"http://www.getnearme.com/data/categories/2012/05/326/Greggs.png","isPremium":false,"thumbImgUrl":"http://www.getnearme.com/data/categories/2012/05/326/Thumb_Greggs.png","pluralTitle":"Greggs","queryStr":"Greggs","title":"Greggs","type":4,"offersCount":0},{"id":"001","service":"NearMe","advKey":"9739db5f8f5349b5b8cda4040edf7411","skin":null,"enabled":true,"iconUrl":null,"isPremium":false,"thumbImgUrl":null,"pluralTitle":"Banks & ATMs","queryStr":"Banks","title":"Bank & ATM","type":0,"offersCount":0},{"id":"002","service":"NearMe","advKey":"b5ff7503d825433093ef1fada8c59f03","skin":null,"enabled":true,"iconUrl":null,"isPremium":false,"thumbImgUrl":null,"pluralTitle":"Beauty Products","queryStr":"Beauty Cosmetics","title":"Beauty Product","type":0,"offersCount":1},{"id":"003","service":"NearMe","advKey":"5c8d3d73c578426ca02a51db541f737f","skin":null,"enabled":true,"iconUrl":null,"isPremium":false,"thumbImgUrl":null,"pluralTitle":"Book Shops","queryStr":"Book Shops","title":"Book Shop","type":0,"offersCount":5},{"id":"004","service":"NearMe","advKey":"bbd04e44c01f446ba1628e8216f9bce9","skin":null,"enabled":true,"iconUrl":null,"isPremium":false,"thumbImgUrl":null,"pluralTitle":"Cinemas","queryStr":"Cinema","title":"Cinema","type":0,"offersCount":0},{"id":"005","service":"NearMe","advKey":"afaa696d1d80466f8c7b32c49f59f20d","skin":null,"enabled":true,"iconUrl":null,"isPremium":false,"thumbImgUrl":null,"pluralTitle":"Coffee Shops","queryStr":"Coffee Shops","title":"Coffee Shop","type":0,"offersCount":28},{"id":"006","service":"NearMe","advKey":"44d5fb04142b40528023f6643443260b","skin":null,"enabled":true,"iconUrl":null,"isPremium":false,"thumbImgUrl":null,"pluralTitle":"Hospitals","queryStr":"Hospitals","title":"Hospital","type":0,"offersCount":0},{"id":"007","service":"NearMe","advKey":"cd8259ebc3b04430aef6562fbbb8956b","skin":null,"enabled":true,"iconUrl":null,"isPremium":false,"thumbImgUrl":null,"pluralTitle":"Hotels","queryStr":"Hotels","title":"Hotel","type":0,"offersCount":3},{"id":"008","service":"NearMe","advKey":"dfd48f11d4fe4451b6b8072ad4f9b460","skin":null,"enabled":true,"iconUrl":null,"isPremium":false,"thumbImgUrl":null,"pluralTitle":"Night Clubs","queryStr":"Night Clubs","title":"Night Club","type":0,"offersCount":0},{"id":"009","service":"NearMe","advKey":"adb960e1a7f840f7bb40f7d6cf78d597","skin":null,"enabled":true,"iconUrl":null,"isPremium":false,"thumbImgUrl":null,"pluralTitle":"Parking","queryStr":"Parking","title":"Parking","type":0,"offersCount":0},{"id":"010","service":"NearMe","advKey":"0f99e0d07f394db096c20178ebf94b04","skin":null,"enabled":true,"iconUrl":null,"isPremium":false,"thumbImgUrl":null,"pluralTitle":"Petrol Stations","queryStr":"Petrol Stations","title":"Petrol Station","type":0,"offersCount":0},{"id":"011","service":"NearMe","advKey":"c3a04ad26c3e46ae9fbf5080048644ac","skin":null,"enabled":true,"iconUrl":null,"isPremium":false,"thumbImgUrl":null,"pluralTitle":"Pharmacies","queryStr":"Pharmacies","title":"Pharmacy","type":0,"offersCount":29},{"id":"012","service":"NearMe","advKey":"75484ddd3545486185b8efb37dc74590","skin":null,"enabled":true,"iconUrl":null,"isPremium":false,"thumbImgUrl":null,"pluralTitle":"Pizza","queryStr":"Pizza","title":"Pizza","type":0,"offersCount":48},{"id":"013","service":"NearMe","advKey":"fe878109a5884f76aca019cf89bc9253","skin":null,"enabled":true,"iconUrl":null,"isPremium":false,"thumbImgUrl":null,"pluralTitle":"Pubs & Bars","queryStr":"Pubs Bars","title":"Pub & Bar","type":0,"offersCount":4},{"id":"014","service":"NearMe","advKey":"7fe775747d5a4b4391fe5f35af8513b5","skin":null,"enabled":true,"iconUrl":null,"isPremium":false,"thumbImgUrl":null,"pluralTitle":"Restaurants","queryStr":"Restaurants","title":"Restaurant","type":0,"offersCount":62},{"id":"015","service":"NearMe","advKey":"5298c8fab2124559b3100820fdfcdf66","skin":null,"enabled":true,"iconUrl":null,"isPremium":false,"thumbImgUrl":null,"pluralTitle":"SPAs & Salons","queryStr":"SPAs","title":"SPA & Salon","type":0,"offersCount":20},{"id":"016","service":"NearMe","advKey":"fdf8aaf1c93e4d1b8aa188d0d0d9e197","skin":null,"enabled":true,"iconUrl":null,"isPremium":false,"thumbImgUrl":null,"pluralTitle":"Supermarkets","queryStr":"Supermarkets","title":"Supermarket","type":0,"offersCount":8},{"id":"017","service":"NearMe","advKey":"dd5742d2540d4630979f3c49b9438f8a","skin":null,"enabled":true,"iconUrl":null,"isPremium":false,"thumbImgUrl":null,"pluralTitle":"Taxis","queryStr":"Taxis","title":"Taxi","type":0,"offersCount":0},{"id":"018","service":"NearMe","advKey":"374feadde20142b09289e3d5c3219432","skin":null,"enabled":true,"iconUrl":null,"isPremium":false,"thumbImgUrl":null,"pluralTitle":"Veterinaries","queryStr":"Veterinaries Vets","title":"Veterinary","type":0,"offersCount":0},{"id":"019","service":"NearMe","advKey":"d9abb88cac694d84995200cccfbc08a5","skin":null,"enabled":true,"iconUrl":null,"isPremium":false,"thumbImgUrl":null,"pluralTitle":"Hairdressers","queryStr":"Hairdressers","title":"Hairdresser","type":0,"offersCount":27},{"id":"020","service":"NearMe","advKey":"5c44bf2dda2143bcb26e1d159ea516fc","skin":null,"enabled":true,"iconUrl":null,"isPremium":false,"thumbImgUrl":null,"pluralTitle":"Shoe Shops","queryStr":"Shoe Shops","title":"Shoe Shop","type":1,"offersCount":12},{"id":"021","service":"NearMe","advKey":"b496679c7cb84b93b6b4abc6e92290a0","skin":null,"enabled":true,"iconUrl":null,"isPremium":false,"thumbImgUrl":null,"pluralTitle":"Post Offices","queryStr":"Post Offices","title":"Post Office","type":1,"offersCount":0},{"id":"022","service":"NearMe","advKey":"b443303026774cae9167d5cc5a5ceec6","skin":null,"enabled":true,"iconUrl":null,"isPremium":false,"thumbImgUrl":null,"pluralTitle":"Clothing Shops","queryStr":"Clothing","title":"Clothing Shop","type":0,"offersCount":25},{"id":"023","service":"NearMe","advKey":"3193f98880f6453e8e9e36dfbf9d04f0","skin":null,"enabled":true,"iconUrl":null,"isPremium":false,"thumbImgUrl":null,"pluralTitle":"Gyms","queryStr":"Gyms","title":"Gym","type":1,"offersCount":0},{"id":"024","service":"NearMe","advKey":"a04918a1a175424c8e1b4620fdccef5c","skin":null,"enabled":true,"iconUrl":null,"isPremium":false,"thumbImgUrl":null,"pluralTitle":"Auto Repairs","queryStr":"Auto Repairs","title":"Auto Repair","type":1,"offersCount":11},{"id":"025","service":"NearMe","advKey":"8179daa4bddb4962b842d1f5480fbc7e","skin":null,"enabled":true,"iconUrl":null,"isPremium":false,"thumbImgUrl":null,"pluralTitle":"Hostels & B&Bs","queryStr":"Hostels B&B","title":"Hostel & B&B","type":1,"offersCount":0},{"id":"026","service":"NearMe","advKey":"2c353ffca89f40a596e578425330a5b0","skin":null,"enabled":true,"iconUrl":null,"isPremium":false,"thumbImgUrl":null,"pluralTitle":"Internet Points","queryStr":"Internet Points","title":"Internet Point","type":1,"offersCount":0},{"id":"027","service":"NearMe","advKey":"a4af5c75d63646fe8bd22dce078f66cc","skin":null,"enabled":true,"iconUrl":null,"isPremium":false,"thumbImgUrl":null,"pluralTitle":"Museums","queryStr":"Museums","title":"Museum","type":1,"offersCount":0},{"id":"028","service":"NearMe","advKey":"728d7df2f80849a8a434fe410ac135fe","skin":null,"enabled":true,"iconUrl":null,"isPremium":false,"thumbImgUrl":null,"pluralTitle":"Pet Shops","queryStr":"Pet Shops","title":"Pet Shop","type":1,"offersCount":5},{"id":"029","service":"NearMe","advKey":"57844221f59a4e8fb7d6d66268915e49","skin":null,"enabled":true,"iconUrl":null,"isPremium":false,"thumbImgUrl":null,"pluralTitle":"Bus Stations","queryStr":"Bus Stations","title":"Bus Station","type":1,"offersCount":0},{"id":"030","service":"NearMe","advKey":"1bbc3a0cb9a949568ce5223ea58075bf","skin":null,"enabled":true,"iconUrl":null,"isPremium":false,"thumbImgUrl":null,"pluralTitle":"Adult Shops","queryStr":"Adult Shops","title":"Adult Shop","type":1,"offersCount":0},{"id":"031","service":"NearMe","advKey":"14f244380b1648bb893cc0676fbd7ac6","skin":null,"enabled":true,"iconUrl":null,"isPremium":false,"thumbImgUrl":null,"pluralTitle":"Shopping Centres","queryStr":"Shopping Centres","title":"Shopping Centre","type":1,"offersCount":0},{"id":"032","service":"NearMe","advKey":"97ef5837db774a7eb7b6563ac605e78b","skin":null,"enabled":true,"iconUrl":null,"isPremium":false,"thumbImgUrl":null,"pluralTitle":"Theatres","queryStr":"Theatres","title":"Theatre","type":1,"offersCount":0},{"id":"033","service":"NearMe","advKey":"1016154c234f43f0a1554c30eaa0894f","skin":null,"enabled":true,"iconUrl":null,"isPremium":false,"thumbImgUrl":null,"pluralTitle":"Tobacconists","queryStr":"Tobacconists","title":"Tobacconist","type":1,"offersCount":0},{"id":"034","service":"NearMe","advKey":"ea090881941a4830a5ea55d1c763c165","skin":null,"enabled":true,"iconUrl":null,"isPremium":false,"thumbImgUrl":null,"pluralTitle":"Tourism Centres","queryStr":"Tourism Centres","title":"Tourism Centre","type":1,"offersCount":0},{"id":"035","service":"NearMe","advKey":"1a336c9ecc8c48debcb0082a418983cd","skin":null,"enabled":true,"iconUrl":null,"isPremium":false,"thumbImgUrl":null,"pluralTitle":"Train Stations","queryStr":"Train Stations","title":"Train Station","type":1,"offersCount":0},{"id":"036","service":"NearMe","advKey":"e4bf4d665d934524b0e44ba3ac5bd576","skin":null,"enabled":true,"iconUrl":null,"isPremium":false,"thumbImgUrl":null,"pluralTitle":"Travel Agencies","queryStr":"Travel Agencies","title":"Travel Agency","type":1,"offersCount":3},{"id":"037","service":"NearMe","advKey":"e6ae7bf9fc39445f8631fc87e851d8d9","skin":null,"enabled":true,"iconUrl":null,"isPremium":false,"thumbImgUrl":null,"pluralTitle":"Bags & Luggage Shops","queryStr":"Bags Luggage Shops","title":"Bags & Luggage Shop","type":1,"offersCount":5},{"id":"038","service":"NearMe","advKey":"b1786427049d467689735e603db44366","skin":null,"enabled":true,"iconUrl":null,"isPremium":false,"thumbImgUrl":null,"pluralTitle":"Bakeries","queryStr":"Bakeries","title":"Bakery","type":1,"offersCount":9},{"id":"039","service":"NearMe","advKey":"d2ab7f67281949d59c0a973df5deabf2","skin":null,"enabled":true,"iconUrl":null,"isPremium":false,"thumbImgUrl":null,"pluralTitle":"Bike Shops","queryStr":"Bike Shops","title":"Bike Shop","type":1,"offersCount":0},{"id":"040","service":"NearMe","advKey":"69cd3c1b0b8f40578cafcd45a8b63325","skin":null,"enabled":true,"iconUrl":null,"isPremium":false,"thumbImgUrl":null,"pluralTitle":"Candy Shops","queryStr":"Candy Shops","title":"Candy Shop","type":1,"offersCount":6},{"id":"041","service":"NearMe","advKey":"55a8202d7f014e34a058f812cf61043a","skin":null,"enabled":true,"iconUrl":null,"isPremium":false,"thumbImgUrl":null,"pluralTitle":"Colleges & Universities","queryStr":"Colleges Universities","title":"College & University","type":1,"offersCount":1},{"id":"042","service":"NearMe","advKey":"0ad422929e9c412e88e98cf84f3183b9","skin":null,"enabled":true,"iconUrl":null,"isPremium":false,"thumbImgUrl":null,"pluralTitle":"Fast Foods","queryStr":"Fast Foods","title":"Fast Food","type":1,"offersCount":5},{"id":"043","service":"NearMe","advKey":"9d8a2e26494d402ab20598320a8507aa","skin":null,"enabled":true,"iconUrl":null,"isPremium":false,"thumbImgUrl":null,"pluralTitle":"Flower Shops","queryStr":"Flower Shops","title":"Flower Shop","type":1,"offersCount":11},{"id":"044","service":"NearMe","advKey":"4671b96a3a4c4493acb3fc5c2bf76cf5","skin":null,"enabled":true,"iconUrl":null,"isPremium":false,"thumbImgUrl":null,"pluralTitle":"DVD, Music & Games","queryStr":"DVD Music Games","title":"DVD, Music & Game","type":1,"offersCount":0},{"id":"045","service":"NearMe","advKey":"00780bbea99d4ab0a57a77e64f06bab7","skin":null,"enabled":true,"iconUrl":null,"isPremium":false,"thumbImgUrl":null,"pluralTitle":"Jewellery","queryStr":"Jewellery Watches Clocks","title":"Jewellery","type":1,"offersCount":0},{"id":"046","service":"NearMe","advKey":"1f33ebee1c354e69ae489868ca117b00","skin":null,"enabled":true,"iconUrl":null,"isPremium":false,"thumbImgUrl":null,"pluralTitle":"Ticketing Boots","queryStr":"Ticketing Boots","title":"Ticketing Boot","type":1,"offersCount":0},{"id":"047","service":"NearMe","advKey":"8a404a28c43e419aad9c6dab9a3fff7e","skin":null,"enabled":true,"iconUrl":null,"isPremium":false,"thumbImgUrl":null,"pluralTitle":"Computer Shops","queryStr":"Computer Shops","title":"Computer Shop","type":1,"offersCount":0},{"id":"048","service":"NearMe","advKey":"2d61c2b5af75428f81eafc3b70188993","skin":null,"enabled":true,"iconUrl":null,"isPremium":false,"thumbImgUrl":null,"pluralTitle":"Mobile Phones","queryStr":"Mobile Phones","title":"Mobile Phone","type":1,"offersCount":0},{"id":"049","service":"NearMe","advKey":"9d306da171384deeb2a3e68dcd958026","skin":null,"enabled":true,"iconUrl":null,"isPremium":false,"thumbImgUrl":null,"pluralTitle":"Bingo Halls","queryStr":"Bingo Halls","title":"Bingo Hall","type":1,"offersCount":0},{"id":"050","service":"NearMe","advKey":"ff5d7cb7c7f245079f6ef9e730ca3b39","skin":null,"enabled":true,"iconUrl":null,"isPremium":false,"thumbImgUrl":null,"pluralTitle":"Photograpy Shops","queryStr":"Photograpy Shops","title":"Photograpy Shop","type":1,"offersCount":0},{"id":"051","service":"NearMe","advKey":"a5cbc3506f6549df91c39ee55ddfa520","skin":null,"enabled":true,"iconUrl":null,"isPremium":false,"thumbImgUrl":null,"pluralTitle":"Wine Bars","queryStr":"Wine Bars","title":"Wine Bar","type":2,"offersCount":5},{"id":"052","service":"NearMe","advKey":"14d6f904c73c42e4a7275e6a0d7b23de","skin":null,"enabled":true,"iconUrl":null,"isPremium":false,"thumbImgUrl":null,"pluralTitle":"Eyewear & Opticians","queryStr":"Eyewear & Opticians","title":"Eyewear & Optician","type":1,"offersCount":14},{"id":"053","service":"NearMe","advKey":"a80490580ecc4d3b8f70a8dc79ea7066","skin":null,"enabled":true,"iconUrl":null,"isPremium":false,"thumbImgUrl":null,"pluralTitle":"DIY & Hardware Stores","queryStr":"DIY Hardware Stores","title":"DIY & Hardware Store","type":1,"offersCount":0},{"id":"054","service":"NearMe","advKey":"5745f622b7374b0e89ca98b84e0f8dc3","skin":null,"enabled":true,"iconUrl":null,"isPremium":false,"thumbImgUrl":null,"pluralTitle":"Furniture Shops","queryStr":"Furniture Shops","title":"Furniture Shop","type":1,"offersCount":7},{"id":"055","service":"NearMe","advKey":"a71b8a4b19c544179e3a6160fd3c73b8","skin":null,"enabled":true,"iconUrl":null,"isPremium":false,"thumbImgUrl":null,"pluralTitle":"Cards & Stationery","queryStr":"Cards Stationery","title":"Card & Stationery","type":1,"offersCount":3},{"id":"056","service":"NearMe","advKey":null,"skin":null,"enabled":true,"iconUrl":null,"isPremium":false,"thumbImgUrl":null,"pluralTitle":"Gardening","queryStr":"Gardening","title":"Gardening","type":2,"offersCount":3},{"id":"057","service":"NearMe","advKey":null,"skin":null,"enabled":true,"iconUrl":null,"isPremium":false,"thumbImgUrl":null,"pluralTitle":"Plumbers","queryStr":"Plumbers","title":"Plumber","type":2,"offersCount":0},{"id":"058","service":"NearMe","advKey":null,"skin":null,"enabled":true,"iconUrl":null,"isPremium":false,"thumbImgUrl":null,"pluralTitle":"Electricians","queryStr":"Electricians","title":"Electrician","type":2,"offersCount":0},{"id":"059","service":"NearMe","advKey":null,"skin":null,"enabled":true,"iconUrl":null,"isPremium":false,"thumbImgUrl":null,"pluralTitle":"Construction Supplies","queryStr":"Construction Supplies","title":"Construction Supply","type":2,"offersCount":0},{"id":"060","service":"NearMe","advKey":"83593d4f64b64dffa4566725a69e0003","skin":null,"enabled":true,"iconUrl":null,"isPremium":false,"thumbImgUrl":null,"pluralTitle":"Toy Shops","queryStr":"Toys","title":"Toy Shop","type":2,"offersCount":0},{"id":"103","service":"NearMe","advKey":"8024401393a64fd98c43835d4f60ff67","skin":null,"enabled":true,"iconUrl":null,"isPremium":false,"thumbImgUrl":null,"pluralTitle":"Attractions","queryStr":"Attractions","title":"Attraction","type":1,"offersCount":0},{"id":"104","service":"NearMe","advKey":"df56d1edaab84dc5bd67bc736a7819f0","skin":null,"enabled":true,"iconUrl":null,"isPremium":false,"thumbImgUrl":null,"pluralTitle":"Health Foods","queryStr":"Health Foods","title":"Health Food","type":2,"offersCount":10},{"id":"105","service":"NearMe","advKey":"79d76ef266144447835929473d6d5ecb","skin":null,"enabled":true,"iconUrl":null,"isPremium":false,"thumbImgUrl":null,"pluralTitle":"Schools & Kindergardens","queryStr":"Schools Kindergardens","title":"School & Kindergarden","type":2,"offersCount":0},{"id":"106","service":"NearMe","advKey":"476d240b303c453b9f5c66e9a9b769b0","skin":null,"enabled":true,"iconUrl":null,"isPremium":false,"thumbImgUrl":null,"pluralTitle":"Charity Shops","queryStr":"Charity Shops","title":"Charity Shop","type":1,"offersCount":0},{"id":"107","service":"NearMe","advKey":"32e0b26d16f14f1e8fee673035d110f8","skin":null,"enabled":true,"iconUrl":null,"isPremium":false,"thumbImgUrl":null,"pluralTitle":"Locksmiths","queryStr":"Locksmiths","title":"Locksmith","type":1,"offersCount":0},{"id":"061","service":"NearMe","advKey":null,"skin":null,"enabled":true,"iconUrl":null,"isPremium":false,"thumbImgUrl":null,"pluralTitle":"Farm Holidays","queryStr":"Farm Holidays","title":"Farm Holidays","type":2,"offersCount":0},{"id":"062","service":"NearMe","advKey":null,"skin":null,"enabled":true,"iconUrl":null,"isPremium":false,"thumbImgUrl":null,"pluralTitle":"Taverns","queryStr":"Taverns","title":"Taverns","type":2,"offersCount":15},{"id":"063","service":"NearMe","advKey":null,"skin":null,"enabled":true,"iconUrl":null,"isPremium":false,"thumbImgUrl":null,"pluralTitle":"Shoe Repairers","queryStr":"Shoe Repairers","title":"Shoe Repairers","type":2,"offersCount":0},{"id":"064","service":"NearMe","advKey":null,"skin":null,"enabled":true,"iconUrl":null,"isPremium":false,"thumbImgUrl":null,"pluralTitle":"Laundry / Dry Cleaners","queryStr":"Laundry / Dry Cleaners","title":"Laundry / Dry Cleaners","type":2,"offersCount":0},{"id":"065","service":"NearMe","advKey":null,"skin":{"brandColor":null,"footerText":null,"headerImgUrl":null,"headerBtnUrl":null,"highlightColor":null,"offersIconUrl":null,"subtitleColor":null,"titleColor":null},"enabled":true,"iconUrl":null,"isPremium":false,"thumbImgUrl":null,"pluralTitle":"Sports Shops","queryStr":"Sports Shop","title":"Sports Shop","type":2,"offersCount":12},{"id":"066","service":"NearMe","advKey":null,"skin":null,"enabled":true,"iconUrl":null,"isPremium":false,"thumbImgUrl":null,"pluralTitle":"Fishing and Hunting","queryStr":"Fishing and Hunting","title":"Fishing and Hunting","type":2,"offersCount":0},{"id":"067","service":"NearMe","advKey":null,"skin":null,"enabled":true,"iconUrl":null,"isPremium":false,"thumbImgUrl":null,"pluralTitle":"Butchers ","queryStr":"Butchers ","title":"Butchers ","type":2,"offersCount":4},{"id":"068","service":"NearMe","advKey":null,"skin":null,"enabled":true,"iconUrl":null,"isPremium":false,"thumbImgUrl":null,"pluralTitle":"Delicatessen","queryStr":"Delicatessen","title":"Delicatessen","type":2,"offersCount":13},{"id":"069","service":"NearMe","advKey":null,"skin":null,"enabled":true,"iconUrl":null,"isPremium":false,"thumbImgUrl":null,"pluralTitle":"Fish Shops","queryStr":"Fish shops","title":"Fish Shops","type":2,"offersCount":0},{"id":"070","service":"NearMe","advKey":null,"skin":null,"enabled":true,"iconUrl":null,"isPremium":false,"thumbImgUrl":null,"pluralTitle":"Gifts Shops","queryStr":"Gifts Shops","title":"Gifts Shops","type":2,"offersCount":1},{"id":"071","service":"NearMe","advKey":null,"skin":null,"enabled":true,"iconUrl":null,"isPremium":false,"thumbImgUrl":null,"pluralTitle":"Bingo Halls","queryStr":"Bingo Halls","title":"Bingo Halls","type":2,"offersCount":0},{"id":"072","service":"NearMe","advKey":null,"skin":null,"enabled":true,"iconUrl":null,"isPremium":false,"thumbImgUrl":null,"pluralTitle":"Idraulica","queryStr":"Idraulica","title":"Idraulica","type":2,"offersCount":0},{"id":"073","service":"NearMe","advKey":null,"skin":null,"enabled":true,"iconUrl":null,"isPremium":false,"thumbImgUrl":null,"pluralTitle":"Electrical Equipment","queryStr":"Electrical Equipment","title":"Electrical Equipment","type":2,"offersCount":0},{"id":"074","service":"NearMe","advKey":null,"skin":null,"enabled":true,"iconUrl":null,"isPremium":false,"thumbImgUrl":null,"pluralTitle":"Electronics & Appliances","queryStr":"Electronics Appliances","title":"Electronics & Appliances","type":2,"offersCount":0},{"id":"075","service":"NearMe","advKey":null,"skin":null,"enabled":true,"iconUrl":null,"isPremium":false,"thumbImgUrl":null,"pluralTitle":"Home Goods Store","queryStr":"Home Goods","title":"Home Goods Store","type":2,"offersCount":0},{"id":"076","service":"NearMe","advKey":null,"skin":null,"enabled":true,"iconUrl":null,"isPremium":false,"thumbImgUrl":null,"pluralTitle":"Wedding Dresses","queryStr":"Wedding Dresses","title":"Wedding Dresses","type":2,"offersCount":0},{"id":"077","service":"NearMe","advKey":null,"skin":null,"enabled":true,"iconUrl":null,"isPremium":false,"thumbImgUrl":null,"pluralTitle":"Elettrauti","queryStr":"Elettrauto","title":"Elettrauti","type":2,"offersCount":0},{"id":"078","service":"NearMe","advKey":null,"skin":null,"enabled":true,"iconUrl":null,"isPremium":false,"thumbImgUrl":null,"pluralTitle":"Gomme - Convergenza - Equilibratura","queryStr":"Gommista Convergenza Equilibratura","title":"Gomme - Convergenza - Equilibratura","type":2,"offersCount":0},{"id":"079","service":"NearMe","advKey":null,"skin":null,"enabled":true,"iconUrl":null,"isPremium":false,"thumbImgUrl":null,"pluralTitle":"Car Accessories and Parts","queryStr":"Car Accessories and Parts","title":"Car Accessories and Parts","type":2,"offersCount":0},{"id":"080","service":"NearMe","advKey":null,"skin":null,"enabled":true,"iconUrl":null,"isPremium":false,"thumbImgUrl":null,"pluralTitle":"Car & Motorcycle Dealers ","queryStr":"Car Motorcycle Dealers ","title":"Car & Motorcycle Dealers ","type":2,"offersCount":8},{"id":"081","service":"NearMe","advKey":null,"skin":null,"enabled":true,"iconUrl":null,"isPremium":false,"thumbImgUrl":null,"pluralTitle":"Motor Cycle Parts & Accessories","queryStr":"Motor Cycle Parts & Accessories","title":"Motor Cycle Parts & Accessories","type":2,"offersCount":0},{"id":"082","service":"NearMe","advKey":null,"skin":null,"enabled":true,"iconUrl":null,"isPremium":false,"thumbImgUrl":null,"pluralTitle":"Camping","queryStr":"Camping","title":"Camping","type":2,"offersCount":0},{"id":"083","service":"NearMe","advKey":null,"skin":null,"enabled":true,"iconUrl":null,"isPremium":false,"thumbImgUrl":null,"pluralTitle":"Party Organiser","queryStr":"Party Organiser","title":"Party Organiser","type":2,"offersCount":0},{"id":"084","service":"NearMe","advKey":null,"skin":null,"enabled":true,"iconUrl":null,"isPremium":false,"thumbImgUrl":null,"pluralTitle":"Herbalists","queryStr":"Herbalists","title":"Herbalists","type":2,"offersCount":2},{"id":"085","service":"NearMe","advKey":null,"skin":null,"enabled":true,"iconUrl":null,"isPremium":false,"thumbImgUrl":null,"pluralTitle":"Musical Instrument Shop","queryStr":"Musical Instrument Shop","title":"Musical Instrument Shop","type":2,"offersCount":0},{"id":"086","service":"NearMe","advKey":null,"skin":null,"enabled":true,"iconUrl":null,"isPremium":false,"thumbImgUrl":null,"pluralTitle":"Forniture e Attrezzature per Negozi","queryStr":"Forniture Attrezzature Negozi","title":"Forniture e Attrezzature per Negozi","type":2,"offersCount":0},{"id":"087","service":"NearMe","advKey":null,"skin":null,"enabled":true,"iconUrl":null,"isPremium":false,"thumbImgUrl":null,"pluralTitle":"Hairdressers & Beauty Supplies","queryStr":"Beauty Supplies","title":"Hairdressers & Beauty Supplies","type":2,"offersCount":0},{"id":"088","service":"NearMe","advKey":null,"skin":null,"enabled":true,"iconUrl":null,"isPremium":false,"thumbImgUrl":null,"pluralTitle":"Apparecchi e Forniture","queryStr":"Apparecchi Forniture","title":"Apparecchi e Forniture","type":2,"offersCount":0},{"id":"089","service":"NearMe","advKey":null,"skin":null,"enabled":true,"iconUrl":null,"isPremium":false,"thumbImgUrl":null,"pluralTitle":"Typography & Lithographs","queryStr":"Tipografia Litografia","title":"Typography & Lithographs","type":2,"offersCount":0},{"id":"090","service":"NearMe","advKey":null,"skin":null,"enabled":true,"iconUrl":null,"isPremium":false,"thumbImgUrl":null,"pluralTitle":"Bathroom Goods Supplier","queryStr":"Bathroom Goods Supplier","title":"Bathroom Goods Supplier","type":2,"offersCount":0},{"id":"091","service":"NearMe","advKey":null,"skin":null,"enabled":true,"iconUrl":null,"isPremium":false,"thumbImgUrl":null,"pluralTitle":"Servizi e Professionisti","queryStr":"Libero Professionista Servizi Impresa","title":"Servizi e Professionisti","type":2,"offersCount":0},{"id":"092","service":"NearMe","advKey":null,"skin":null,"enabled":true,"iconUrl":null,"isPremium":false,"thumbImgUrl":null,"pluralTitle":"Food & Drink Shops","queryStr":"Food & Drink ","title":"Food & Drink Shops","type":2,"offersCount":5},{"id":"093","service":"NearMe","advKey":null,"skin":null,"enabled":true,"iconUrl":null,"isPremium":false,"thumbImgUrl":null,"pluralTitle":"Catering & Events","queryStr":"Catering","title":"Catering & Events","type":2,"offersCount":2},{"id":"094","service":"NearMe","advKey":null,"skin":null,"enabled":true,"iconUrl":null,"isPremium":false,"thumbImgUrl":null,"pluralTitle":"Fashion Jewellery & Gifts","queryStr":"Jewellery Gifts","title":"Fashion Jewellery & Gifts","type":2,"offersCount":6},{"id":"095","service":"NearMe","advKey":null,"skin":null,"enabled":true,"iconUrl":null,"isPremium":false,"thumbImgUrl":null,"pluralTitle":"Real Estate Agencies","queryStr":"Real Estate","title":"Real Estate Agencies","type":2,"offersCount":0},{"id":"096","service":"NearMe","advKey":null,"skin":null,"enabled":true,"iconUrl":null,"isPremium":false,"thumbImgUrl":null,"pluralTitle":"Driving Schools","queryStr":"Driving Schools","title":"Driving Schools","type":2,"offersCount":0},{"id":"097","service":"NearMe","advKey":null,"skin":null,"enabled":true,"iconUrl":null,"isPremium":false,"thumbImgUrl":null,"pluralTitle":"Children and Childhood","queryStr":"Children","title":"Children and Childhood","type":2,"offersCount":0},{"id":"098","service":"NearMe","advKey":null,"skin":null,"enabled":true,"iconUrl":null,"isPremium":false,"thumbImgUrl":null,"pluralTitle":"Arts & Crafts","queryStr":"Arts & Crafts","title":"Arts & Crafts","type":2,"offersCount":5},{"id":"099","service":"NearMe","advKey":null,"skin":null,"enabled":true,"iconUrl":null,"isPremium":false,"thumbImgUrl":null,"pluralTitle":"Grocery Shop","queryStr":"Grocery","title":"Grocery Shop","type":2,"offersCount":0},{"id":"100","service":"NearMe","advKey":null,"skin":null,"enabled":true,"iconUrl":null,"isPremium":false,"thumbImgUrl":null,"pluralTitle":"Camping and Leisure","queryStr":"Camping and Leisure","title":"Camping and Leisure","type":2,"offersCount":0},{"id":"101","service":"NearMe","advKey":null,"skin":null,"enabled":true,"iconUrl":null,"isPremium":false,"thumbImgUrl":null,"pluralTitle":"Lista Nozze e Bomboniere","queryStr":"Lista Nozze Bomboniere","title":"Lista Nozze e Bomboniere","type":2,"offersCount":1},{"id":"102","service":"NearMe","advKey":null,"skin":null,"enabled":true,"iconUrl":null,"isPremium":false,"thumbImgUrl":null,"pluralTitle":"Riparazioni - Assistenza Tecnica","queryStr":"Riparazioni Assistenza Tecnica","title":"Riparazioni - Assistenza Tecnica","type":2,"offersCount":0},{"id":"330","service":"NearMe","advKey":"dc59f46d03214f77ad08dee301b34d2b","skin":{"brandColor":null,"footerText":"Snappy Snaps Franchises Ltd ©2012","headerImgUrl":"http://www.getnearme.com/data/categories/2012/05/330/Header_Snappy-Snaps.png","headerBtnUrl":"http://www.snappysnaps.co.uk/","highlightColor":null,"offersIconUrl":null,"subtitleColor":null,"titleColor":null},"enabled":true,"iconUrl":"http://www.getnearme.com/data/categories/2012/05/330/Snappy-Snaps.png","isPremium":false,"thumbImgUrl":"http://www.getnearme.com/data/categories/2012/05/330/Thumb_Snappy-Snaps.png","pluralTitle":"Snappy Snaps","queryStr":"Snappy Snaps","title":"Snappy Snaps","type":4,"offersCount":0}],"count":127}}