{"meta":{"code":200},"response":{"venues":[{"id":"Google:5308409632","distance":187,"service":"Google","detailsUrl":"http://www.google.com/maps/place?source=uds&q=Electrical+Equipment&cid=11776657811613443487","advKey":null,"contact":{"blogUrl":null,"email":null,"facebook":null,"fax":null,"foursquare":null,"mobile":null,"phone":"020 7699 5906","twitter":null,"websiteUrl":null},"displayName":null,"photoUrl":null,"thumbUrl":null,"isSponsored":false,"isUserGenerated":false,"isVerified":false,"location":{"fullAddress":"Unit 3 & 4 Quaker Court, Grey Eagle Street, London E1 6SN, United Kingdom","address1":"Unit 3 & 4 Quaker Court, Grey Eagle Street","address2":null,"address3":null,"city":"London","countryCode":null,"county":"GB","latitude":51.5223,"longitude":-0.07434,"postalCode":null,"region":null},"offersCount":0,"openNow":-1,"ratingsCount":0,"tradingName":"City Electrical Factors"},{"id":"Google:4698021163","distance":247,"service":"Google","detailsUrl":"http://www.google.com/maps/place?source=uds&q=Electrical+Equipment&cid=16571113525681959215","advKey":null,"contact":{"blogUrl":null,"email":null,"facebook":null,"fax":null,"foursquare":null,"mobile":null,"phone":"020 7739 3634","twitter":null,"websiteUrl":null},"displayName":null,"photoUrl":null,"thumbUrl":null,"isSponsored":false,"isUserGenerated":false,"isVerified":false,"location":{"fullAddress":"139 Brick Lane, City of London, E1 6SB, United Kingdom","address1":"139 Brick Lane","address2":null,"address3":null,"city":null,"countryCode":null,"county":"GB","latitude":51.52395,"longitude":-0.07143,"postalCode":null,"region":null},"offersCount":0,"openNow":-1,"ratingsCount":0,"tradingName":"Close-Up Films Centre Ltd"},{"id":"Google:8061482750","distance":248,"service":"Google","detailsUrl":"http://www.google.com/maps/place?source=uds&q=Electrical+Equipment&cid=7607201817456364912","advKey":null,"contact":{"blogUrl":null,"email":null,"facebook":null,"fax":null,"foursquare":null,"mobile":null,"phone":"020 7426 0999","twitter":null,"websiteUrl":null},"displayName":null,"photoUrl":null,"thumbUrl":null,"isSponsored":false,"isUserGenerated":false,"isVerified":false,"location":{"fullAddress":"117 Commercial Street, London E1 6BG, United Kingdom","address1":"117 Commercial Street","address2":null,"address3":null,"city":"London","countryCode":null,"county":"GB","latitude":51.520632,"longitude":-0.074904,"postalCode":null,"region":null},"offersCount":0,"openNow":-1,"ratingsCount":0,"tradingName":"Lomography Gallery Store East London"},{"id":"Google:1773793888","distance":345,"service":"Google","detailsUrl":"http://www.google.com/maps/place?source=uds&q=Electrical+Equipment&cid=8892155477906038366","advKey":null,"contact":{"blogUrl":null,"email":null,"facebook":null,"fax":null,"foursquare":null,"mobile":null,"phone":"020 7375 3289","twitter":null,"websiteUrl":null},"displayName":null,"photoUrl":null,"thumbUrl":null,"isSponsored":false,"isUserGenerated":false,"isVerified":false,"location":{"fullAddress":"7 Horner Square, London E1 6EW, United Kingdom","address1":"7 Horner Square","address2":null,"address3":null,"city":"London","countryCode":null,"county":"GB","latitude":51.519793,"longitude":-0.075685,"postalCode":null,"region":null},"offersCount":0,"openNow":-1,"ratingsCount":0,"tradingName":"OneDeko, Contemporary Furniture"},{"id":"Google:6320242484","distance":381,"service":"Google","detailsUrl":"http://www.google.com/maps/place?source=uds&q=Electrical+Equipment&cid=1850731448868747211","advKey":null,"contact":{"blogUrl":null,"email":null,"facebook":null,"fax":null,"foursquare":null,"mobile":null,"phone":"020 3489 7644","twitter":null,"websiteUrl":null},"displayName":null,"photoUrl":null,"thumbUrl":null,"isSponsored":false,"isUserGenerated":false,"isVerified":false,"location":{"fullAddress":"138 Bethnal Green Road, London Borough of Tower Hamlets, E2 6DG, United Kingdom","address1":"138 Bethnal Green Road","address2":null,"address3":null,"city":"London","countryCode":null,"county":"GB","latitude":51.525129,"longitude":-0.070941,"postalCode":null,"region":"Greater London"},"offersCount":0,"openNow":-1,"ratingsCount":0,"tradingName":"type"},{"id":"Google:1991042314","distance":476,"service":"Google","detailsUrl":"http://www.google.com/maps/place?source=uds&q=Electrical+Equipment&cid=10461620825273930378","advKey":null,"contact":{"blogUrl":null,"email":null,"facebook":null,"fax":null,"foursquare":null,"mobile":null,"phone":"020 7375 7145","twitter":null,"websiteUrl":null},"displayName":null,"photoUrl":null,"thumbUrl":null,"isSponsored":false,"isUserGenerated":false,"isVerified":false,"location":{"fullAddress":"36 Spital Square, London, E1 6DY, United Kingdom","address1":"36 Spital Square","address2":null,"address3":null,"city":"London","countryCode":null,"county":"GB","latitude":51.520306,"longitude":-0.078286,"postalCode":null,"region":"London"},"offersCount":0,"openNow":-1,"ratingsCount":0,"tradingName":"DX Electrica"},{"id":"Google:6772495389","distance":520,"service":"Google","detailsUrl":"http://www.google.com/maps/place?source=uds&q=Electrical+Equipment&cid=10915468100414126624","advKey":null,"contact":{"blogUrl":null,"email":null,"facebook":null,"fax":null,"foursquare":null,"mobile":null,"phone":"0870 706 0290","twitter":null,"websiteUrl":null},"displayName":null,"photoUrl":null,"thumbUrl":null,"isSponsored":false,"isUserGenerated":false,"isVerified":false,"location":{"fullAddress":"Unit 4, 7A Plough Yard, City of London, London, Greater London EC2A 3LP, United Kingdom","address1":"Unit 4, 7A Plough Yard","address2":null,"address3":null,"city":"London","countryCode":null,"county":"GB","latitude":51.522769,"longitude":-0.07912,"postalCode":null,"region":"Greater London"},"offersCount":0,"openNow":-1,"ratingsCount":0,"tradingName":"Smartinfo Systems Ltd - Business Telephone Systems"},{"id":"Google:5515352120","distance":727,"service":"Google","detailsUrl":"http://www.google.com/maps/place?source=uds&q=Electrical+Equipment&cid=14148294984864013672","advKey":null,"contact":{"blogUrl":null,"email":null,"facebook":null,"fax":null,"foursquare":null,"mobile":null,"phone":"020 7638 6156","twitter":null,"websiteUrl":null},"displayName":null,"photoUrl":null,"thumbUrl":null,"isSponsored":false,"isUserGenerated":false,"isVerified":false,"location":{"fullAddress":"Unit 15 The Concourse, Liverpool Street Station, Liverpool Street, City of London, London, Greater London EC2M 7PY, United Kingdom","address1":"Unit 15 The Concourse, Liverpool Street Station, Liverpool Street","address2":null,"address3":null,"city":"London","countryCode":null,"county":"GB","latitude":51.519059,"longitude":-0.081381,"postalCode":null,"region":"Greater London"},"offersCount":0,"openNow":-1,"ratingsCount":0,"tradingName":"Three"}],"count":8}}