{"meta":{"code":200},"response":{"venues":[{"id":"Google:3932817745","distance":636,"service":"Google","detailsUrl":"http://www.google.com/maps/place?source=uds&q=Forniture+Attrezzature+Negozi&cid=11225022913608106378","advKey":null,"contact":{"blogUrl":null,"email":null,"facebook":null,"fax":null,"foursquare":null,"mobile":null,"phone":"020 7033 0085","twitter":null,"websiteUrl":null},"displayName":null,"photoUrl":null,"thumbUrl":null,"isSponsored":false,"isUserGenerated":false,"isVerified":false,"location":{"fullAddress":"144-145 Shoreditch High Street, City of London, Greater London E1 6JE, United Kingdom","address1":"144-145 Shoreditch High Street","address2":null,"address3":null,"city":null,"countryCode":null,"county":"GB","latitude":51.525909,"longitude":-0.07808,"postalCode":null,"region":"Greater London"},"offersCount":0,"openNow":-1,"ratingsCount":0,"tradingName":"The Shoreditch"},{"id":"Google:3298616832","distance":5393,"service":"Google","detailsUrl":"http://www.google.com/maps/place?source=uds&q=Forniture+Attrezzature+Negozi&cid=5377432020964738356","advKey":null,"contact":{"blogUrl":null,"email":null,"facebook":null,"fax":null,"foursquare":null,"mobile":null,"phone":"020 7834 4740","twitter":null,"websiteUrl":null},"displayName":null,"photoUrl":null,"thumbUrl":null,"isSponsored":false,"isUserGenerated":false,"isVerified":false,"location":{"fullAddress":"71 Vincent Square, City of Westminster, SW1P 2PA, United Kingdom","address1":"71 Vincent Square","address2":null,"address3":null,"city":"London","countryCode":null,"county":"GB","latitude":51.494341,"longitude":-0.136105,"postalCode":null,"region":"Greater London"},"offersCount":0,"openNow":-1,"ratingsCount":0,"tradingName":"Grange Rochester Hotel"},{"id":"Google:1936129002","distance":7189,"service":"Google","detailsUrl":"http://www.google.com/maps/place?source=uds&q=Forniture+Attrezzature+Negozi&cid=13625101317576236387","advKey":null,"contact":{"blogUrl":null,"email":null,"facebook":null,"fax":null,"foursquare":null,"mobile":null,"phone":"020 7402 0990","twitter":null,"websiteUrl":null},"displayName":null,"photoUrl":null,"thumbUrl":null,"isSponsored":false,"isUserGenerated":false,"isVerified":false,"location":{"fullAddress":"178-186 Sussex Gardens, London W2 1TU, United Kingdom","address1":"178-186 Sussex Gardens","address2":null,"address3":null,"city":"London","countryCode":null,"county":"GB","latitude":51.514007,"longitude":-0.174949,"postalCode":null,"region":null},"offersCount":0,"openNow":-1,"ratingsCount":0,"tradingName":"Mitre House Hotel"},{"id":"Google:1291595403","distance":7331,"service":"Google","detailsUrl":"http://www.google.com/maps/place?source=uds&q=Forniture+Attrezzature+Negozi&cid=3963982546668629726","advKey":null,"contact":{"blogUrl":null,"email":null,"facebook":null,"fax":null,"foursquare":null,"mobile":null,"phone":"020 7479 6601","twitter":null,"websiteUrl":null},"displayName":null,"photoUrl":null,"thumbUrl":null,"isSponsored":false,"isUserGenerated":false,"isVerified":false,"location":{"fullAddress":"3-5 Westbourne Terrace, London, Greater London W2 3UL, United Kingdom","address1":"3-5 Westbourne Terrace","address2":null,"address3":null,"city":"London","countryCode":null,"county":"GB","latitude":51.514438,"longitude":-0.177095,"postalCode":null,"region":"Greater London"},"offersCount":0,"openNow":-1,"ratingsCount":0,"tradingName":"The Royal Park Hotel"},{"id":"Google:7459834440","distance":7799,"service":"Google","detailsUrl":"http://www.google.com/maps/place?source=uds&q=Forniture+Attrezzature+Negozi&cid=13193804296058646688","advKey":null,"contact":{"blogUrl":null,"email":null,"facebook":null,"fax":null,"foursquare":null,"mobile":null,"phone":"020 7706 0427","twitter":null,"websiteUrl":null},"displayName":null,"photoUrl":null,"thumbUrl":null,"isSponsored":false,"isUserGenerated":false,"isVerified":false,"location":{"fullAddress":"23 Leinster Gardens, London, Greater London W2 3AN, United Kingdom","address1":"23 Leinster Gardens","address2":null,"address3":null,"city":"London","countryCode":null,"county":"GB","latitude":51.512497,"longitude":-0.183527,"postalCode":null,"region":"Greater London"},"offersCount":0,"openNow":-1,"ratingsCount":0,"tradingName":"Hotel Henry VIII"},{"id":"Google:8932566401","distance":7925,"service":"Google","detailsUrl":"http://www.google.com/maps/place?source=uds&q=Forniture+Attrezzature+Negozi&cid=10303075646756408914","advKey":null,"contact":{"blogUrl":null,"email":null,"facebook":null,"fax":null,"foursquare":null,"mobile":null,"phone":"07853 197215","twitter":null,"websiteUrl":null},"displayName":null,"photoUrl":null,"thumbUrl":null,"isSponsored":false,"isUserGenerated":false,"isVerified":false,"location":{"fullAddress":"8-10 Queensberry Place,South Kensington, London, Greater London SW7 2EA, United Kingdom","address1":"8-10 Queensberry Place,South Kensington","address2":null,"address3":null,"city":"London","countryCode":null,"county":"GB","latitude":51.494815,"longitude":-0.177826,"postalCode":null,"region":"Greater London"},"offersCount":0,"openNow":-1,"ratingsCount":0,"tradingName":"The Gallery Hotel"},{"id":"Google:9667441084","distance":8799,"service":"Google","detailsUrl":"http://www.google.com/maps/place?source=uds&q=Forniture+Attrezzature+Negozi&cid=10548996018771570728","advKey":null,"contact":{"blogUrl":null,"email":null,"facebook":null,"fax":null,"foursquare":null,"mobile":null,"phone":"020 7373 4404","twitter":null,"websiteUrl":null},"displayName":null,"photoUrl":null,"thumbUrl":null,"isSponsored":false,"isUserGenerated":false,"isVerified":false,"location":{"fullAddress":"4 Knaresborough Place, London, Greater London SW5 0TG, United Kingdom","address1":"4 Knaresborough Place","address2":null,"address3":null,"city":"London","countryCode":null,"county":"GB","latitude":51.494233,"longitude":-0.191004,"postalCode":null,"region":"Greater London"},"offersCount":0,"openNow":-1,"ratingsCount":0,"tradingName":"Knaresborough Ltd"},{"id":"Google:9449842703","distance":8882,"service":"Google","detailsUrl":"http://www.google.com/maps/place?source=uds&q=Forniture+Attrezzature+Negozi&cid=5066780324843462318","advKey":null,"contact":{"blogUrl":null,"email":null,"facebook":null,"fax":null,"foursquare":null,"mobile":null,"phone":"020 7745 1212","twitter":null,"websiteUrl":null},"displayName":null,"photoUrl":null,"thumbUrl":null,"isSponsored":false,"isUserGenerated":false,"isVerified":false,"location":{"fullAddress":"33 Hogarth Rd, Kensington, SW5 0QQ, United Kingdom","address1":"33 Hogarth Rd","address2":null,"address3":null,"city":"London","countryCode":null,"county":"GB","latitude":51.49342,"longitude":-0.191794,"postalCode":null,"region":"Greater London"},"offersCount":0,"openNow":-1,"ratingsCount":0,"tradingName":"Executive Rooms by Shaftesbury"}],"count":8}}