{"meta":{"code":200},"response":{"venues":[{"id":"Google:1348883403","distance":33,"service":"Google","detailsUrl":"http://www.google.com/maps/place?source=uds&q=Bingo+Halls&cid=7405456284489894419","advKey":null,"contact":{"blogUrl":null,"email":null,"facebook":null,"fax":null,"foursquare":null,"mobile":null,"phone":"020 7247 7252","twitter":null,"websiteUrl":null},"displayName":null,"photoUrl":null,"thumbUrl":null,"isSponsored":false,"isUserGenerated":false,"isVerified":false,"location":{"fullAddress":"91 Brick La, London E1 6QL, United Kingdom","address1":"91 Brick La","address2":null,"address3":null,"city":"London","countryCode":null,"county":"GB","latitude":51.521708,"longitude":-0.072263,"postalCode":null,"region":null},"offersCount":0,"openNow":-1,"ratingsCount":0,"tradingName":"Bingo Beats Ltd"},{"id":"Google:0141600748","distance":1035,"service":"Google","detailsUrl":"http://www.google.com/maps/place?source=uds&q=Bingo+Halls&cid=10588159485195240880","advKey":null,"contact":{"blogUrl":null,"email":null,"facebook":null,"fax":null,"foursquare":null,"mobile":null,"phone":"020 7739 7593","twitter":null,"websiteUrl":null},"displayName":null,"photoUrl":null,"thumbUrl":null,"isSponsored":false,"isUserGenerated":false,"isVerified":false,"location":{"fullAddress":"211-227 Hackney Road, City of London, London, Greater London E2 8NA, United Kingdom","address1":"211-227 Hackney Road","address2":null,"address3":null,"city":"London","countryCode":null,"county":"GB","latitude":51.531047,"longitude":-0.071325,"postalCode":null,"region":"Greater London"},"offersCount":0,"openNow":-1,"ratingsCount":0,"tradingName":"Mecca Bingo Club"},{"id":"Google:4891743648","distance":3443,"service":"Google","detailsUrl":"http://www.google.com/maps/place?source=uds&q=Bingo+Halls&cid=6941904517044206909","advKey":null,"contact":{"blogUrl":null,"email":null,"facebook":null,"fax":null,"foursquare":null,"mobile":null,"phone":"020 7231 3199","twitter":null,"websiteUrl":null},"displayName":null,"photoUrl":null,"thumbUrl":null,"isSponsored":false,"isUserGenerated":false,"isVerified":false,"location":{"fullAddress":"Surrey Quays Leisure Park, 3 Teredo Street, Rotherhithe, London SE16 7LW, United Kingdom","address1":"Surrey Quays Leisure Park, 3 Teredo Street","address2":null,"address3":null,"city":"London","countryCode":null,"county":"GB","latitude":51.495998,"longitude":-0.044113,"postalCode":null,"region":null},"offersCount":0,"openNow":-1,"ratingsCount":0,"tradingName":"Gala Clubs"},{"id":"Google:2063808466","distance":3601,"service":"Google","detailsUrl":"http://www.google.com/maps/place?source=uds&q=Bingo+Halls&cid=9086579524927009481","advKey":null,"contact":{"blogUrl":null,"email":null,"facebook":null,"fax":null,"foursquare":null,"mobile":null,"phone":"020 7277 0001","twitter":null,"websiteUrl":null},"displayName":null,"photoUrl":null,"thumbUrl":null,"isSponsored":false,"isUserGenerated":false,"isVerified":false,"location":{"fullAddress":"Elephant & Castle Shopping, Centre, City of London, Greater London SE1 6TE, United Kingdom","address1":"Elephant & Castle Shopping, Centre","address2":null,"address3":null,"city":"City of London","countryCode":null,"county":"GB","latitude":51.494506,"longitude":-0.099959,"postalCode":null,"region":"Greater London"},"offersCount":0,"openNow":-1,"ratingsCount":0,"tradingName":"The London Palace"},{"id":"Google:6285803321","distance":4615,"service":"Google","detailsUrl":"http://www.google.com/maps/place?source=uds&q=Bingo+Halls&cid=5731225079188142202","advKey":null,"contact":{"blogUrl":null,"email":null,"facebook":null,"fax":null,"foursquare":null,"mobile":null,"phone":"0800 458 0770","twitter":null,"websiteUrl":null},"displayName":null,"photoUrl":null,"thumbUrl":null,"isSponsored":false,"isUserGenerated":false,"isVerified":false,"location":{"fullAddress":"London, United Kingdom","address1":null,"address2":null,"address3":null,"city":"London","countryCode":null,"county":"GB","latitude":51.509745,"longitude":-0.13564,"postalCode":null,"region":"London"},"offersCount":0,"openNow":-1,"ratingsCount":0,"tradingName":"Jackpotjoy Bingo"},{"id":"Google:6370200928","distance":5276,"service":"Google","detailsUrl":"http://www.google.com/maps/place?source=uds&q=Bingo+Halls&cid=13126080000660936475","advKey":null,"contact":{"blogUrl":null,"email":null,"facebook":null,"fax":null,"foursquare":null,"mobile":null,"phone":null,"twitter":null,"websiteUrl":null},"displayName":null,"photoUrl":null,"thumbUrl":null,"isSponsored":false,"isUserGenerated":false,"isVerified":false,"location":{"fullAddress":"262-274 Camberwell Road, London SE5 0DL, United Kingdom","address1":"262-274 Camberwell Road","address2":null,"address3":null,"city":"London","countryCode":null,"county":"GB","latitude":51.476359,"longitude":-0.094074,"postalCode":null,"region":null},"offersCount":0,"openNow":-1,"ratingsCount":0,"tradingName":"Gala Bingo"},{"id":"Google:3275595435","distance":5396,"service":"Google","detailsUrl":"http://www.google.com/maps/place?source=uds&q=Bingo+Halls&cid=12399011552956593829","advKey":null,"contact":{"blogUrl":null,"email":null,"facebook":null,"fax":null,"foursquare":null,"mobile":null,"phone":"020 7485 0144","twitter":null,"websiteUrl":null},"displayName":null,"photoUrl":null,"thumbUrl":null,"isSponsored":false,"isUserGenerated":false,"isVerified":false,"location":{"fullAddress":"180 Arlington Road, London, Greater London NW1 7HL, United Kingdom","address1":"180 Arlington Road","address2":null,"address3":null,"city":"London","countryCode":null,"county":"GB","latitude":51.53932,"longitude":-0.144492,"postalCode":null,"region":"Greater London"},"offersCount":0,"openNow":-1,"ratingsCount":0,"tradingName":"Mecca Bingo Club"},{"id":"Google:0926516062","distance":6367,"service":"Google","detailsUrl":"http://www.google.com/maps/place?source=uds&q=Bingo+Halls&cid=5628650033546095884","advKey":null,"contact":{"blogUrl":null,"email":null,"facebook":null,"fax":null,"foursquare":null,"mobile":null,"phone":"020 7267 6635","twitter":null,"websiteUrl":null},"displayName":null,"photoUrl":null,"thumbUrl":null,"isSponsored":false,"isUserGenerated":false,"isVerified":false,"location":{"fullAddress":"45 Ashdown Crescent, London Borough of Camden, NW5 4QE, United Kingdom","address1":"45 Ashdown Crescent","address2":null,"address3":null,"city":"London","countryCode":null,"county":"GB","latitude":51.550052,"longitude":-0.1518,"postalCode":null,"region":"Greater London"},"offersCount":0,"openNow":-1,"ratingsCount":0,"tradingName":"Queen's Crescent Community Association"}],"count":8}}