{"meta":{"code":200},"response":{"venues":[{"id":"Google:4761751477","distance":126,"service":"Google","detailsUrl":"http://www.google.com/maps/place?source=uds&q=Parking&cid=8827666923765765015","advKey":null,"contact":{"blogUrl":null,"email":null,"facebook":null,"fax":null,"foursquare":null,"mobile":null,"phone":null,"twitter":null,"websiteUrl":null},"displayName":null,"photoUrl":null,"thumbUrl":null,"isSponsored":false,"isUserGenerated":false,"isVerified":false,"location":{"fullAddress":"Grey Eagle Street, Poplar, Greater London E1 6, United Kingdom","address1":"Grey Eagle Street","address2":null,"address3":null,"city":null,"countryCode":null,"county":"GB","latitude":51.52118,"longitude":-0.073386,"postalCode":null,"region":"Greater London"},"offersCount":0,"openNow":-1,"ratingsCount":0,"tradingName":"Truman Brewery Parking"},{"id":"Google:1919496862","distance":137,"service":"Google","detailsUrl":"http://www.google.com/maps/place?source=uds&q=Parking&cid=5900252169140483218","advKey":null,"contact":{"blogUrl":null,"email":null,"facebook":null,"fax":null,"foursquare":null,"mobile":null,"phone":null,"twitter":null,"websiteUrl":null},"displayName":null,"photoUrl":null,"thumbUrl":null,"isSponsored":false,"isUserGenerated":false,"isVerified":false,"location":{"fullAddress":"Grey Eagle Street, Poplar, Greater London E1 6, United Kingdom","address1":"Grey Eagle Street","address2":null,"address3":null,"city":null,"countryCode":null,"county":"GB","latitude":51.520834,"longitude":-0.073149,"postalCode":null,"region":"Greater London"},"offersCount":0,"openNow":-1,"ratingsCount":0,"tradingName":"Truman Brewery Parking"},{"id":"Google:9744955296","distance":439,"service":"Google","detailsUrl":"http://www.google.com/maps/place?source=uds&q=Parking&cid=16645908421196477376","advKey":null,"contact":{"blogUrl":null,"email":null,"facebook":null,"fax":null,"foursquare":null,"mobile":null,"phone":null,"twitter":null,"websiteUrl":null},"displayName":null,"photoUrl":null,"thumbUrl":null,"isSponsored":false,"isUserGenerated":false,"isVerified":false,"location":{"fullAddress":"London, Greater London, United Kingdom","address1":null,"address2":null,"address3":null,"city":"London","countryCode":null,"county":"GB","latitude":51.518495,"longitude":-0.075426,"postalCode":null,"region":"Greater London"},"offersCount":0,"openNow":-1,"ratingsCount":0,"tradingName":"White's Row Car Park"},{"id":"Google:0005838135","distance":476,"service":"Google","detailsUrl":"http://www.google.com/maps/place?source=uds&q=Parking&cid=3527757116242451849","advKey":null,"contact":{"blogUrl":null,"email":null,"facebook":null,"fax":null,"foursquare":null,"mobile":null,"phone":null,"twitter":null,"websiteUrl":null},"displayName":null,"photoUrl":null,"thumbUrl":null,"isSponsored":false,"isUserGenerated":false,"isVerified":false,"location":{"fullAddress":"Spital Square, City of London, London, Greater London E1 6DU, United Kingdom","address1":"Spital Square","address2":null,"address3":null,"city":"London","countryCode":null,"county":"GB","latitude":51.520306,"longitude":-0.078286,"postalCode":null,"region":"Greater London"},"offersCount":0,"openNow":-1,"ratingsCount":0,"tradingName":"Spitalfields Car Park"},{"id":"Google:3155089789","distance":482,"service":"Google","detailsUrl":"http://www.google.com/maps/place?source=uds&q=Parking&cid=10622130973121144771","advKey":null,"contact":{"blogUrl":null,"email":null,"facebook":null,"fax":null,"foursquare":null,"mobile":null,"phone":null,"twitter":null,"websiteUrl":null},"displayName":null,"photoUrl":null,"thumbUrl":null,"isSponsored":false,"isUserGenerated":false,"isVerified":false,"location":{"fullAddress":"506-508 Fairchild Place, London EC2A 3EN, United Kingdom","address1":"506-508 Fairchild Place","address2":null,"address3":null,"city":"London","countryCode":null,"county":"GB","latitude":51.522941,"longitude":-0.078479,"postalCode":null,"region":null},"offersCount":0,"openNow":-1,"ratingsCount":0,"tradingName":"Papercall Ltd"},{"id":"Google:1768656552","distance":621,"service":"Google","detailsUrl":"http://www.google.com/maps/place?source=uds&q=Parking&cid=3242731851230688325","advKey":null,"contact":{"blogUrl":null,"email":null,"facebook":null,"fax":null,"foursquare":null,"mobile":null,"phone":"0845 050 7080","twitter":null,"websiteUrl":null},"displayName":null,"photoUrl":null,"thumbUrl":null,"isSponsored":false,"isUserGenerated":false,"isVerified":false,"location":{"fullAddress":"35 Great Eastern Street, London EC2A 3ER, United Kingdom","address1":"35 Great Eastern Street","address2":null,"address3":null,"city":"London","countryCode":null,"county":"GB","latitude":51.523822,"longitude":-0.080114,"postalCode":null,"region":null},"offersCount":0,"openNow":-1,"ratingsCount":0,"tradingName":"National Car Parks"},{"id":"Google:8572215922","distance":898,"service":"Google","detailsUrl":"http://www.google.com/maps/place?source=uds&q=Parking&cid=15121842525350431827","advKey":null,"contact":{"blogUrl":null,"email":null,"facebook":null,"fax":null,"foursquare":null,"mobile":null,"phone":"0845 045 0625","twitter":null,"websiteUrl":null},"displayName":null,"photoUrl":null,"thumbUrl":null,"isSponsored":false,"isUserGenerated":false,"isVerified":false,"location":{"fullAddress":"62 Paul Street, London EC2A 4NA, United Kingdom","address1":"62 Paul Street","address2":null,"address3":null,"city":"London","countryCode":null,"county":"GB","latitude":51.524392,"longitude":-0.084049,"postalCode":null,"region":null},"offersCount":0,"openNow":-1,"ratingsCount":0,"tradingName":"Easy Car Parks Ltd"},{"id":"Google:3740492268","distance":1515,"service":"Google","detailsUrl":"http://www.google.com/maps/place?source=uds&q=Parking&cid=13927032032411684575","advKey":null,"contact":{"blogUrl":null,"email":null,"facebook":null,"fax":null,"foursquare":null,"mobile":null,"phone":"020 7488 0555","twitter":null,"websiteUrl":null},"displayName":null,"photoUrl":null,"thumbUrl":null,"isSponsored":false,"isUserGenerated":false,"isVerified":false,"location":{"fullAddress":"50 St. Katharines Way, London E1W 1LA, United Kingdom","address1":"50 St. Katharines Way","address2":null,"address3":null,"city":"London","countryCode":null,"county":"GB","latitude":51.508112,"longitude":-0.071101,"postalCode":null,"region":null},"offersCount":0,"openNow":-1,"ratingsCount":0,"tradingName":"St Katharine Docks"}],"count":8}}