{"meta":{"code":200},"response":{"venues":[{"id":"Google:5798805298","distance":4188,"service":"Google","detailsUrl":"http://www.google.com/maps/place?source=uds&q=Libero+Professionista+Servizi+Impresa&cid=3686414682880961544","advKey":null,"contact":{"blogUrl":null,"email":null,"facebook":null,"fax":null,"foursquare":null,"mobile":null,"phone":null,"twitter":null,"websiteUrl":null},"displayName":null,"photoUrl":null,"thumbUrl":null,"isSponsored":false,"isUserGenerated":false,"isVerified":false,"location":{"fullAddress":"Level 25, Canada Square, Canary Wharf, London E14 5LQ, United Kingdom","address1":"Level 25, Canada Square, Canary Wharf","address2":null,"address3":null,"city":"London","countryCode":null,"county":"GB","latitude":51.504143,"longitude":-0.018261,"postalCode":null,"region":null},"offersCount":0,"openNow":-1,"ratingsCount":0,"tradingName":"Think London"},{"id":"Google:0875367730","distance":5633,"service":"Google","detailsUrl":"http://www.google.com/maps/place?source=uds&q=Libero+Professionista+Servizi+Impresa&cid=11687107335977790281","advKey":null,"contact":{"blogUrl":null,"email":null,"facebook":null,"fax":null,"foursquare":null,"mobile":null,"phone":"020 7499 4599","twitter":null,"websiteUrl":null},"displayName":null,"photoUrl":null,"thumbUrl":null,"isSponsored":false,"isUserGenerated":false,"isVerified":false,"location":{"fullAddress":"27-28 Curzon Street, London, Greater London W1J 7TJ, United Kingdom","address1":"27-28 Curzon Street","address2":null,"address3":null,"city":"London","countryCode":null,"county":"GB","latitude":51.506411,"longitude":-0.14939,"postalCode":null,"region":"Greater London"},"offersCount":0,"openNow":-1,"ratingsCount":0,"tradingName":"Aspinalls Club Ltd"},{"id":"Google:0306757280","distance":5735,"service":"Google","detailsUrl":"http://www.google.com/maps/place?source=uds&q=Libero+Professionista+Servizi+Impresa&cid=5078653774196047490","advKey":null,"contact":{"blogUrl":null,"email":null,"facebook":null,"fax":null,"foursquare":null,"mobile":null,"phone":"020 7493 8000","twitter":null,"websiteUrl":null},"displayName":null,"photoUrl":null,"thumbUrl":null,"isSponsored":false,"isUserGenerated":false,"isVerified":false,"location":{"fullAddress":"22 Park Lane, London, Greater London W1K 1BE, United Kingdom","address1":"22 Park Lane","address2":null,"address3":null,"city":"London","countryCode":null,"county":"GB","latitude":51.505518,"longitude":-0.150469,"postalCode":null,"region":"Greater London"},"offersCount":0,"openNow":-1,"ratingsCount":0,"tradingName":"Hilton"},{"id":"Google:5325994286","distance":5966,"service":"Google","detailsUrl":"http://www.google.com/maps/place?source=uds&q=Libero+Professionista+Servizi+Impresa&cid=1649788965524065898","advKey":null,"contact":{"blogUrl":null,"email":null,"facebook":null,"fax":null,"foursquare":null,"mobile":null,"phone":"07963 326 054","twitter":null,"websiteUrl":null},"displayName":null,"photoUrl":null,"thumbUrl":null,"isSponsored":false,"isUserGenerated":false,"isVerified":false,"location":{"fullAddress":"11 Evershot Rd, London N4 3DG, United Kingdom","address1":"11 Evershot Rd","address2":null,"address3":null,"city":"London","countryCode":null,"county":"GB","latitude":51.568457,"longitude":-0.114222,"postalCode":null,"region":null},"offersCount":0,"openNow":-1,"ratingsCount":0,"tradingName":"Italian Lessons London"},{"id":"Google:4833703124","distance":6000,"service":"Google","detailsUrl":"http://www.google.com/maps/place?source=uds&q=Libero+Professionista+Servizi+Impresa&cid=4622475313808389965","advKey":null,"contact":{"blogUrl":null,"email":null,"facebook":null,"fax":null,"foursquare":null,"mobile":null,"phone":"0871 376 9127","twitter":null,"websiteUrl":null},"displayName":null,"photoUrl":null,"thumbUrl":null,"isSponsored":false,"isUserGenerated":false,"isVerified":false,"location":{"fullAddress":"Bryanston Street, London, Greater London W1H 7EH, United Kingdom","address1":"Bryanston Street","address2":null,"address3":null,"city":"London","countryCode":null,"county":"GB","latitude":51.513732,"longitude":-0.15755,"postalCode":null,"region":"Greater London"},"offersCount":0,"openNow":-1,"ratingsCount":0,"tradingName":"Thistle™ Marble Arch"},{"id":"Google:0333257357","distance":14324,"service":"Google","detailsUrl":"http://www.google.com/maps/place?source=uds&q=Libero+Professionista+Servizi+Impresa&cid=12388915470482183537","advKey":null,"contact":{"blogUrl":null,"email":null,"facebook":null,"fax":null,"foursquare":null,"mobile":null,"phone":"020 8545 0300","twitter":null,"websiteUrl":null},"displayName":null,"photoUrl":null,"thumbUrl":null,"isSponsored":false,"isUserGenerated":false,"isVerified":false,"location":{"fullAddress":"196 The Broadway, London, City of London, Greater London SW19 1RY, United Kingdom","address1":"196 The Broadway","address2":null,"address3":null,"city":"City of London","countryCode":null,"county":"GB","latitude":51.419324,"longitude":-0.19724,"postalCode":null,"region":"Greater London"},"offersCount":0,"openNow":-1,"ratingsCount":0,"tradingName":"Milner School Of English, Wimbledon"}],"count":6}}