{"meta":{"code":200},"response":{"venues":[{"id":"Google:9045450802","distance":699,"service":"Google","detailsUrl":"http://www.google.com/maps/place?source=uds&q=Apparecchi+Forniture&cid=11631303964893117437","advKey":null,"contact":{"blogUrl":null,"email":null,"facebook":null,"fax":null,"foursquare":null,"mobile":null,"phone":"020 7422 8410","twitter":null,"websiteUrl":null},"displayName":null,"photoUrl":null,"thumbUrl":null,"isSponsored":false,"isUserGenerated":false,"isVerified":false,"location":{"fullAddress":"5 Commercial Street, London, Greater London E1 6BF, United Kingdom","address1":"5 Commercial Street","address2":null,"address3":null,"city":"London","countryCode":null,"county":"GB","latitude":51.515461,"longitude":-0.072516,"postalCode":null,"region":"Greater London"},"offersCount":0,"openNow":-1,"ratingsCount":0,"tradingName":"Hotel Ibis London City"},{"id":"Google:1783962488","distance":2091,"service":"Google","detailsUrl":"http://www.google.com/maps/place?source=uds&q=Apparecchi+Forniture&cid=3388982214995793269","advKey":null,"contact":{"blogUrl":null,"email":null,"facebook":null,"fax":null,"foursquare":null,"mobile":null,"phone":"020 7357 7006","twitter":null,"websiteUrl":null},"displayName":null,"photoUrl":null,"thumbUrl":null,"isSponsored":false,"isUserGenerated":false,"isVerified":false,"location":{"fullAddress":"130-132 Tooley Street, London, City of London SE1 2TU, United Kingdom","address1":"130-132 Tooley Street","address2":null,"address3":null,"city":"City of London","countryCode":null,"county":"GB","latitude":51.503962,"longitude":-0.081698,"postalCode":null,"region":null},"offersCount":0,"openNow":-1,"ratingsCount":0,"tradingName":"The Stress Exchange"},{"id":"Google:7925918808","distance":3401,"service":"Google","detailsUrl":"http://www.google.com/maps/place?source=uds&q=Apparecchi+Forniture&cid=2629721995926768548","advKey":null,"contact":{"blogUrl":null,"email":null,"facebook":null,"fax":null,"foursquare":null,"mobile":null,"phone":"020 7517 9521","twitter":null,"websiteUrl":null},"displayName":null,"photoUrl":null,"thumbUrl":null,"isSponsored":false,"isUserGenerated":false,"isVerified":false,"location":{"fullAddress":"5, 3 Birchfield St, London, E14 8ED, United Kingdom","address1":"5, 3 Birchfield St","address2":null,"address3":null,"city":"London","countryCode":null,"county":"GB","latitude":51.511049,"longitude":-0.025729,"postalCode":null,"region":null},"offersCount":0,"openNow":-1,"ratingsCount":0,"tradingName":"Orassy Kendron - Centre for Health and Wellness"},{"id":"Google:1500027116","distance":4941,"service":"Google","detailsUrl":"http://www.google.com/maps/place?source=uds&q=Apparecchi+Forniture&cid=15509910325603259906","advKey":null,"contact":{"blogUrl":null,"email":null,"facebook":null,"fax":null,"foursquare":null,"mobile":null,"phone":"020 7000 1957","twitter":null,"websiteUrl":null},"displayName":null,"photoUrl":null,"thumbUrl":null,"isSponsored":false,"isUserGenerated":false,"isVerified":false,"location":{"fullAddress":"37 Albert Embankment, London, SE1 7TL, United Kingdom","address1":"37 Albert Embankment","address2":null,"address3":null,"city":"London","countryCode":null,"county":"GB","latitude":51.490414,"longitude":-0.122447,"postalCode":null,"region":"London"},"offersCount":0,"openNow":-1,"ratingsCount":0,"tradingName":"My Massage Service"},{"id":"Google:0083738376","distance":6464,"service":"Google","detailsUrl":"http://www.google.com/maps/place?source=uds&q=Apparecchi+Forniture&cid=5342465021678046714","advKey":null,"contact":{"blogUrl":null,"email":null,"facebook":null,"fax":null,"foursquare":null,"mobile":null,"phone":"020 8293 1828","twitter":null,"websiteUrl":null},"displayName":null,"photoUrl":null,"thumbUrl":null,"isSponsored":false,"isUserGenerated":false,"isVerified":false,"location":{"fullAddress":"Trafalgar Road, Royal Borough of Greenwich, SE10 9NQ, United Kingdom","address1":"Trafalgar Road","address2":null,"address3":null,"city":"London","countryCode":null,"county":"GB","latitude":51.483072,"longitude":-0.002039,"postalCode":null,"region":"Greater London"},"offersCount":0,"openNow":-1,"ratingsCount":0,"tradingName":"Professional Massage Central London"},{"id":"Google:0114309274","distance":7925,"service":"Google","detailsUrl":"http://www.google.com/maps/place?source=uds&q=Apparecchi+Forniture&cid=10303075646756408914","advKey":null,"contact":{"blogUrl":null,"email":null,"facebook":null,"fax":null,"foursquare":null,"mobile":null,"phone":"07853 197215","twitter":null,"websiteUrl":null},"displayName":null,"photoUrl":null,"thumbUrl":null,"isSponsored":false,"isUserGenerated":false,"isVerified":false,"location":{"fullAddress":"8-10 Queensberry Place,South Kensington, London, Greater London SW7 2EA, United Kingdom","address1":"8-10 Queensberry Place,South Kensington","address2":null,"address3":null,"city":"London","countryCode":null,"county":"GB","latitude":51.494815,"longitude":-0.177826,"postalCode":null,"region":"Greater London"},"offersCount":0,"openNow":-1,"ratingsCount":0,"tradingName":"The Gallery Hotel"},{"id":"Google:3934352536","distance":13959,"service":"Google","detailsUrl":"http://www.google.com/maps/place?source=uds&q=Apparecchi+Forniture&cid=17315848798343325224","advKey":null,"contact":{"blogUrl":null,"email":null,"facebook":null,"fax":null,"foursquare":null,"mobile":null,"phone":"0845 094 6277","twitter":null,"websiteUrl":null},"displayName":null,"photoUrl":null,"thumbUrl":null,"isSponsored":false,"isUserGenerated":false,"isVerified":false,"location":{"fullAddress":"84 Queen's Rd, Buckhurst Hill IG9 5BS, United Kingdom","address1":"84 Queen's Rd","address2":null,"address3":null,"city":"Buckhurst Hill","countryCode":null,"county":"GB","latitude":51.625371,"longitude":0.042202,"postalCode":null,"region":null},"offersCount":0,"openNow":-1,"ratingsCount":0,"tradingName":"Osteopathic Health Centre Buckhurst Hill"}],"count":7}}