{"meta":{"code":200},"response":{"venues":[{"id":"1374","distance":1138,"service":"NearMe","detailsUrl":null,"advKey":null,"contact":{"blogUrl":null,"email":null,"facebook":null,"fax":null,"foursquare":null,"mobile":null,"phone":null,"twitter":null,"websiteUrl":"http://orangeworld.co.uk/p/apps/home"},"displayName":"orange_1374","photoUrl":"http://www.getnearme.com/data/merchants/2012/04/orange/orange_1374/CmfD0qwbag_640x480.png","thumbUrl":"http://www.getnearme.com/data/merchants/2012/04/orange/orange_1374/CmfD0qwbag_72x54.png","isSponsored":false,"isUserGenerated":false,"isVerified":false,"location":{"fullAddress":"82 Moorgate, City Of London, EC2M 6SE London, United Kingdom","address1":"82 Moorgate, City Of London","address2":null,"address3":null,"city":"London","countryCode":"GB","county":null,"latitude":51.519156,"longitude":-0.0877048,"postalCode":"EC2M 6SE","region":null},"offersCount":0,"openNow":-1,"ratingsCount":0,"tradingName":"The Orange Shop"},{"id":"1599","distance":1298,"service":"NearMe","detailsUrl":null,"advKey":null,"contact":{"blogUrl":null,"email":null,"facebook":null,"fax":null,"foursquare":null,"mobile":null,"phone":null,"twitter":null,"websiteUrl":"http://orangeworld.co.uk/p/apps/home"},"displayName":"orange_1599","photoUrl":"http://www.getnearme.com/data/merchants/2012/04/orange/orange_1599/bRZLZtb2xK_640x480.png","thumbUrl":"http://www.getnearme.com/data/merchants/2012/04/orange/orange_1599/bRZLZtb2xK_72x54.png","isSponsored":false,"isUserGenerated":false,"isVerified":false,"location":{"fullAddress":"35-36 Leadenhall Market, EC3V 1LR Leadenhall, United Kingdom","address1":"35-36 Leadenhall Market","address2":null,"address3":null,"city":"Leadenhall","countryCode":"GB","county":null,"latitude":51.512876,"longitude":-0.084007,"postalCode":"EC3V 1LR","region":"London"},"offersCount":0,"openNow":-1,"ratingsCount":0,"tradingName":"The Orange Shop"},{"id":"1625","distance":1709,"service":"NearMe","detailsUrl":null,"advKey":null,"contact":{"blogUrl":null,"email":null,"facebook":null,"fax":null,"foursquare":null,"mobile":null,"phone":null,"twitter":null,"websiteUrl":"http://orangeworld.co.uk/p/apps/home"},"displayName":"orange_1625","photoUrl":"http://www.getnearme.com/data/merchants/2012/04/orange/orange_1625/l4pOQ1DFQO_640x480.png","thumbUrl":"http://www.getnearme.com/data/merchants/2012/04/orange/orange_1625/l4pOQ1DFQO_72x54.png","isSponsored":false,"isUserGenerated":false,"isVerified":false,"location":{"fullAddress":"60 Cheapside, EC2V 6JS London, United Kingdom","address1":"60 Cheapside","address2":null,"address3":null,"city":"London","countryCode":"GB","county":null,"latitude":51.5139253,"longitude":-0.0930616,"postalCode":"EC2V 6JS","region":null},"offersCount":0,"openNow":-1,"ratingsCount":0,"tradingName":"The Orange Shop"},{"id":"1378","distance":2657,"service":"NearMe","detailsUrl":null,"advKey":null,"contact":{"blogUrl":null,"email":null,"facebook":null,"fax":null,"foursquare":null,"mobile":null,"phone":null,"twitter":null,"websiteUrl":"http://orangeworld.co.uk/p/apps/home"},"displayName":"orange_1378","photoUrl":"http://www.getnearme.com/data/merchants/2012/04/orange/orange_1378/Yug3xiS04p_640x480.png","thumbUrl":"http://www.getnearme.com/data/merchants/2012/04/orange/orange_1378/Yug3xiS04p_72x54.png","isSponsored":false,"isUserGenerated":false,"isVerified":false,"location":{"fullAddress":"90 High Holborn, Holborn, WC1V 6LJ London, United Kingdom","address1":"90 High Holborn, Holborn","address2":null,"address3":null,"city":"London","countryCode":"GB","county":null,"latitude":51.5178972,"longitude":-0.1097021,"postalCode":"WC1V 6LJ","region":null},"offersCount":0,"openNow":-1,"ratingsCount":0,"tradingName":"The Orange Shop"},{"id":"1629","distance":2746,"service":"NearMe","detailsUrl":null,"advKey":null,"contact":{"blogUrl":null,"email":null,"facebook":null,"fax":null,"foursquare":null,"mobile":null,"phone":null,"twitter":null,"websiteUrl":"http://orangeworld.co.uk/p/apps/home"},"displayName":"orange_1629","photoUrl":"http://www.getnearme.com/data/merchants/2012/04/orange/orange_1629/tmBztpyVkJ_640x480.png","thumbUrl":"http://www.getnearme.com/data/merchants/2012/04/orange/orange_1629/tmBztpyVkJ_72x54.png","isSponsored":false,"isUserGenerated":false,"isVerified":false,"location":{"fullAddress":"171 Fleet Street, EC4A 2EA London, United Kingdom","address1":"171 Fleet Street","address2":null,"address3":null,"city":"London","countryCode":"GB","county":null,"latitude":51.514131,"longitude":-0.109551,"postalCode":"EC4A 2EA","region":null},"offersCount":0,"openNow":-1,"ratingsCount":0,"tradingName":"The Orange Shop"},{"id":"1354","distance":2793,"service":"NearMe","detailsUrl":null,"advKey":null,"contact":{"blogUrl":null,"email":null,"facebook":null,"fax":null,"foursquare":null,"mobile":null,"phone":null,"twitter":null,"websiteUrl":"http://orangeworld.co.uk/p/apps/home"},"displayName":"orange_1354","photoUrl":"http://www.getnearme.com/data/merchants/2012/04/orange/orange_1354/lKIOPYCneX_640x480.png","thumbUrl":"http://www.getnearme.com/data/merchants/2012/04/orange/orange_1354/lKIOPYCneX_72x54.png","isSponsored":false,"isUserGenerated":false,"isVerified":false,"location":{"fullAddress":"N1 Shopping Centre, N1 0PS Islington, United Kingdom","address1":"N1 Shopping Centre","address2":null,"address3":null,"city":"Islington","countryCode":"GB","county":null,"latitude":51.5344591,"longitude":-0.1066009,"postalCode":"N1 0PS","region":"London"},"offersCount":0,"openNow":-1,"ratingsCount":0,"tradingName":"The Orange Shop"},{"id":"1406","distance":3703,"service":"NearMe","detailsUrl":null,"advKey":null,"contact":{"blogUrl":null,"email":null,"facebook":null,"fax":null,"foursquare":null,"mobile":null,"phone":null,"twitter":null,"websiteUrl":"http://orangeworld.co.uk/p/apps/home"},"displayName":"orange_1406","photoUrl":"http://www.getnearme.com/data/merchants/2012/04/orange/orange_1406/JHeYt0GA60_640x480.png","thumbUrl":"http://www.getnearme.com/data/merchants/2012/04/orange/orange_1406/JHeYt0GA60_72x54.png","isSponsored":false,"isUserGenerated":false,"isVerified":false,"location":{"fullAddress":"65-72 Strand, WC2N 5LR London, United Kingdom","address1":"65-72 Strand","address2":null,"address3":null,"city":"London","countryCode":"GB","county":null,"latitude":51.5102036,"longitude":-0.1219948,"postalCode":"WC2N 5LR","region":null},"offersCount":0,"openNow":-1,"ratingsCount":0,"tradingName":"The Orange Shop"},{"id":"1340","distance":3800,"service":"NearMe","detailsUrl":null,"advKey":null,"contact":{"blogUrl":null,"email":null,"facebook":null,"fax":null,"foursquare":null,"mobile":null,"phone":null,"twitter":null,"websiteUrl":"http://orangeworld.co.uk/p/apps/home"},"displayName":"orange_1340","photoUrl":"http://www.getnearme.com/data/merchants/2012/04/orange/orange_1340/LVRwpKAzUM_640x480.png","thumbUrl":"http://www.getnearme.com/data/merchants/2012/04/orange/orange_1340/LVRwpKAzUM_72x54.png","isSponsored":false,"isUserGenerated":false,"isVerified":false,"location":{"fullAddress":"27 Neal Street, WC2H 9PR Covent Garden, United Kingdom","address1":"27 Neal Street","address2":null,"address3":null,"city":"Covent Garden","countryCode":"GB","county":null,"latitude":51.5140699,"longitude":-0.1253101,"postalCode":"WC2H 9PR","region":"London"},"offersCount":0,"openNow":-1,"ratingsCount":0,"tradingName":"The Orange Shop"},{"id":"1453","distance":4052,"service":"NearMe","detailsUrl":null,"advKey":null,"contact":{"blogUrl":null,"email":null,"facebook":null,"fax":null,"foursquare":null,"mobile":null,"phone":null,"twitter":null,"websiteUrl":"http://orangeworld.co.uk/p/apps/home"},"displayName":"orange_1453","photoUrl":"http://www.getnearme.com/data/merchants/2012/04/orange/orange_1453/DXc452bsBq_640x480.png","thumbUrl":"http://www.getnearme.com/data/merchants/2012/04/orange/orange_1453/DXc452bsBq_72x54.png","isSponsored":false,"isUserGenerated":false,"isVerified":false,"location":{"fullAddress":"Cabot Place, 1 Canada Square,, E14 5AX Canary Wharf, United Kingdom","address1":"Cabot Place, 1 Canada Square,","address2":null,"address3":null,"city":"Canary Wharf","countryCode":"GB","county":null,"latitude":51.5049672,"longitude":-0.0197931,"postalCode":"E14 5AX","region":"London"},"offersCount":0,"openNow":-1,"ratingsCount":0,"tradingName":"The Orange Shop"},{"id":"1547","distance":4592,"service":"NearMe","detailsUrl":null,"advKey":null,"contact":{"blogUrl":null,"email":null,"facebook":null,"fax":null,"foursquare":null,"mobile":null,"phone":null,"twitter":null,"websiteUrl":"http://orangeworld.co.uk/p/apps/home"},"displayName":"orange_1547","photoUrl":"http://www.getnearme.com/data/merchants/2012/04/orange/orange_1547/j7SU89WIUX_640x480.png","thumbUrl":"http://www.getnearme.com/data/merchants/2012/04/orange/orange_1547/j7SU89WIUX_72x54.png","isSponsored":false,"isUserGenerated":false,"isVerified":false,"location":{"fullAddress":"155-157 Oxford Stree, W1D 2JH London, United Kingdom","address1":"155-157 Oxford Stree","address2":null,"address3":null,"city":"London","countryCode":"GB","county":null,"latitude":51.5157685,"longitude":-0.1374608,"postalCode":"W1D 2JH","region":null},"offersCount":0,"openNow":-1,"ratingsCount":0,"tradingName":"The Orange Shop"}],"count":10}}