{"meta":{"code":200},"response":{"venues":[{"id":"Google:0102393447","distance":84,"service":"Google","detailsUrl":"http://www.google.com/maps/place?source=uds&q=Shoe+Shops&cid=3290057328490385664","advKey":null,"contact":{"blogUrl":null,"email":null,"facebook":null,"fax":null,"foursquare":null,"mobile":null,"phone":"020 7392 9686","twitter":null,"websiteUrl":null},"displayName":null,"photoUrl":null,"thumbUrl":null,"isSponsored":false,"isUserGenerated":false,"isVerified":false,"location":{"fullAddress":"91 Brick Lane, London, Greater London E1 6QL, United Kingdom","address1":"91 Brick Lane","address2":null,"address3":null,"city":"London","countryCode":null,"county":"GB","latitude":51.520993,"longitude":-0.072034,"postalCode":null,"region":"Greater London"},"offersCount":0,"openNow":-1,"ratingsCount":0,"tradingName":"Number Six"},{"id":"Google:6245422718","distance":199,"service":"Google","detailsUrl":"http://www.google.com/maps/place?source=uds&q=Shoe+Shops&cid=3744075531532409274","advKey":null,"contact":{"blogUrl":null,"email":null,"facebook":null,"fax":null,"foursquare":null,"mobile":null,"phone":"020 7377 8099","twitter":null,"websiteUrl":null},"displayName":null,"photoUrl":null,"thumbUrl":null,"isSponsored":false,"isUserGenerated":false,"isVerified":false,"location":{"fullAddress":"18 Hanbury Street, Shadwell, London, Greater London E1 6QR, United Kingdom","address1":"18 Hanbury Street","address2":null,"address3":null,"city":"London","countryCode":null,"county":"GB","latitude":51.520212,"longitude":-0.073309,"postalCode":null,"region":"Greater London"},"offersCount":0,"openNow":-1,"ratingsCount":0,"tradingName":"Grenson"},{"id":"Google:5826107051","distance":227,"service":"Google","detailsUrl":"http://www.google.com/maps/place?source=uds&q=Shoe+Shops&cid=2372798646930673993","advKey":null,"contact":{"blogUrl":null,"email":null,"facebook":null,"fax":null,"foursquare":null,"mobile":null,"phone":"020 7247 0050","twitter":null,"websiteUrl":null},"displayName":null,"photoUrl":null,"thumbUrl":null,"isSponsored":false,"isUserGenerated":false,"isVerified":false,"location":{"fullAddress":"Unit 2, 114-118 Commercial Street, London E1 6NF, United Kingdom","address1":"Unit 2, 114-118 Commercial Street, London E1 6NF","address2":null,"address3":null,"city":null,"countryCode":null,"county":"GB","latitude":51.520788,"longitude":-0.074702,"postalCode":null,"region":null},"offersCount":0,"openNow":-1,"ratingsCount":0,"tradingName":"Blondie"},{"id":"Google:7848331224","distance":244,"service":"Google","detailsUrl":"http://www.google.com/maps/place?source=uds&q=Shoe+Shops&cid=3636707097792452305","advKey":null,"contact":{"blogUrl":null,"email":null,"facebook":null,"fax":null,"foursquare":null,"mobile":null,"phone":"020 7392 8098","twitter":null,"websiteUrl":null},"displayName":null,"photoUrl":null,"thumbUrl":null,"isSponsored":false,"isUserGenerated":false,"isVerified":false,"location":{"fullAddress":"114 Commercial Street, Spitalfields, London E1 6NF, United Kingdom","address1":"114 Commercial Street, Spitalfields","address2":null,"address3":null,"city":"London","countryCode":null,"county":"GB","latitude":51.520223,"longitude":-0.074361,"postalCode":null,"region":null},"offersCount":0,"openNow":-1,"ratingsCount":0,"tradingName":"AllSaints"},{"id":"Google:7054606292","distance":269,"service":"Google","detailsUrl":"http://www.google.com/maps/place?source=uds&q=Shoe+Shops&cid=11077898931843938834","advKey":null,"contact":{"blogUrl":null,"email":null,"facebook":null,"fax":null,"foursquare":null,"mobile":null,"phone":"020 7377 8426","twitter":null,"websiteUrl":null},"displayName":null,"photoUrl":null,"thumbUrl":null,"isSponsored":false,"isUserGenerated":false,"isVerified":false,"location":{"fullAddress":"100 Commercial Street, Shadwell, London E1 6LZ, United Kingdom","address1":"100 Commercial Street","address2":null,"address3":null,"city":"London","countryCode":null,"county":"GB","latitude":51.519909,"longitude":-0.07435,"postalCode":null,"region":null},"offersCount":0,"openNow":-1,"ratingsCount":0,"tradingName":"Office Shoes"},{"id":"Google:0794947698","distance":572,"service":"Google","detailsUrl":"http://www.google.com/maps/place?source=uds&q=Shoe+Shops&cid=828019489059971770","advKey":null,"contact":{"blogUrl":null,"email":null,"facebook":null,"fax":null,"foursquare":null,"mobile":null,"phone":"020 7247 3500","twitter":null,"websiteUrl":null},"displayName":null,"photoUrl":null,"thumbUrl":null,"isSponsored":false,"isUserGenerated":false,"isVerified":false,"location":{"fullAddress":"United Kingdom","address1":"United Kingdom","address2":null,"address3":null,"city":null,"countryCode":null,"county":"GB","latitude":51.517373,"longitude":-0.076191,"postalCode":null,"region":null},"offersCount":0,"openNow":-1,"ratingsCount":0,"tradingName":"Runners Need"},{"id":"Google:1101630515","distance":643,"service":"Google","detailsUrl":"http://www.google.com/maps/place?source=uds&q=Shoe+Shops&cid=7261657363768450351","advKey":null,"contact":{"blogUrl":null,"email":null,"facebook":null,"fax":null,"foursquare":null,"mobile":null,"phone":"020 7247 3299","twitter":null,"websiteUrl":null},"displayName":null,"photoUrl":null,"thumbUrl":null,"isSponsored":false,"isUserGenerated":false,"isVerified":false,"location":{"fullAddress":"London E1 7TF, United Kingdom","address1":null,"address2":null,"address3":null,"city":"London","countryCode":null,"county":"GB","latitude":51.516879,"longitude":-0.076845,"postalCode":null,"region":null},"offersCount":0,"openNow":-1,"ratingsCount":0,"tradingName":"Something Else Shoes"},{"id":"Google:5306528580","distance":794,"service":"Google","detailsUrl":"http://www.google.com/maps/place?source=uds&q=Shoe+Shops&cid=11792774544231204266","advKey":null,"contact":{"blogUrl":null,"email":null,"facebook":null,"fax":null,"foursquare":null,"mobile":null,"phone":"020 77293334","twitter":null,"websiteUrl":null},"displayName":null,"photoUrl":null,"thumbUrl":null,"isSponsored":false,"isUserGenerated":false,"isVerified":false,"location":{"fullAddress":"42-44 Rivington Street, City of London, London, Greater London EC2A 3BN, United Kingdom","address1":"42-44 Rivington Street","address2":null,"address3":null,"city":"London","countryCode":null,"county":"GB","latitude":51.525997,"longitude":-0.081002,"postalCode":null,"region":"Greater London"},"offersCount":0,"openNow":-1,"ratingsCount":0,"tradingName":"Start"}],"count":8}}