{"meta":{"code":200},"response":{"venues":[{"id":"Google:2059635336","distance":956693,"service":"Google","detailsUrl":"http://www.google.com/maps/place?source=uds&q=Elettrauto&cid=2220599649232216505","advKey":null,"contact":{"blogUrl":null,"email":null,"facebook":null,"fax":null,"foursquare":null,"mobile":null,"phone":"347 7559993","twitter":null,"websiteUrl":null},"displayName":null,"photoUrl":null,"thumbUrl":null,"isSponsored":false,"isUserGenerated":false,"isVerified":false,"location":{"fullAddress":"Via Andrea Solari, 48, 20144 Milan Province of Milan, Italy","address1":"Via Andrea Solari, 48","address2":null,"address3":null,"city":"Milan","countryCode":null,"county":"IT","latitude":45.453632,"longitude":9.15743,"postalCode":null,"region":"MI"},"offersCount":0,"openNow":-1,"ratingsCount":0,"tradingName":"Sapori Solari"},{"id":"Google:4228027793","distance":956861,"service":"Google","detailsUrl":"http://www.google.com/maps/place?source=uds&q=Elettrauto&cid=15872795019872312526","advKey":null,"contact":{"blogUrl":null,"email":null,"facebook":null,"fax":null,"foursquare":null,"mobile":null,"phone":"347 0637311","twitter":null,"websiteUrl":null},"displayName":null,"photoUrl":null,"thumbUrl":null,"isSponsored":false,"isUserGenerated":false,"isVerified":false,"location":{"fullAddress":"Via Aldo Manuzio, 11, 20124 Milan Province of Milan, Italy","address1":"Via Aldo Manuzio, 11","address2":null,"address3":null,"city":"Milan","countryCode":null,"county":"IT","latitude":45.47845,"longitude":9.200013,"postalCode":null,"region":"MI"},"offersCount":0,"openNow":-1,"ratingsCount":0,"tradingName":"Ristorante Piazza Repubblica"},{"id":"Google:4543412357","distance":956917,"service":"Google","detailsUrl":"http://www.google.com/maps/place?source=uds&q=Elettrauto&cid=372463266336302210","advKey":null,"contact":{"blogUrl":null,"email":null,"facebook":null,"fax":null,"foursquare":null,"mobile":null,"phone":"02 876730","twitter":null,"websiteUrl":null},"displayName":null,"photoUrl":null,"thumbUrl":null,"isSponsored":false,"isUserGenerated":false,"isVerified":false,"location":{"fullAddress":"Via Santa Maria alla Porta, 11, 20123 Milan Province of Milan, Italy","address1":"Via Santa Maria alla Porta, 11","address2":null,"address3":null,"city":"Milan","countryCode":null,"county":"IT","latitude":45.465522,"longitude":9.180617,"postalCode":null,"region":"Lombardy"},"offersCount":0,"openNow":-1,"ratingsCount":0,"tradingName":"Pasticceria Marchesi"},{"id":"Google:5914502739","distance":957008,"service":"Google","detailsUrl":"http://www.google.com/maps/place?source=uds&q=Elettrauto&cid=14098733664641194228","advKey":null,"contact":{"blogUrl":null,"email":null,"facebook":null,"fax":null,"foursquare":null,"mobile":null,"phone":"02 2730 0066","twitter":null,"websiteUrl":null},"displayName":null,"photoUrl":null,"thumbUrl":null,"isSponsored":false,"isUserGenerated":false,"isVerified":false,"location":{"fullAddress":"Via Ingegnoli, 27/A, 20093 Cologno Monzese Province of Milan, Italy","address1":"Via Ingegnoli, 27/A","address2":null,"address3":null,"city":"Cologno Monzese","countryCode":null,"county":"IT","latitude":45.519226,"longitude":9.26687,"postalCode":null,"region":null},"offersCount":0,"openNow":-1,"ratingsCount":0,"tradingName":"Elettrauto Pistillo Luciano"},{"id":"Google:9640144748","distance":957456,"service":"Google","detailsUrl":"http://www.google.com/maps/place?source=uds&q=Elettrauto&cid=15280436267961004083","advKey":null,"contact":{"blogUrl":null,"email":null,"facebook":null,"fax":null,"foursquare":null,"mobile":null,"phone":"02 29526171","twitter":null,"websiteUrl":null},"displayName":null,"photoUrl":null,"thumbUrl":null,"isSponsored":false,"isUserGenerated":false,"isVerified":false,"location":{"fullAddress":"Piazza Guglielmo Oberdan, 12, 20129 Milan Province of Milan, Italy","address1":"Piazza Guglielmo Oberdan, 12","address2":null,"address3":null,"city":"Milan","countryCode":null,"county":"IT","latitude":45.47472,"longitude":9.205507,"postalCode":null,"region":null},"offersCount":0,"openNow":-1,"ratingsCount":0,"tradingName":"Hotel Mercure Milano Centro"},{"id":"Google:8759970332","distance":958664,"service":"Google","detailsUrl":"http://www.google.com/maps/place?source=uds&q=Elettrauto&cid=13488221883709645404","advKey":null,"contact":{"blogUrl":null,"email":null,"facebook":null,"fax":null,"foursquare":null,"mobile":null,"phone":"02 55190246","twitter":null,"websiteUrl":null},"displayName":null,"photoUrl":null,"thumbUrl":null,"isSponsored":false,"isUserGenerated":false,"isVerified":false,"location":{"fullAddress":"Via Pietro Calvi, 32, 20129 Milan Province of Milan, Italy","address1":"Via Pietro Calvi, 32","address2":null,"address3":null,"city":"Milan","countryCode":null,"county":"IT","latitude":45.463204,"longitude":9.210433,"postalCode":null,"region":"MI"},"offersCount":0,"openNow":-1,"ratingsCount":0,"tradingName":"Hotel Vittoria"},{"id":"Google:3786226294","distance":958864,"service":"Google","detailsUrl":"http://www.google.com/maps/place?source=uds&q=Elettrauto&cid=16040186912256618190","advKey":null,"contact":{"blogUrl":null,"email":null,"facebook":null,"fax":null,"foursquare":null,"mobile":null,"phone":"02 58319061","twitter":null,"websiteUrl":null},"displayName":null,"photoUrl":null,"thumbUrl":null,"isSponsored":false,"isUserGenerated":false,"isVerified":false,"location":{"fullAddress":"Viale Bligny, 56, 20136 Milan Province of Milan, Italy","address1":"Viale Bligny, 56","address2":null,"address3":null,"city":"Milan","countryCode":null,"county":"IT","latitude":45.45085,"longitude":9.194687,"postalCode":null,"region":"MI"},"offersCount":0,"openNow":-1,"ratingsCount":0,"tradingName":"Hotel Liberty"},{"id":"Google:2979763470","distance":959005,"service":"Google","detailsUrl":"http://www.google.com/maps/place?source=uds&q=Elettrauto&cid=15491976972373303038","advKey":null,"contact":{"blogUrl":null,"email":null,"facebook":null,"fax":null,"foursquare":null,"mobile":null,"phone":"02 7381688","twitter":null,"websiteUrl":null},"displayName":null,"photoUrl":null,"thumbUrl":null,"isSponsored":false,"isUserGenerated":false,"isVerified":false,"location":{"fullAddress":"Via Camillo Hajech, 18, 20129 Milan Province of Milan, Italy","address1":"Via Camillo Hajech, 18","address2":null,"address3":null,"city":"Milan","countryCode":null,"county":"IT","latitude":45.464207,"longitude":9.218534,"postalCode":null,"region":"Lombardy"},"offersCount":0,"openNow":-1,"ratingsCount":0,"tradingName":"Hotel La Caravella"}],"count":8}}