{"meta":{"code":200},"response":{"venues":[{"id":"Google:1000838330","distance":345,"service":"Google","detailsUrl":"http://www.google.com/maps/place?source=uds&q=Herbalists&cid=7529359624547211743","advKey":null,"contact":{"blogUrl":null,"email":null,"facebook":null,"fax":null,"foursquare":null,"mobile":null,"phone":"020 7729 7588","twitter":null,"websiteUrl":null},"displayName":null,"photoUrl":null,"thumbUrl":null,"isSponsored":false,"isUserGenerated":false,"isVerified":false,"location":{"fullAddress":"120 Bethnal Green Road, City of London, Greater London E2 6DG, United Kingdom","address1":"120 Bethnal Green Road","address2":null,"address3":null,"city":"City of London","countryCode":null,"county":"GB","latitude":51.524843,"longitude":-0.071608,"postalCode":null,"region":"Greater London"},"offersCount":0,"openNow":-1,"ratingsCount":0,"tradingName":"Studio Path"},{"id":"Google:3600182675","distance":699,"service":"Google","detailsUrl":"http://www.google.com/maps/place?source=uds&q=Herbalists&cid=1358640447134221267","advKey":null,"contact":{"blogUrl":null,"email":null,"facebook":null,"fax":null,"foursquare":null,"mobile":null,"phone":"020 7729 5100","twitter":null,"websiteUrl":null},"displayName":null,"photoUrl":null,"thumbUrl":null,"isSponsored":false,"isUserGenerated":false,"isVerified":false,"location":{"fullAddress":"305 Bethnal Green Road, London E2 6AH, United Kingdom","address1":"305 Bethnal Green Road","address2":null,"address3":null,"city":"London","countryCode":null,"county":"GB","latitude":51.526496,"longitude":-0.065186,"postalCode":null,"region":null},"offersCount":0,"openNow":-1,"ratingsCount":0,"tradingName":"Chinese Herbal Remedy Centre"},{"id":"Google:8895105267","distance":2384,"service":"Google","detailsUrl":"http://www.google.com/maps/place?source=uds&q=Herbalists&cid=16759738766943843556","advKey":null,"contact":{"blogUrl":null,"email":null,"facebook":null,"fax":null,"foursquare":null,"mobile":null,"phone":"020 7127 4682","twitter":null,"websiteUrl":null},"displayName":null,"photoUrl":null,"thumbUrl":null,"isSponsored":false,"isUserGenerated":false,"isVerified":false,"location":{"fullAddress":"41 Snowsfields, London, London Bridge, London SE1 3SU, United Kingdom","address1":"41 Snowsfields","address2":null,"address3":null,"city":"London Bridge","countryCode":null,"county":"GB","latitude":51.50224,"longitude":-0.086142,"postalCode":null,"region":"London"},"offersCount":0,"openNow":-1,"ratingsCount":0,"tradingName":"Turquoise Ray Ltd"},{"id":"Google:9436304155","distance":2627,"service":"Google","detailsUrl":"http://www.google.com/maps/place?source=uds&q=Herbalists&cid=16009979484644659628","advKey":null,"contact":{"blogUrl":null,"email":null,"facebook":null,"fax":null,"foursquare":null,"mobile":null,"phone":"020 7249 7502","twitter":null,"websiteUrl":null},"displayName":null,"photoUrl":null,"thumbUrl":null,"isSponsored":false,"isUserGenerated":false,"isVerified":false,"location":{"fullAddress":"556 Kingsland Road, Dalston, London E8 4AH, United Kingdom","address1":"556 Kingsland Road","address2":null,"address3":null,"city":"London","countryCode":null,"county":"GB","latitude":51.545232,"longitude":-0.075755,"postalCode":null,"region":null},"offersCount":0,"openNow":-1,"ratingsCount":0,"tradingName":"Shanghai Herbal Acupuncture Clinic"},{"id":"Google:6233460702","distance":2637,"service":"Google","detailsUrl":"http://www.google.com/maps/place?source=uds&q=Herbalists&cid=3377429490401149801","advKey":null,"contact":{"blogUrl":null,"email":null,"facebook":null,"fax":null,"foursquare":null,"mobile":null,"phone":"020 7404 8839","twitter":null,"websiteUrl":null},"displayName":null,"photoUrl":null,"thumbUrl":null,"isSponsored":false,"isUserGenerated":false,"isVerified":false,"location":{"fullAddress":"94 Leather La, London EC1N 7TX, United Kingdom","address1":"94 Leather La","address2":null,"address3":null,"city":"London","countryCode":null,"county":"GB","latitude":51.521626,"longitude":-0.109901,"postalCode":null,"region":null},"offersCount":0,"openNow":-1,"ratingsCount":0,"tradingName":"China Supercare Ltd"},{"id":"Google:0645551058","distance":2895,"service":"Google","detailsUrl":"http://www.google.com/maps/place?source=uds&q=Herbalists&cid=1945463142195152572","advKey":null,"contact":{"blogUrl":null,"email":null,"facebook":null,"fax":null,"foursquare":null,"mobile":null,"phone":"020 7252 0698","twitter":null,"websiteUrl":null},"displayName":null,"photoUrl":null,"thumbUrl":null,"isSponsored":false,"isUserGenerated":false,"isVerified":false,"location":{"fullAddress":"96 Tower Bridge Road, London, Greater London SE1 4TP, United Kingdom","address1":"96 Tower Bridge Road","address2":null,"address3":null,"city":"London","countryCode":null,"county":"GB","latitude":51.496489,"longitude":-0.082042,"postalCode":null,"region":"Greater London"},"offersCount":0,"openNow":-1,"ratingsCount":0,"tradingName":"S J Y Chinese Medicine"},{"id":"Google:7069637412","distance":3179,"service":"Google","detailsUrl":"http://www.google.com/maps/place?source=uds&q=Herbalists&cid=10949782100449714643","advKey":null,"contact":{"blogUrl":null,"email":null,"facebook":null,"fax":null,"foursquare":null,"mobile":null,"phone":"020 8525 5841","twitter":null,"websiteUrl":null},"displayName":null,"photoUrl":null,"thumbUrl":null,"isSponsored":false,"isUserGenerated":false,"isVerified":false,"location":{"fullAddress":"368 Mare Street, Kingsland, London E8 1HR, United Kingdom","address1":"368 Mare Street","address2":null,"address3":null,"city":"London","countryCode":null,"county":"GB","latitude":51.548317,"longitude":-0.054868,"postalCode":null,"region":null},"offersCount":0,"openNow":-1,"ratingsCount":0,"tradingName":"Chinese Herbal Medicine"},{"id":"Google:3500270581","distance":4321,"service":"Google","detailsUrl":"http://www.google.com/maps/place?source=uds&q=Herbalists&cid=6954603747841715895","advKey":null,"contact":{"blogUrl":null,"email":null,"facebook":null,"fax":null,"foursquare":null,"mobile":null,"phone":"020 7287 1086","twitter":null,"websiteUrl":null},"displayName":null,"photoUrl":null,"thumbUrl":null,"isSponsored":false,"isUserGenerated":false,"isVerified":false,"location":{"fullAddress":"54-56 Shaftesbury Avenue, London Chinatown, London W1D 6LR, United Kingdom","address1":"54-56 Shaftesbury Avenue","address2":null,"address3":null,"city":"London","countryCode":null,"county":"GB","latitude":51.51181,"longitude":-0.132168,"postalCode":null,"region":null},"offersCount":0,"openNow":-1,"ratingsCount":0,"tradingName":"Everwell Chinese Medical Centre"}],"count":8}}