{"meta":{"code":200},"response":{"venues":[{"id":"Google:6244650995","distance":11,"service":"Google","detailsUrl":"http://www.google.com/maps/place?source=uds&q=Hotels&cid=12127894767407222331","advKey":null,"contact":{"blogUrl":null,"email":null,"facebook":null,"fax":null,"foursquare":null,"mobile":null,"phone":"07946 073737","twitter":null,"websiteUrl":null},"displayName":null,"photoUrl":null,"thumbUrl":null,"isSponsored":false,"isUserGenerated":false,"isVerified":false,"location":{"fullAddress":"63 Brick Lane, London Borough of Tower Hamlets, E1 6RL, United Kingdom","address1":"63 Brick Lane","address2":null,"address3":null,"city":"London","countryCode":null,"county":"GB","latitude":51.521688,"longitude":-0.07194,"postalCode":null,"region":"Greater London"},"offersCount":0,"openNow":-1,"ratingsCount":0,"tradingName":"Brick Lane Cars"},{"id":"Google:1957662449","distance":34,"service":"Google","detailsUrl":"http://www.google.com/maps/place?source=uds&q=Hotels&cid=7168761873574960100","advKey":null,"contact":{"blogUrl":null,"email":null,"facebook":null,"fax":null,"foursquare":null,"mobile":null,"phone":"020 7770 6006","twitter":null,"websiteUrl":null},"displayName":null,"photoUrl":null,"thumbUrl":null,"isSponsored":false,"isUserGenerated":false,"isVerified":false,"location":{"fullAddress":"150 Brick Lane, London, Greater London E1 6QL, United Kingdom","address1":"150 Brick Lane","address2":null,"address3":null,"city":"London","countryCode":null,"county":"GB","latitude":51.521432,"longitude":-0.071684,"postalCode":null,"region":"Greater London"},"offersCount":0,"openNow":-1,"ratingsCount":0,"tradingName":"93 Feet East"},{"id":"Google:8888418406","distance":94,"service":"Google","detailsUrl":"http://www.google.com/maps/place?source=uds&q=Hotels&cid=17481256202014812904","advKey":null,"contact":{"blogUrl":null,"email":null,"facebook":null,"fax":null,"foursquare":null,"mobile":null,"phone":"020 7247 2684","twitter":null,"websiteUrl":null},"displayName":null,"photoUrl":null,"thumbUrl":null,"isSponsored":false,"isUserGenerated":false,"isVerified":false,"location":{"fullAddress":"91 Brick Lane, City of London, E1 6QL, United Kingdom","address1":"91 Brick Lane","address2":null,"address3":null,"city":null,"countryCode":null,"county":"GB","latitude":51.521278,"longitude":-0.072945,"postalCode":null,"region":null},"offersCount":0,"openNow":-1,"ratingsCount":0,"tradingName":"Stolen Space"},{"id":"Google:4653672596","distance":214,"service":"Google","detailsUrl":"http://www.google.com/maps/place?source=uds&q=Hotels&cid=5876282641732795320","advKey":null,"contact":{"blogUrl":null,"email":null,"facebook":null,"fax":null,"foursquare":null,"mobile":null,"phone":"020 7247 5352","twitter":null,"websiteUrl":null},"displayName":null,"photoUrl":null,"thumbUrl":null,"isSponsored":false,"isUserGenerated":false,"isVerified":false,"location":{"fullAddress":"19 Princelet Street, London, Greater London E1 6QH, United Kingdom","address1":"19 Princelet Street","address2":null,"address3":null,"city":"London","countryCode":null,"county":"GB","latitude":51.519861,"longitude":-0.072507,"postalCode":null,"region":"Greater London"},"offersCount":0,"openNow":-1,"ratingsCount":0,"tradingName":"The Museum of Immigration and Diversity at 19 Princelet Street"},{"id":"Google:8161016981","distance":242,"service":"Google","detailsUrl":"http://www.google.com/maps/place?source=uds&q=Hotels&cid=10117610254088630752","advKey":null,"contact":{"blogUrl":null,"email":null,"facebook":null,"fax":null,"foursquare":null,"mobile":null,"phone":"020 7729 9721","twitter":null,"websiteUrl":null},"displayName":null,"photoUrl":null,"thumbUrl":null,"isSponsored":false,"isUserGenerated":false,"isVerified":false,"location":{"fullAddress":"196 Brick Lane, London, UK E1 6SA, United Kingdom","address1":"196 Brick Lane","address2":null,"address3":null,"city":"London","countryCode":null,"county":"GB","latitude":51.523905,"longitude":-0.071422,"postalCode":null,"region":"UK"},"offersCount":0,"openNow":-1,"ratingsCount":0,"tradingName":"The Brick Lane Gallery"},{"id":"Google:8649856470","distance":392,"service":"Google","detailsUrl":"http://www.google.com/maps/place?source=uds&q=Hotels&cid=16940303475750639336","advKey":null,"contact":{"blogUrl":null,"email":null,"facebook":null,"fax":null,"foursquare":null,"mobile":null,"phone":"020 7247 4013","twitter":null,"websiteUrl":null},"displayName":null,"photoUrl":null,"thumbUrl":null,"isSponsored":false,"isUserGenerated":false,"isVerified":false,"location":{"fullAddress":"18 Folgate Street, London, Greater London E1 6BX, United Kingdom","address1":"18 Folgate Street","address2":null,"address3":null,"city":"London","countryCode":null,"county":"GB","latitude":51.521011,"longitude":-0.077343,"postalCode":null,"region":"Greater London"},"offersCount":0,"openNow":-1,"ratingsCount":0,"tradingName":"Dennis Severs' House"},{"id":"Google:8517076764","distance":442,"service":"Google","detailsUrl":"http://www.google.com/maps/place?source=uds&q=Hotels&cid=9987962349646517622","advKey":null,"contact":{"blogUrl":null,"email":null,"facebook":null,"fax":null,"foursquare":null,"mobile":null,"phone":"020 7377 8080","twitter":null,"websiteUrl":null},"displayName":null,"photoUrl":null,"thumbUrl":null,"isSponsored":false,"isUserGenerated":false,"isVerified":false,"location":{"fullAddress":"13 Brick Lane, London, Greater London E1 6PU, United Kingdom","address1":"13 Brick Lane","address2":null,"address3":null,"city":"London","countryCode":null,"county":"GB","latitude":51.517774,"longitude":-0.071218,"postalCode":null,"region":"Greater London"},"offersCount":0,"openNow":-1,"ratingsCount":0,"tradingName":"Brick Lane Hotel"},{"id":"Google:1751466103","distance":877,"service":"Google","detailsUrl":"http://www.google.com/maps/place?source=uds&q=Hotels&cid=1450881115229364695","advKey":null,"contact":{"blogUrl":null,"email":null,"facebook":null,"fax":null,"foursquare":null,"mobile":null,"phone":"020 7550 1000","twitter":null,"websiteUrl":null},"displayName":null,"photoUrl":null,"thumbUrl":null,"isSponsored":false,"isUserGenerated":false,"isVerified":false,"location":{"fullAddress":"81 Great Eastern Street, City of London, London, United Kingdom","address1":"81 Great Eastern Street","address2":null,"address3":null,"city":"London","countryCode":null,"county":"GB","latitude":51.525367,"longitude":-0.08305,"postalCode":null,"region":null},"offersCount":0,"openNow":-1,"ratingsCount":0,"tradingName":"The Hoxton Hotel"}],"count":8}}