{"meta":{"code":200},"response":{"venues":[{"id":"Google:2002282328","distance":158,"service":"Google","detailsUrl":"http://www.google.com/maps/place?source=uds&q=Bus+Stations&cid=16709692119989607840","advKey":null,"contact":{"blogUrl":null,"email":null,"facebook":null,"fax":null,"foursquare":null,"mobile":null,"phone":null,"twitter":null,"websiteUrl":null},"displayName":null,"photoUrl":null,"thumbUrl":null,"isSponsored":false,"isUserGenerated":false,"isVerified":false,"location":{"fullAddress":"London, Greater London, United Kingdom","address1":null,"address2":null,"address3":null,"city":"London","countryCode":null,"county":"GB","latitude":51.520695,"longitude":-0.073355,"postalCode":null,"region":"Greater London"},"offersCount":0,"openNow":-1,"ratingsCount":0,"tradingName":"Grey Eagle Street Car Park"},{"id":"Google:0873398503","distance":227,"service":"Google","detailsUrl":"http://www.google.com/maps/place?source=uds&q=Bus+Stations&cid=13925636774115357749","advKey":null,"contact":{"blogUrl":null,"email":null,"facebook":null,"fax":null,"foursquare":null,"mobile":null,"phone":null,"twitter":null,"websiteUrl":null},"displayName":null,"photoUrl":null,"thumbUrl":null,"isSponsored":false,"isUserGenerated":false,"isVerified":false,"location":{"fullAddress":"London, Greater London, United Kingdom","address1":null,"address2":null,"address3":null,"city":"London","countryCode":null,"county":"GB","latitude":51.523776,"longitude":-0.072094,"postalCode":null,"region":"Greater London"},"offersCount":0,"openNow":-1,"ratingsCount":0,"tradingName":"Cygnet Street Car Park"},{"id":"Google:9116662226","distance":744,"service":"Google","detailsUrl":"http://www.google.com/maps/place?source=uds&q=Bus+Stations&cid=11967055076214937948","advKey":null,"contact":{"blogUrl":null,"email":null,"facebook":null,"fax":null,"foursquare":null,"mobile":null,"phone":"020 7222 1234","twitter":null,"websiteUrl":null},"displayName":null,"photoUrl":null,"thumbUrl":null,"isSponsored":false,"isUserGenerated":false,"isVerified":false,"location":{"fullAddress":"122 Whitechapel High Street, London E1 7PT, United Kingdom","address1":"122 Whitechapel High Street","address2":null,"address3":null,"city":"London","countryCode":null,"county":"GB","latitude":51.515062,"longitude":-0.07271,"postalCode":null,"region":null},"offersCount":0,"openNow":-1,"ratingsCount":0,"tradingName":"Aldgate bus station"},{"id":"Google:4299880484","distance":761,"service":"Google","detailsUrl":"http://www.google.com/maps/place?source=uds&q=Bus+Stations&cid=9112307006188912374","advKey":null,"contact":{"blogUrl":null,"email":null,"facebook":null,"fax":null,"foursquare":null,"mobile":null,"phone":"0845 711 4141","twitter":null,"websiteUrl":null},"displayName":null,"photoUrl":null,"thumbUrl":null,"isSponsored":false,"isUserGenerated":false,"isVerified":false,"location":{"fullAddress":"Bishopsgate, London, UK EC2M 7QH, United Kingdom","address1":"Bishopsgate","address2":null,"address3":null,"city":"London","countryCode":null,"county":"GB","latitude":51.517662,"longitude":-0.080637,"postalCode":null,"region":"UK"},"offersCount":0,"openNow":-1,"ratingsCount":0,"tradingName":"Liverpool Street station"},{"id":"Google:5150767645","distance":863,"service":"Google","detailsUrl":"http://www.google.com/maps/place?source=uds&q=Bus+Stations&cid=13034797115153584280","advKey":null,"contact":{"blogUrl":null,"email":null,"facebook":null,"fax":null,"foursquare":null,"mobile":null,"phone":"020 7377 9562","twitter":null,"websiteUrl":null},"displayName":null,"photoUrl":null,"thumbUrl":null,"isSponsored":false,"isUserGenerated":false,"isVerified":false,"location":{"fullAddress":"Unit 25 The Concourse, Liverpool Street Station, London EC2M 7PY, United Kingdom","address1":"Unit 25 The Concourse, Liverpool Street Station","address2":null,"address3":null,"city":"London","countryCode":null,"county":"GB","latitude":51.517641,"longitude":-0.082392,"postalCode":null,"region":null},"offersCount":0,"openNow":-1,"ratingsCount":0,"tradingName":"McDonald's Liverpool Street Station"},{"id":"Google:8461020272","distance":934,"service":"Google","detailsUrl":"http://www.google.com/maps/place?source=uds&q=Bus+Stations&cid=3660034432533324166","advKey":null,"contact":{"blogUrl":null,"email":null,"facebook":null,"fax":null,"foursquare":null,"mobile":null,"phone":"0843 222 1234","twitter":null,"websiteUrl":null},"displayName":null,"photoUrl":null,"thumbUrl":null,"isSponsored":false,"isUserGenerated":false,"isVerified":false,"location":{"fullAddress":"Cheapside, The City EC2V 6AA, United Kingdom","address1":"Cheapside","address2":null,"address3":null,"city":"The City","countryCode":null,"county":"GB","latitude":51.529362,"longitude":-0.077451,"postalCode":null,"region":null},"offersCount":0,"openNow":-1,"ratingsCount":0,"tradingName":"Old Street Station"},{"id":"Google:4978792575","distance":995,"service":"Google","detailsUrl":"http://www.google.com/maps/place?source=uds&q=Bus+Stations&cid=10536976626511106504","advKey":null,"contact":{"blogUrl":null,"email":null,"facebook":null,"fax":null,"foursquare":null,"mobile":null,"phone":"020 7071 5001","twitter":null,"websiteUrl":null},"displayName":null,"photoUrl":null,"thumbUrl":null,"isSponsored":false,"isUserGenerated":false,"isVerified":false,"location":{"fullAddress":"30 St Mary Axe, City of London, EC3, UK, United Kingdom","address1":"30 St Mary Axe, City of London, EC3, UK","address2":null,"address3":null,"city":null,"countryCode":null,"county":"GB","latitude":51.514452,"longitude":-0.080153,"postalCode":null,"region":null},"offersCount":0,"openNow":-1,"ratingsCount":0,"tradingName":"30 St Mary Axe"},{"id":"Google:8968345262","distance":1180,"service":"Google","detailsUrl":"http://www.google.com/maps/place?source=uds&q=Bus+Stations&cid=13836774320401707066","advKey":null,"contact":{"blogUrl":null,"email":null,"facebook":null,"fax":null,"foursquare":null,"mobile":null,"phone":"020 7327 1000","twitter":null,"websiteUrl":null},"displayName":null,"photoUrl":null,"thumbUrl":null,"isSponsored":false,"isUserGenerated":false,"isVerified":false,"location":{"fullAddress":"1 Lime Street, London, Greater London EC3M 7HA, United Kingdom","address1":"1 Lime Street","address2":null,"address3":null,"city":"London","countryCode":null,"county":"GB","latitude":51.513206,"longitude":-0.081949,"postalCode":null,"region":"Greater London"},"offersCount":0,"openNow":-1,"ratingsCount":0,"tradingName":"Lloyd's of London"}],"count":8}}