{"meta":{"code":200},"response":{"venues":[{"id":"Google:4035524328","distance":346,"service":"Google","detailsUrl":"http://www.google.com/maps/place?source=uds&q=Flower+Shops&cid=1670736571940687412","advKey":null,"contact":{"blogUrl":null,"email":null,"facebook":null,"fax":null,"foursquare":null,"mobile":null,"phone":"020 7247 7329","twitter":null,"websiteUrl":null},"displayName":null,"photoUrl":null,"thumbUrl":null,"isSponsored":false,"isUserGenerated":false,"isVerified":false,"location":{"fullAddress":"Commercial Street, London E1 6BD, United Kingdom","address1":"Commercial Street","address2":null,"address3":null,"city":"London","countryCode":null,"county":"GB","latitude":51.519038,"longitude":-0.074286,"postalCode":null,"region":null},"offersCount":0,"openNow":-1,"ratingsCount":0,"tradingName":"Florist of UK 24 Hours"},{"id":"Google:6592443375","distance":413,"service":"Google","detailsUrl":"http://www.google.com/maps/place?source=uds&q=Flower+Shops&cid=6899987193865732558","advKey":null,"contact":{"blogUrl":null,"email":null,"facebook":null,"fax":null,"foursquare":null,"mobile":null,"phone":"020 7539 9330","twitter":null,"websiteUrl":null},"displayName":null,"photoUrl":null,"thumbUrl":null,"isSponsored":false,"isUserGenerated":false,"isVerified":false,"location":{"fullAddress":"Market Street, Shadwell, London E1 6DT, United Kingdom","address1":"Market Street","address2":null,"address3":null,"city":"London","countryCode":null,"county":"GB","latitude":51.519785,"longitude":-0.076868,"postalCode":null,"region":null},"offersCount":0,"openNow":-1,"ratingsCount":0,"tradingName":"4 You"},{"id":"Google:3371960463","distance":806,"service":"Google","detailsUrl":"http://www.google.com/maps/place?source=uds&q=Flower+Shops&cid=12088982164973094026","advKey":null,"contact":{"blogUrl":null,"email":null,"facebook":null,"fax":null,"foursquare":null,"mobile":null,"phone":"020 7613 0876","twitter":null,"websiteUrl":null},"displayName":null,"photoUrl":null,"thumbUrl":null,"isSponsored":false,"isUserGenerated":false,"isVerified":false,"location":{"fullAddress":"Columbia Road, London, Greater London, United Kingdom","address1":"Columbia Road","address2":null,"address3":null,"city":"London","countryCode":null,"county":"GB","latitude":51.528931,"longitude":-0.07031,"postalCode":null,"region":"Greater London"},"offersCount":0,"openNow":-1,"ratingsCount":0,"tradingName":"Columbia Road Flower Market"},{"id":"Google:1051529928","distance":814,"service":"Google","detailsUrl":"http://www.google.com/maps/place?source=uds&q=Flower+Shops&cid=9074454227883390470","advKey":null,"contact":{"blogUrl":null,"email":null,"facebook":null,"fax":null,"foursquare":null,"mobile":null,"phone":"020 7403 7774","twitter":null,"websiteUrl":null},"displayName":null,"photoUrl":null,"thumbUrl":null,"isSponsored":false,"isUserGenerated":false,"isVerified":false,"location":{"fullAddress":"47 Liverpool Street Railway Station, The City, London EC2M 7PY, United Kingdom","address1":"47 Liverpool Street Railway Station","address2":null,"address3":null,"city":"London","countryCode":null,"county":"GB","latitude":51.517678,"longitude":-0.081585,"postalCode":null,"region":null},"offersCount":0,"openNow":-1,"ratingsCount":0,"tradingName":"Igloo Flowers"},{"id":"Google:9836412344","distance":829,"service":"Google","detailsUrl":"http://www.google.com/maps/place?source=uds&q=Flower+Shops&cid=7065238717027808843","advKey":null,"contact":{"blogUrl":null,"email":null,"facebook":null,"fax":null,"foursquare":null,"mobile":null,"phone":"020 7618 5350","twitter":null,"websiteUrl":null},"displayName":null,"photoUrl":null,"thumbUrl":null,"isSponsored":false,"isUserGenerated":false,"isVerified":false,"location":{"fullAddress":"40 Liverpool Street, City of London, London, Greater London EC2M 7QN, United Kingdom","address1":"40 Liverpool Street","address2":null,"address3":null,"city":"London","countryCode":null,"county":"GB","latitude":51.517306,"longitude":-0.081432,"postalCode":null,"region":"Greater London"},"offersCount":0,"openNow":-1,"ratingsCount":0,"tradingName":"Hayford & Rhodes"},{"id":"Google:5583289694","distance":912,"service":"Google","detailsUrl":"http://www.google.com/maps/place?source=uds&q=Flower+Shops&cid=3203850908730773418","advKey":null,"contact":{"blogUrl":null,"email":null,"facebook":null,"fax":null,"foursquare":null,"mobile":null,"phone":"020 7422 0078","twitter":null,"websiteUrl":null},"displayName":null,"photoUrl":null,"thumbUrl":null,"isSponsored":false,"isUserGenerated":false,"isVerified":false,"location":{"fullAddress":"Liverpool Street Station, Upper Level, London EC2M 7PY, United Kingdom","address1":"Liverpool Street Station, Upper Level","address2":null,"address3":null,"city":"London","countryCode":null,"county":"GB","latitude":51.51742,"longitude":-0.082998,"postalCode":null,"region":null},"offersCount":0,"openNow":-1,"ratingsCount":0,"tradingName":"Isle Of Flowers"},{"id":"Google:5628809891","distance":1085,"service":"Google","detailsUrl":"http://www.google.com/maps/place?source=uds&q=Flower+Shops&cid=18065462235254272218","advKey":null,"contact":{"blogUrl":null,"email":null,"facebook":null,"fax":null,"foursquare":null,"mobile":null,"phone":"07984 159527","twitter":null,"websiteUrl":null},"displayName":null,"photoUrl":null,"thumbUrl":null,"isSponsored":false,"isUserGenerated":false,"isVerified":false,"location":{"fullAddress":"70 Finsbury Pavement, London, EC2A 1SA, United Kingdom","address1":"70 Finsbury Pavement, London, EC2A 1SA","address2":null,"address3":null,"city":null,"countryCode":null,"county":"GB","latitude":51.519538,"longitude":-0.087069,"postalCode":null,"region":null},"offersCount":0,"openNow":-1,"ratingsCount":0,"tradingName":"Farringdon Flowers"},{"id":"Google:7194667335","distance":1505,"service":"Google","detailsUrl":"http://www.google.com/maps/place?source=uds&q=Flower+Shops&cid=14826282419561904059","advKey":null,"contact":{"blogUrl":null,"email":null,"facebook":null,"fax":null,"foursquare":null,"mobile":null,"phone":"0845 468 0102","twitter":null,"websiteUrl":null},"displayName":null,"photoUrl":null,"thumbUrl":null,"isSponsored":false,"isUserGenerated":false,"isVerified":false,"location":{"fullAddress":"41 Gracechurch Street, London EC3V 0BT, United Kingdom","address1":"41 Gracechurch Street","address2":null,"address3":null,"city":"London","countryCode":null,"county":"GB","latitude":51.51128,"longitude":-0.085616,"postalCode":null,"region":null},"offersCount":0,"openNow":-1,"ratingsCount":0,"tradingName":"The Folly"}],"count":8}}