{"meta":{"code":200},"response":{"venues":[{"id":"Google:8225594379","distance":261,"service":"Google","detailsUrl":"http://www.google.com/maps/place?source=uds&q=Pharmacies&cid=1714347985813009595","advKey":null,"contact":{"blogUrl":null,"email":null,"facebook":null,"fax":null,"foursquare":null,"mobile":null,"phone":null,"twitter":null,"websiteUrl":null},"displayName":null,"photoUrl":null,"thumbUrl":null,"isSponsored":false,"isUserGenerated":false,"isVerified":false,"location":{"fullAddress":"143 Commercial Street, Shadwell, London E1 6BJ, United Kingdom","address1":"143 Commercial Street","address2":null,"address3":null,"city":"London","countryCode":null,"county":"GB","latitude":51.520961,"longitude":-0.075361,"postalCode":null,"region":null},"offersCount":0,"openNow":-1,"ratingsCount":0,"tradingName":"International Cosmetics"},{"id":"Google:7877179564","distance":498,"service":"Google","detailsUrl":"http://www.google.com/maps/place?source=uds&q=Pharmacies&cid=16923213163371369033","advKey":null,"contact":{"blogUrl":null,"email":null,"facebook":null,"fax":null,"foursquare":null,"mobile":null,"phone":"020 7247 1895","twitter":null,"websiteUrl":null},"displayName":null,"photoUrl":null,"thumbUrl":null,"isSponsored":false,"isUserGenerated":false,"isVerified":false,"location":{"fullAddress":"14 Old Montague St, London E1 5PB, United Kingdom","address1":"14 Old Montague St","address2":null,"address3":null,"city":"London","countryCode":null,"county":"GB","latitude":51.517657,"longitude":-0.0688,"postalCode":null,"region":null},"offersCount":0,"openNow":-1,"ratingsCount":0,"tradingName":"A B C Pharmacy"},{"id":"Google:5114984223","distance":747,"service":"Google","detailsUrl":"http://www.google.com/maps/place?source=uds&q=Pharmacies&cid=10074156386474134010","advKey":null,"contact":{"blogUrl":null,"email":null,"facebook":null,"fax":null,"foursquare":null,"mobile":null,"phone":"020 7247 6729","twitter":null,"websiteUrl":null},"displayName":null,"photoUrl":null,"thumbUrl":null,"isSponsored":false,"isUserGenerated":false,"isVerified":false,"location":{"fullAddress":"197 Whitechapel Road, Shadwell, London E1 1DE, United Kingdom","address1":"197 Whitechapel Road","address2":null,"address3":null,"city":"London","countryCode":null,"county":"GB","latitude":51.518721,"longitude":-0.062136,"postalCode":null,"region":null},"offersCount":0,"openNow":-1,"ratingsCount":0,"tradingName":"Day Lewis PLC"},{"id":"Google:5121515313","distance":754,"service":"Google","detailsUrl":"http://www.google.com/maps/place?source=uds&q=Pharmacies&cid=10767218962744802818","advKey":null,"contact":{"blogUrl":null,"email":null,"facebook":null,"fax":null,"foursquare":null,"mobile":null,"phone":"020 7739 3201","twitter":null,"websiteUrl":null},"displayName":null,"photoUrl":null,"thumbUrl":null,"isSponsored":false,"isUserGenerated":false,"isVerified":false,"location":{"fullAddress":"104 Columbia Road, City of London, London, Greater London E2 7QB, United Kingdom","address1":"104 Columbia Road","address2":null,"address3":null,"city":"London","countryCode":null,"county":"GB","latitude":51.528488,"longitude":-0.070714,"postalCode":null,"region":"Greater London"},"offersCount":0,"openNow":-1,"ratingsCount":0,"tradingName":"Columbia Pharmacy"},{"id":"Google:8101087353","distance":863,"service":"Google","detailsUrl":"http://www.google.com/maps/place?source=uds&q=Pharmacies&cid=1868910444118614647","advKey":null,"contact":{"blogUrl":null,"email":null,"facebook":null,"fax":null,"foursquare":null,"mobile":null,"phone":"020 7265 0452","twitter":null,"websiteUrl":null},"displayName":null,"photoUrl":null,"thumbUrl":null,"isSponsored":false,"isUserGenerated":false,"isVerified":false,"location":{"fullAddress":"88 Aldgate High Street, City of London, Greater London EC3N 1LH, United Kingdom","address1":"88 Aldgate High Street","address2":null,"address3":null,"city":null,"countryCode":null,"county":"GB","latitude":51.514342,"longitude":-0.075627,"postalCode":null,"region":"Greater London"},"offersCount":0,"openNow":-1,"ratingsCount":0,"tradingName":"Boots"},{"id":"Google:3691185911","distance":865,"service":"Google","detailsUrl":"http://www.google.com/maps/place?source=uds&q=Pharmacies&cid=10482067747855498261","advKey":null,"contact":{"blogUrl":null,"email":null,"facebook":null,"fax":null,"foursquare":null,"mobile":null,"phone":"020 7220 7254","twitter":null,"websiteUrl":null},"displayName":null,"photoUrl":null,"thumbUrl":null,"isSponsored":false,"isUserGenerated":false,"isVerified":false,"location":{"fullAddress":"59-60 Houndsditch, London, Greater London EC3A 7BE, United Kingdom","address1":"59-60 Houndsditch","address2":null,"address3":null,"city":"London","countryCode":null,"county":"GB","latitude":51.515109,"longitude":-0.078359,"postalCode":null,"region":"Greater London"},"offersCount":0,"openNow":-1,"ratingsCount":0,"tradingName":"Boots"},{"id":"Google:8745557563","distance":884,"service":"Google","detailsUrl":"http://www.google.com/maps/place?source=uds&q=Pharmacies&cid=5633867168371608901","advKey":null,"contact":{"blogUrl":null,"email":null,"facebook":null,"fax":null,"foursquare":null,"mobile":null,"phone":"020 7638 7154","twitter":null,"websiteUrl":null},"displayName":null,"photoUrl":null,"thumbUrl":null,"isSponsored":false,"isUserGenerated":false,"isVerified":false,"location":{"fullAddress":"11 Octagon Arcade, London, Greater London EC2M 2AB, United Kingdom","address1":"11 Octagon Arcade","address2":null,"address3":null,"city":"London","countryCode":null,"county":"GB","latitude":51.518126,"longitude":-0.083179,"postalCode":null,"region":"Greater London"},"offersCount":0,"openNow":-1,"ratingsCount":0,"tradingName":"Boots"},{"id":"Google:1266778989","distance":1557,"service":"Google","detailsUrl":"http://www.google.com/maps/place?source=uds&q=Pharmacies&cid=14820359498397323138","advKey":null,"contact":{"blogUrl":null,"email":null,"facebook":null,"fax":null,"foursquare":null,"mobile":null,"phone":"020 7253 9859","twitter":null,"websiteUrl":null},"displayName":null,"photoUrl":null,"thumbUrl":null,"isSponsored":false,"isUserGenerated":false,"isVerified":false,"location":{"fullAddress":"96-98 Murray Grove , Hackney, London, N1 7QP, Greater London N1, United Kingdom","address1":"96-98 Murray Grove , Hackney, London, N1 7QP","address2":null,"address3":null,"city":null,"countryCode":null,"county":"GB","latitude":51.531037,"longitude":-0.08862,"postalCode":null,"region":"Greater London"},"offersCount":0,"openNow":-1,"ratingsCount":0,"tradingName":"Murrays Chemist"}],"count":8}}