{"meta":{"code":200},"response":{"venues":[{"id":"Google:8354306609","distance":754,"service":"Google","detailsUrl":"http://www.google.com/maps/place?source=uds&q=Home+Goods&cid=7222430713963683063","advKey":null,"contact":{"blogUrl":null,"email":null,"facebook":null,"fax":null,"foursquare":null,"mobile":null,"phone":"020 7515 4422","twitter":null,"websiteUrl":null},"displayName":null,"photoUrl":null,"thumbUrl":null,"isSponsored":false,"isUserGenerated":false,"isVerified":false,"location":{"fullAddress":"102 Columbia Rd, London E2 7QB, United Kingdom","address1":"102 Columbia Rd","address2":null,"address3":null,"city":"London","countryCode":null,"county":"GB","latitude":51.528488,"longitude":-0.070714,"postalCode":null,"region":"London"},"offersCount":0,"openNow":-1,"ratingsCount":0,"tradingName":"NOM LIVING"},{"id":"Google:8890772355","distance":845,"service":"Google","detailsUrl":"http://www.google.com/maps/place?source=uds&q=Home+Goods&cid=16997752814003734291","advKey":null,"contact":{"blogUrl":null,"email":null,"facebook":null,"fax":null,"foursquare":null,"mobile":null,"phone":"020 7033 4066","twitter":null,"websiteUrl":null},"displayName":null,"photoUrl":null,"thumbUrl":null,"isSponsored":false,"isUserGenerated":false,"isVerified":false,"location":{"fullAddress":"85 Leonard St, London EC2A 4QS, United Kingdom","address1":"85 Leonard St","address2":null,"address3":null,"city":"London","countryCode":null,"county":"GB","latitude":51.524804,"longitude":-0.082969,"postalCode":null,"region":null},"offersCount":0,"openNow":-1,"ratingsCount":0,"tradingName":"Chiki Chic"},{"id":"Google:8726820333","distance":2518,"service":"Google","detailsUrl":"http://www.google.com/maps/place?source=uds&q=Home+Goods&cid=1637174685036627219","advKey":null,"contact":{"blogUrl":null,"email":null,"facebook":null,"fax":null,"foursquare":null,"mobile":null,"phone":"07976 738307","twitter":null,"websiteUrl":null},"displayName":null,"photoUrl":null,"thumbUrl":null,"isSponsored":false,"isUserGenerated":false,"isVerified":false,"location":{"fullAddress":"39 Morpeth Road, London, Greater London E9 7LD, United Kingdom","address1":"39 Morpeth Road","address2":null,"address3":null,"city":"London","countryCode":null,"county":"GB","latitude":51.5366,"longitude":-0.044322,"postalCode":null,"region":"Greater London"},"offersCount":0,"openNow":-1,"ratingsCount":0,"tradingName":"HAUS"},{"id":"Google:2249244426","distance":2653,"service":"Google","detailsUrl":"http://www.google.com/maps/place?source=uds&q=Home+Goods&cid=41774209758847757","advKey":null,"contact":{"blogUrl":null,"email":null,"facebook":null,"fax":null,"foursquare":null,"mobile":null,"phone":"020 7226 9528","twitter":null,"websiteUrl":null},"displayName":null,"photoUrl":null,"thumbUrl":null,"isSponsored":false,"isUserGenerated":false,"isVerified":false,"location":{"fullAddress":"114, Islington High Street, Camden Passage, London N1 8EG, United Kingdom","address1":"114, Islington High Street, Camden Passage","address2":null,"address3":null,"city":"London","countryCode":null,"county":"GB","latitude":51.534526,"longitude":-0.104174,"postalCode":null,"region":null},"offersCount":0,"openNow":-1,"ratingsCount":0,"tradingName":"Home & Pantry"},{"id":"Google:3139877546","distance":2657,"service":"Google","detailsUrl":"http://www.google.com/maps/place?source=uds&q=Home+Goods&cid=10056028466900181416","advKey":null,"contact":{"blogUrl":null,"email":null,"facebook":null,"fax":null,"foursquare":null,"mobile":null,"phone":"020 7241 0928","twitter":null,"websiteUrl":null},"displayName":null,"photoUrl":null,"thumbUrl":null,"isSponsored":false,"isUserGenerated":false,"isVerified":false,"location":{"fullAddress":"41 Horton Road, London, East London E8 1DP, United Kingdom","address1":"41 Horton Road","address2":null,"address3":null,"city":"London","countryCode":null,"county":"GB","latitude":51.544317,"longitude":-0.059195,"postalCode":null,"region":"East London"},"offersCount":0,"openNow":-1,"ratingsCount":0,"tradingName":"House of Hackney"},{"id":"Google:4523760747","distance":3110,"service":"Google","detailsUrl":"http://www.google.com/maps/place?source=uds&q=Home+Goods&cid=10654710228775238299","advKey":null,"contact":{"blogUrl":null,"email":null,"facebook":null,"fax":null,"foursquare":null,"mobile":null,"phone":"020 7704 6333","twitter":null,"websiteUrl":null},"displayName":null,"photoUrl":null,"thumbUrl":null,"isSponsored":false,"isUserGenerated":false,"isVerified":false,"location":{"fullAddress":"Barnsbury Hall, Barnsbury Street, City of London N1 1PN, United Kingdom","address1":"Barnsbury Hall, Barnsbury Street","address2":null,"address3":null,"city":"City of London","countryCode":null,"county":"GB","latitude":51.541164,"longitude":-0.104131,"postalCode":null,"region":null},"offersCount":0,"openNow":-1,"ratingsCount":0,"tradingName":"Aria"},{"id":"Google:5792295387","distance":5201,"service":"Google","detailsUrl":"http://www.google.com/maps/place?source=uds&q=Home+Goods&cid=17344127049416418557","advKey":null,"contact":{"blogUrl":null,"email":null,"facebook":null,"fax":null,"foursquare":null,"mobile":null,"phone":"020 7493 9509","twitter":null,"websiteUrl":null},"displayName":null,"photoUrl":null,"thumbUrl":null,"isSponsored":false,"isUserGenerated":false,"isVerified":false,"location":{"fullAddress":"25 Brook Street, London W1K 4HB, United Kingdom","address1":"25 Brook Street","address2":null,"address3":null,"city":"London","countryCode":null,"county":"GB","latitude":51.513106,"longitude":-0.145668,"postalCode":null,"region":null},"offersCount":0,"openNow":-1,"ratingsCount":0,"tradingName":"Aspinal of London"},{"id":"Google:5887259410","distance":5549,"service":"Google","detailsUrl":"http://www.google.com/maps/place?source=uds&q=Home+Goods&cid=5510856649254397920","advKey":null,"contact":{"blogUrl":null,"email":null,"facebook":null,"fax":null,"foursquare":null,"mobile":null,"phone":"020 7486 0595","twitter":null,"websiteUrl":null},"displayName":null,"photoUrl":null,"thumbUrl":null,"isSponsored":false,"isUserGenerated":false,"isVerified":false,"location":{"fullAddress":"88 Marylebone High Street, London W1U 4QX, United Kingdom","address1":"88 Marylebone High Street","address2":null,"address3":null,"city":"London","countryCode":null,"county":"GB","latitude":51.520177,"longitude":-0.151952,"postalCode":null,"region":null},"offersCount":0,"openNow":-1,"ratingsCount":0,"tradingName":"Cologne and Cotton"}],"count":8}}