{"meta":{"code":200},"response":{"venues":[{"id":"Google:0791459567","distance":943,"service":"Google","detailsUrl":"http://www.google.com/maps/place?source=uds&q=Adult+Shops&cid=11672715922504949440","advKey":null,"contact":{"blogUrl":null,"email":null,"facebook":null,"fax":null,"foursquare":null,"mobile":null,"phone":"020 7613 5458","twitter":null,"websiteUrl":null},"displayName":null,"photoUrl":null,"thumbUrl":null,"isSponsored":false,"isUserGenerated":false,"isVerified":false,"location":{"fullAddress":"57 Hoxton Sq, London N1 6PB, United Kingdom","address1":"57 Hoxton Sq","address2":null,"address3":null,"city":"London","countryCode":null,"county":"GB","latitude":51.527315,"longitude":-0.082069,"postalCode":null,"region":null},"offersCount":0,"openNow":-1,"ratingsCount":0,"tradingName":"Sh! Women's Erotic Emporium"},{"id":"Google:0911929685","distance":4294,"service":"Google","detailsUrl":"http://www.google.com/maps/place?source=uds&q=Adult+Shops&cid=7653034727109601502","advKey":null,"contact":{"blogUrl":null,"email":null,"facebook":null,"fax":null,"foursquare":null,"mobile":null,"phone":"020 7494 4798","twitter":null,"websiteUrl":null},"displayName":null,"photoUrl":null,"thumbUrl":null,"isSponsored":false,"isUserGenerated":false,"isVerified":false,"location":{"fullAddress":"London W1D 4UB, United Kingdom","address1":null,"address2":null,"address3":null,"city":"London","countryCode":null,"county":"GB","latitude":51.512964,"longitude":-0.132223,"postalCode":null,"region":null},"offersCount":0,"openNow":-1,"ratingsCount":0,"tradingName":"Fifty & Dean"},{"id":"Google:9635792944","distance":5038,"service":"Google","detailsUrl":"http://www.google.com/maps/place?source=uds&q=Adult+Shops&cid=3951488755860773853","advKey":null,"contact":{"blogUrl":null,"email":null,"facebook":null,"fax":null,"foursquare":null,"mobile":null,"phone":"0871 951 1000","twitter":null,"websiteUrl":null},"displayName":null,"photoUrl":null,"thumbUrl":null,"isSponsored":false,"isUserGenerated":false,"isVerified":false,"location":{"fullAddress":"139 Vauxhall Walk, London, Greater London SE11 5HL, United Kingdom","address1":"139 Vauxhall Walk","address2":null,"address3":null,"city":"London","countryCode":null,"county":"GB","latitude":51.488156,"longitude":-0.120666,"postalCode":null,"region":"Greater London"},"offersCount":0,"openNow":-1,"ratingsCount":0,"tradingName":"Tea House Theatre"},{"id":"Google:2363180066","distance":7307,"service":"Google","detailsUrl":"http://www.google.com/maps/place?source=uds&q=Adult+Shops&cid=4585395780894816296","advKey":null,"contact":{"blogUrl":null,"email":null,"facebook":null,"fax":null,"foursquare":null,"mobile":null,"phone":"020 7635 5563","twitter":null,"websiteUrl":null},"displayName":null,"photoUrl":null,"thumbUrl":null,"isSponsored":false,"isUserGenerated":false,"isVerified":false,"location":{"fullAddress":"MacKenzie Court, 300 Ivydale Rd, London SE15 3BN, United Kingdom","address1":"MacKenzie Court, 300 Ivydale Rd","address2":null,"address3":null,"city":"London","countryCode":null,"county":"GB","latitude":51.457765,"longitude":-0.047591,"postalCode":null,"region":null},"offersCount":0,"openNow":-1,"ratingsCount":0,"tradingName":"Sensuality Lingerie"},{"id":"Google:1348551447","distance":8517,"service":"Google","detailsUrl":"http://www.google.com/maps/place?source=uds&q=Adult+Shops&cid=5187166715071172653","advKey":null,"contact":{"blogUrl":null,"email":null,"facebook":null,"fax":null,"foursquare":null,"mobile":null,"phone":"020 8527 0045","twitter":null,"websiteUrl":null},"displayName":null,"photoUrl":null,"thumbUrl":null,"isSponsored":false,"isUserGenerated":false,"isVerified":false,"location":{"fullAddress":"627 Forest Road, London, Greater London E17 4NE, United Kingdom","address1":"627 Forest Road","address2":null,"address3":null,"city":"London","countryCode":null,"county":"GB","latitude":51.590005,"longitude":-0.015913,"postalCode":null,"region":"Greater London"},"offersCount":0,"openNow":-1,"ratingsCount":0,"tradingName":"Private Shops UK"},{"id":"Google:4963249670","distance":10228,"service":"Google","detailsUrl":"http://www.google.com/maps/place?source=uds&q=Adult+Shops&cid=6675436517661628102","advKey":null,"contact":{"blogUrl":null,"email":null,"facebook":null,"fax":null,"foursquare":null,"mobile":null,"phone":"020 7603 2402","twitter":null,"websiteUrl":null},"displayName":null,"photoUrl":null,"thumbUrl":null,"isSponsored":false,"isUserGenerated":false,"isVerified":false,"location":{"fullAddress":"123 Hammersmith Road, London W14 0QL, United Kingdom","address1":"123 Hammersmith Road","address2":null,"address3":null,"city":"London","countryCode":null,"county":"GB","latitude":51.494365,"longitude":-0.212881,"postalCode":null,"region":null},"offersCount":0,"openNow":-1,"ratingsCount":0,"tradingName":"Simply Pleasure"},{"id":"Google:0819701461","distance":11133,"service":"Google","detailsUrl":"http://www.google.com/maps/place?source=uds&q=Adult+Shops&cid=3205157012261212280","advKey":null,"contact":{"blogUrl":null,"email":null,"facebook":null,"fax":null,"foursquare":null,"mobile":null,"phone":"020 7384 1862","twitter":null,"websiteUrl":null},"displayName":null,"photoUrl":null,"thumbUrl":null,"isSponsored":false,"isUserGenerated":false,"isVerified":false,"location":{"fullAddress":"800 Fulham Road, London, Greater London SW6 5SL, United Kingdom","address1":"800 Fulham Road","address2":null,"address3":null,"city":"London","countryCode":null,"county":"GB","latitude":51.471738,"longitude":-0.211127,"postalCode":null,"region":"Greater London"},"offersCount":0,"openNow":-1,"ratingsCount":0,"tradingName":"Ziggla"},{"id":"Google:8291300543","distance":16961,"service":"Google","detailsUrl":"http://www.google.com/maps/place?source=uds&q=Adult+Shops&cid=6182113775002819696","advKey":null,"contact":{"blogUrl":null,"email":null,"facebook":null,"fax":null,"foursquare":null,"mobile":null,"phone":"020 7437 7515","twitter":null,"websiteUrl":null},"displayName":null,"photoUrl":null,"thumbUrl":null,"isSponsored":false,"isUserGenerated":false,"isVerified":false,"location":{"fullAddress":"111 Kew Road, Richmond, Surrey TW9 2PN, United Kingdom","address1":"111 Kew Road","address2":null,"address3":null,"city":"Richmond","countryCode":null,"county":"GB","latitude":51.465381,"longitude":-0.299452,"postalCode":null,"region":"Surrey"},"offersCount":0,"openNow":-1,"ratingsCount":0,"tradingName":"Private Shop"}],"count":8}}