{"meta":{"code":200},"response":{"venues":[{"id":"Google:5426369998","distance":488,"service":"Google","detailsUrl":"http://www.google.com/maps/place?source=uds&q=Auto+Repairs&cid=16939360947439151295","advKey":null,"contact":{"blogUrl":null,"email":null,"facebook":null,"fax":null,"foursquare":null,"mobile":null,"phone":"020 7247 4151","twitter":null,"websiteUrl":null},"displayName":null,"photoUrl":null,"thumbUrl":null,"isSponsored":false,"isUserGenerated":false,"isVerified":false,"location":{"fullAddress":"2 Fairchild Place, London, EC2A 3EN, United Kingdom","address1":"2 Fairchild Place","address2":null,"address3":null,"city":"London","countryCode":null,"county":"GB","latitude":51.522916,"longitude":-0.078588,"postalCode":null,"region":null},"offersCount":0,"openNow":-1,"ratingsCount":0,"tradingName":"City Bike Service"},{"id":"Google:1195197751","distance":522,"service":"Google","detailsUrl":"http://www.google.com/maps/place?source=uds&q=Auto+Repairs&cid=1954660450970762249","advKey":null,"contact":{"blogUrl":null,"email":null,"facebook":null,"fax":null,"foursquare":null,"mobile":null,"phone":"020 7247 7773","twitter":null,"websiteUrl":null},"displayName":null,"photoUrl":null,"thumbUrl":null,"isSponsored":false,"isUserGenerated":false,"isVerified":false,"location":{"fullAddress":"63 Vallance Road, London, Bethnal Green, London E1 5BW, United Kingdom","address1":"63 Vallance Road","address2":null,"address3":null,"city":"Bethnal Green","countryCode":null,"county":"GB","latitude":51.522515,"longitude":-0.064336,"postalCode":null,"region":"London"},"offersCount":0,"openNow":-1,"ratingsCount":0,"tradingName":"Duo Motor"},{"id":"Google:3014601777","distance":581,"service":"Google","detailsUrl":"http://www.google.com/maps/place?source=uds&q=Auto+Repairs&cid=8894012784376394901","advKey":null,"contact":{"blogUrl":null,"email":null,"facebook":null,"fax":null,"foursquare":null,"mobile":null,"phone":"020 7377 2182","twitter":null,"websiteUrl":null},"displayName":null,"photoUrl":null,"thumbUrl":null,"isSponsored":false,"isUserGenerated":false,"isVerified":false,"location":{"fullAddress":"6-8 Hemming Street, City of London, London, Greater London E1 5BL, United Kingdom","address1":"6-8 Hemming Street","address2":null,"address3":null,"city":"London","countryCode":null,"county":"GB","latitude":51.522713,"longitude":-0.063535,"postalCode":null,"region":"Greater London"},"offersCount":0,"openNow":-1,"ratingsCount":0,"tradingName":"KPM Parts"},{"id":"Google:4785883506","distance":724,"service":"Google","detailsUrl":"http://www.google.com/maps/place?source=uds&q=Auto+Repairs&cid=1790267674972763460","advKey":null,"contact":{"blogUrl":null,"email":null,"facebook":null,"fax":null,"foursquare":null,"mobile":null,"phone":"020 7375 1077","twitter":null,"websiteUrl":null},"displayName":null,"photoUrl":null,"thumbUrl":null,"isSponsored":false,"isUserGenerated":false,"isVerified":false,"location":{"fullAddress":"Arch 109 Tent Street, London, E1 5DZ, United Kingdom","address1":"Arch 109 Tent Street, London, E1 5DZ","address2":null,"address3":null,"city":null,"countryCode":null,"county":"GB","latitude":51.523357,"longitude":-0.061648,"postalCode":null,"region":null},"offersCount":0,"openNow":-1,"ratingsCount":0,"tradingName":"E1 Carcolours"},{"id":"Google:4437038791","distance":979,"service":"Google","detailsUrl":"http://www.google.com/maps/place?source=uds&q=Auto+Repairs&cid=6038200126404993084","advKey":null,"contact":{"blogUrl":null,"email":null,"facebook":null,"fax":null,"foursquare":null,"mobile":null,"phone":"020 7729 7482","twitter":null,"websiteUrl":null},"displayName":null,"photoUrl":null,"thumbUrl":null,"isSponsored":false,"isUserGenerated":false,"isVerified":false,"location":{"fullAddress":"387 Bethnal Green Road, City of London, London, Greater London E2 0AN, United Kingdom","address1":"387 Bethnal Green Road","address2":null,"address3":null,"city":"London","countryCode":null,"county":"GB","latitude":51.527021,"longitude":-0.06046,"postalCode":null,"region":"Greater London"},"offersCount":0,"openNow":-1,"ratingsCount":0,"tradingName":"Kwik-Fit"},{"id":"Google:8090691963","distance":992,"service":"Google","detailsUrl":"http://www.google.com/maps/place?source=uds&q=Auto+Repairs&cid=434714998987090908","advKey":null,"contact":{"blogUrl":null,"email":null,"facebook":null,"fax":null,"foursquare":null,"mobile":null,"phone":"020 7729 4775","twitter":null,"websiteUrl":null},"displayName":null,"photoUrl":null,"thumbUrl":null,"isSponsored":false,"isUserGenerated":false,"isVerified":false,"location":{"fullAddress":"207-211  Coventry Road, Bethnal Green, London E2 6JN, United Kingdom","address1":"207-211  Coventry Road","address2":null,"address3":null,"city":"London","countryCode":null,"county":"GB","latitude":51.524249,"longitude":-0.058017,"postalCode":null,"region":null},"offersCount":0,"openNow":-1,"ratingsCount":0,"tradingName":"A1 Car Care Centre Ltd"},{"id":"Google:2263989211","distance":1148,"service":"Google","detailsUrl":"http://www.google.com/maps/place?source=uds&q=Auto+Repairs&cid=7310597664773486550","advKey":null,"contact":{"blogUrl":null,"email":null,"facebook":null,"fax":null,"foursquare":null,"mobile":null,"phone":"020 7480 6859","twitter":null,"websiteUrl":null},"displayName":null,"photoUrl":null,"thumbUrl":null,"isSponsored":false,"isUserGenerated":false,"isVerified":false,"location":{"fullAddress":"145-147 Cannon Street Road, London, City of London, Greater London E1 2LX, United Kingdom","address1":"145-147 Cannon Street Road","address2":null,"address3":null,"city":"City of London","countryCode":null,"county":"GB","latitude":51.51352,"longitude":-0.061734,"postalCode":null,"region":"Greater London"},"offersCount":0,"openNow":-1,"ratingsCount":0,"tradingName":"Mansell Street Garage Ltd"},{"id":"Google:6212952669","distance":1474,"service":"Google","detailsUrl":"http://www.google.com/maps/place?source=uds&q=Auto+Repairs&cid=14709728973597060458","advKey":null,"contact":{"blogUrl":null,"email":null,"facebook":null,"fax":null,"foursquare":null,"mobile":null,"phone":"020 7780 9970","twitter":null,"websiteUrl":null},"displayName":null,"photoUrl":null,"thumbUrl":null,"isSponsored":false,"isUserGenerated":false,"isVerified":false,"location":{"fullAddress":"Anchor House, 123 Mile End Road, Stepney, London E1 4UJ, United Kingdom","address1":"Anchor House, 123 Mile End Road","address2":null,"address3":null,"city":"London","countryCode":null,"county":"GB","latitude":51.521778,"longitude":-0.050471,"postalCode":null,"region":null},"offersCount":0,"openNow":-1,"ratingsCount":0,"tradingName":"Halfords"}],"count":8}}