{"meta":{"code":200},"response":{"venues":[{"id":"3666","distance":930,"service":"NearMe","detailsUrl":null,"advKey":null,"contact":{"blogUrl":null,"email":null,"facebook":null,"fax":null,"foursquare":null,"mobile":null,"phone":null,"twitter":null,"websiteUrl":"http://www.t-mobile.co.uk/"},"displayName":"t_mobile_3666","photoUrl":"http://www.getnearme.com/data/merchants/2012/04/tmobile/t_mobile_3666/yTUlJcUUwN_640x480.png","thumbUrl":"http://www.getnearme.com/data/merchants/2012/04/tmobile/t_mobile_3666/yTUlJcUUwN_72x54.png","isSponsored":false,"isUserGenerated":false,"isVerified":false,"location":{"fullAddress":"78 Old Broad Street, EC2M 1QP London, United Kingdom","address1":"78 Old Broad Street","address2":null,"address3":null,"city":"London","countryCode":"GB","county":null,"latitude":51.517396,"longitude":-0.083288,"postalCode":"EC2M 1QP","region":"GB"},"offersCount":0,"openNow":-1,"ratingsCount":0,"tradingName":"T-Mobile"},{"id":"3652","distance":1173,"service":"NearMe","detailsUrl":null,"advKey":null,"contact":{"blogUrl":null,"email":null,"facebook":null,"fax":null,"foursquare":null,"mobile":null,"phone":null,"twitter":null,"websiteUrl":"http://www.t-mobile.co.uk/"},"displayName":"t_mobile_3652","photoUrl":"http://www.getnearme.com/data/merchants/2012/04/tmobile/t_mobile_3652/xF7DhUFDbm_640x480.png","thumbUrl":"http://www.getnearme.com/data/merchants/2012/04/tmobile/t_mobile_3652/xF7DhUFDbm_72x54.png","isSponsored":false,"isUserGenerated":false,"isVerified":false,"location":{"fullAddress":"142/171 Moorgate, EC2M 6XQ London, United Kingdom","address1":"142/171 Moorgate","address2":null,"address3":null,"city":"London","countryCode":"GB","county":null,"latitude":51.518861,"longitude":-0.088111,"postalCode":"EC2M 6XQ","region":"GB"},"offersCount":0,"openNow":-1,"ratingsCount":0,"tradingName":"T-Mobile"},{"id":"3621","distance":1245,"service":"NearMe","detailsUrl":null,"advKey":null,"contact":{"blogUrl":null,"email":null,"facebook":null,"fax":null,"foursquare":null,"mobile":null,"phone":null,"twitter":null,"websiteUrl":"http://www.t-mobile.co.uk/"},"displayName":"t_mobile_3621","photoUrl":"http://www.getnearme.com/data/merchants/2012/04/tmobile/t_mobile_3621/NYja1J9x9P_640x480.png","thumbUrl":"http://www.getnearme.com/data/merchants/2012/04/tmobile/t_mobile_3621/NYja1J9x9P_72x54.png","isSponsored":false,"isUserGenerated":false,"isVerified":false,"location":{"fullAddress":"1 Leadenhall St, EC3V 1PP City Of London, United Kingdom","address1":"1 Leadenhall St","address2":null,"address3":null,"city":"City Of London","countryCode":"GB","county":null,"latitude":51.513356,"longitude":-0.083739,"postalCode":"EC3V 1PP","region":"GB"},"offersCount":0,"openNow":-1,"ratingsCount":0,"tradingName":"T-Mobile"},{"id":"3522","distance":1682,"service":"NearMe","detailsUrl":null,"advKey":null,"contact":{"blogUrl":null,"email":null,"facebook":null,"fax":null,"foursquare":null,"mobile":null,"phone":null,"twitter":null,"websiteUrl":"http://www.t-mobile.co.uk/"},"displayName":"t_mobile_3522","photoUrl":"http://www.getnearme.com/data/merchants/2012/04/tmobile/t_mobile_3522/7oJENMIxSo_640x480.png","thumbUrl":"http://www.getnearme.com/data/merchants/2012/04/tmobile/t_mobile_3522/7oJENMIxSo_72x54.png","isSponsored":false,"isUserGenerated":false,"isVerified":false,"location":{"fullAddress":"97/98 Cheapside, EC2V 6DY London, United Kingdom","address1":"97/98 Cheapside","address2":null,"address3":null,"city":"London","countryCode":"GB","county":null,"latitude":51.514068,"longitude":-0.092745,"postalCode":"EC2V 6DY","region":"GB"},"offersCount":0,"openNow":-1,"ratingsCount":0,"tradingName":"T-Mobile"},{"id":"3568","distance":2472,"service":"NearMe","detailsUrl":null,"advKey":null,"contact":{"blogUrl":null,"email":null,"facebook":null,"fax":null,"foursquare":null,"mobile":null,"phone":null,"twitter":null,"websiteUrl":"http://www.t-mobile.co.uk/"},"displayName":"t_mobile_3568","photoUrl":"http://www.getnearme.com/data/merchants/2012/04/tmobile/t_mobile_3568/b1zTUKDI5d_640x480.png","thumbUrl":"http://www.getnearme.com/data/merchants/2012/04/tmobile/t_mobile_3568/b1zTUKDI5d_72x54.png","isSponsored":false,"isUserGenerated":false,"isVerified":false,"location":{"fullAddress":"93 Fleet Street, EC4Y 1DH London, United Kingdom","address1":"93 Fleet Street","address2":null,"address3":null,"city":"London","countryCode":"GB","county":null,"latitude":51.514069,"longitude":-0.105336,"postalCode":"EC4Y 1DH","region":"GB"},"offersCount":0,"openNow":-1,"ratingsCount":0,"tradingName":"T-Mobile"},{"id":"3609","distance":2730,"service":"NearMe","detailsUrl":null,"advKey":null,"contact":{"blogUrl":null,"email":null,"facebook":null,"fax":null,"foursquare":null,"mobile":null,"phone":null,"twitter":null,"websiteUrl":"http://www.t-mobile.co.uk/"},"displayName":"t_mobile_3609","photoUrl":"http://www.getnearme.com/data/merchants/2012/04/tmobile/t_mobile_3609/pgabLO5RDW_640x480.png","thumbUrl":"http://www.getnearme.com/data/merchants/2012/04/tmobile/t_mobile_3609/pgabLO5RDW_72x54.png","isSponsored":false,"isUserGenerated":false,"isVerified":false,"location":{"fullAddress":"4/6 Liverpool Street, N1 0PU London, United Kingdom","address1":"4/6 Liverpool Street","address2":null,"address3":null,"city":"London","countryCode":"GB","county":null,"latitude":51.533533,"longitude":-0.106403,"postalCode":"N1 0PU","region":"GB"},"offersCount":0,"openNow":-1,"ratingsCount":0,"tradingName":"T-Mobile"},{"id":"3541","distance":2900,"service":"NearMe","detailsUrl":null,"advKey":null,"contact":{"blogUrl":null,"email":null,"facebook":null,"fax":null,"foursquare":null,"mobile":null,"phone":null,"twitter":null,"websiteUrl":"http://www.t-mobile.co.uk/"},"displayName":"t_mobile_3541","photoUrl":"http://www.getnearme.com/data/merchants/2012/04/tmobile/t_mobile_3541/mwAIxzrQEj_640x480.png","thumbUrl":"http://www.getnearme.com/data/merchants/2012/04/tmobile/t_mobile_3541/mwAIxzrQEj_72x54.png","isSponsored":false,"isUserGenerated":false,"isVerified":false,"location":{"fullAddress":"16a Kingsland Shopping Centre, E8 2LX Dalston, United Kingdom","address1":"16a Kingsland Shopping Centre","address2":null,"address3":null,"city":"Dalston","countryCode":"GB","county":null,"latitude":51.547783,"longitude":-0.07397,"postalCode":"E8 2LX","region":"GB"},"offersCount":0,"openNow":-1,"ratingsCount":0,"tradingName":"T-Mobile"},{"id":"3722","distance":3423,"service":"NearMe","detailsUrl":null,"advKey":null,"contact":{"blogUrl":null,"email":null,"facebook":null,"fax":null,"foursquare":null,"mobile":null,"phone":null,"twitter":null,"websiteUrl":"http://www.t-mobile.co.uk/"},"displayName":"t_mobile_3722","photoUrl":"http://www.getnearme.com/data/merchants/2012/04/tmobile/t_mobile_3722/L9TqcLA7x4_640x480.png","thumbUrl":"http://www.getnearme.com/data/merchants/2012/04/tmobile/t_mobile_3722/L9TqcLA7x4_72x54.png","isSponsored":false,"isUserGenerated":false,"isVerified":false,"location":{"fullAddress":"Surrey Quays, SE16 7LL London, United Kingdom","address1":"Surrey Quays","address2":null,"address3":null,"city":"London","countryCode":"GB","county":null,"latitude":51.495132,"longitude":-0.046896,"postalCode":"SE16 7LL","region":"GB"},"offersCount":0,"openNow":-1,"ratingsCount":0,"tradingName":"T-Mobile"},{"id":"3670","distance":4455,"service":"NearMe","detailsUrl":null,"advKey":null,"contact":{"blogUrl":null,"email":null,"facebook":null,"fax":null,"foursquare":null,"mobile":null,"phone":null,"twitter":null,"websiteUrl":"http://www.t-mobile.co.uk/"},"displayName":"t_mobile_3670","photoUrl":"http://www.getnearme.com/data/merchants/2012/04/tmobile/t_mobile_3670/BD4cBRXlwu_640x480.png","thumbUrl":"http://www.getnearme.com/data/merchants/2012/04/tmobile/t_mobile_3670/BD4cBRXlwu_72x54.png","isSponsored":false,"isUserGenerated":false,"isVerified":false,"location":{"fullAddress":"110 Oxford Street, W1D 2JD London, United Kingdom","address1":"110 Oxford Street","address2":null,"address3":null,"city":"London","countryCode":"GB","county":null,"latitude":51.516071,"longitude":-0.135527,"postalCode":"W1D 2JD","region":"GB"},"offersCount":0,"openNow":-1,"ratingsCount":0,"tradingName":"T-Mobile"},{"id":"3671","distance":5021,"service":"NearMe","detailsUrl":null,"advKey":null,"contact":{"blogUrl":null,"email":null,"facebook":null,"fax":null,"foursquare":null,"mobile":null,"phone":null,"twitter":null,"websiteUrl":"http://www.t-mobile.co.uk/"},"displayName":"t_mobile_3671","photoUrl":"http://www.getnearme.com/data/merchants/2012/04/tmobile/t_mobile_3671/0FkAeUzA0r_640x480.png","thumbUrl":"http://www.getnearme.com/data/merchants/2012/04/tmobile/t_mobile_3671/0FkAeUzA0r_72x54.png","isSponsored":false,"isUserGenerated":false,"isVerified":false,"location":{"fullAddress":"287 Oxford Street, W1C 2DP London, United Kingdom","address1":"287 Oxford Street","address2":null,"address3":null,"city":"London","countryCode":"GB","county":null,"latitude":51.515029,"longitude":-0.14356,"postalCode":"W1C 2DP","region":"GB"},"offersCount":0,"openNow":-1,"ratingsCount":0,"tradingName":"T-Mobile"}],"count":10}}