{"meta":{"code":200},"response":{"venues":[{"id":"Google:7124815043","distance":31,"service":"Google","detailsUrl":"http://www.google.com/maps/place?source=uds&q=Sports+Shop&cid=13896528037592010188","advKey":null,"contact":{"blogUrl":null,"email":null,"facebook":null,"fax":null,"foursquare":null,"mobile":null,"phone":"020 7375 3088","twitter":null,"websiteUrl":null},"displayName":null,"photoUrl":null,"thumbUrl":null,"isSponsored":false,"isUserGenerated":false,"isVerified":false,"location":{"fullAddress":"Brody House, Strype St, London, E1 7LQ, United Kingdom","address1":"Brody House, Strype St","address2":null,"address3":null,"city":"London","countryCode":null,"county":"GB","latitude":51.522015,"longitude":-0.071845,"postalCode":null,"region":null},"offersCount":0,"openNow":-1,"ratingsCount":0,"tradingName":"Cycle Surgery"},{"id":"Google:1218843027","distance":355,"service":"Google","detailsUrl":"http://www.google.com/maps/place?source=uds&q=Sports+Shop&cid=10084390540186810717","advKey":null,"contact":{"blogUrl":null,"email":null,"facebook":null,"fax":null,"foursquare":null,"mobile":null,"phone":"020 7739 3839","twitter":null,"websiteUrl":null},"displayName":null,"photoUrl":null,"thumbUrl":null,"isSponsored":false,"isUserGenerated":false,"isVerified":false,"location":{"fullAddress":"121 Bethnal Green Road, City of London, E2 7DG, United Kingdom","address1":"121 Bethnal Green Road","address2":null,"address3":null,"city":"London","countryCode":null,"county":"GB","latitude":51.524928,"longitude":-0.071908,"postalCode":null,"region":"Greater London"},"offersCount":0,"openNow":-1,"ratingsCount":0,"tradingName":"LCB"},{"id":"Google:4439872316","distance":518,"service":"Google","detailsUrl":"http://www.google.com/maps/place?source=uds&q=Sports+Shop&cid=13896339701238789620","advKey":null,"contact":{"blogUrl":null,"email":null,"facebook":null,"fax":null,"foursquare":null,"mobile":null,"phone":"020 7392 8920","twitter":null,"websiteUrl":null},"displayName":null,"photoUrl":null,"thumbUrl":null,"isSponsored":false,"isUserGenerated":false,"isVerified":false,"location":{"fullAddress":"12-13 Bishops Square, London, E1 6EG, United Kingdom","address1":"12-13 Bishops Square","address2":null,"address3":null,"city":"London","countryCode":null,"county":"GB","latitude":51.519298,"longitude":-0.078172,"postalCode":null,"region":"Greater London"},"offersCount":0,"openNow":-1,"ratingsCount":0,"tradingName":"CycleSurgery- Spitalfields Market"},{"id":"Google:5354660582","distance":572,"service":"Google","detailsUrl":"http://www.google.com/maps/place?source=uds&q=Sports+Shop&cid=828019489059971770","advKey":null,"contact":{"blogUrl":null,"email":null,"facebook":null,"fax":null,"foursquare":null,"mobile":null,"phone":"020 7247 3500","twitter":null,"websiteUrl":null},"displayName":null,"photoUrl":null,"thumbUrl":null,"isSponsored":false,"isUserGenerated":false,"isVerified":false,"location":{"fullAddress":"United Kingdom","address1":"United Kingdom","address2":null,"address3":null,"city":null,"countryCode":null,"county":"GB","latitude":51.517373,"longitude":-0.076191,"postalCode":null,"region":null},"offersCount":0,"openNow":-1,"ratingsCount":0,"tradingName":"Runners Need"},{"id":"Google:7955066016","distance":579,"service":"Google","detailsUrl":"http://www.google.com/maps/place?source=uds&q=Sports+Shop&cid=10898963867929619615","advKey":null,"contact":{"blogUrl":null,"email":null,"facebook":null,"fax":null,"foursquare":null,"mobile":null,"phone":"0845 656 4133","twitter":null,"websiteUrl":null},"displayName":null,"photoUrl":null,"thumbUrl":null,"isSponsored":false,"isUserGenerated":false,"isVerified":false,"location":{"fullAddress":"Unit 2a & 2b, 45 Whitechapel Road, City of London, London, Greater London E1 1DU, United Kingdom","address1":"Unit 2a & 2b, 45 Whitechapel Road","address2":null,"address3":null,"city":"London","countryCode":null,"county":"GB","latitude":51.516932,"longitude":-0.068538,"postalCode":null,"region":"Greater London"},"offersCount":0,"openNow":-1,"ratingsCount":0,"tradingName":"Argos"},{"id":"Google:5231919141","distance":585,"service":"Google","detailsUrl":"http://www.google.com/maps/place?source=uds&q=Sports+Shop&cid=427476010827753206","advKey":null,"contact":{"blogUrl":null,"email":null,"facebook":null,"fax":null,"foursquare":null,"mobile":null,"phone":"020 7655 4990","twitter":null,"websiteUrl":null},"displayName":null,"photoUrl":null,"thumbUrl":null,"isSponsored":false,"isUserGenerated":false,"isVerified":false,"location":{"fullAddress":"St Clements House, 12 Leyden Street, London E1 7LL, United Kingdom","address1":"St Clements House, 12 Leyden Street","address2":null,"address3":null,"city":"London","countryCode":null,"county":"GB","latitude":51.51705,"longitude":-0.075647,"postalCode":null,"region":null},"offersCount":0,"openNow":-1,"ratingsCount":0,"tradingName":"Cotsworld"},{"id":"Google:5029946178","distance":602,"service":"Google","detailsUrl":"http://www.google.com/maps/place?source=uds&q=Sports+Shop&cid=4136194020734266462","advKey":null,"contact":{"blogUrl":null,"email":null,"facebook":null,"fax":null,"foursquare":null,"mobile":null,"phone":"020 3417 0469","twitter":null,"websiteUrl":null},"displayName":null,"photoUrl":null,"thumbUrl":null,"isSponsored":false,"isUserGenerated":false,"isVerified":false,"location":{"fullAddress":"11 Artillery Lane, London E1 7LP, United Kingdom","address1":"11 Artillery Lane","address2":null,"address3":null,"city":"London","countryCode":null,"county":"GB","latitude":51.518366,"longitude":-0.078615,"postalCode":null,"region":null},"offersCount":0,"openNow":-1,"ratingsCount":0,"tradingName":"Shop @ The Foundry"},{"id":"Google:7380017286","distance":794,"service":"Google","detailsUrl":"http://www.google.com/maps/place?source=uds&q=Sports+Shop&cid=8886555088346293831","advKey":null,"contact":{"blogUrl":null,"email":null,"facebook":null,"fax":null,"foursquare":null,"mobile":null,"phone":"020 7377 9134","twitter":null,"websiteUrl":null},"displayName":null,"photoUrl":null,"thumbUrl":null,"isSponsored":false,"isUserGenerated":false,"isVerified":false,"location":{"fullAddress":"261-263 Whitechapel Road, Shadwell, London E1 1DB, United Kingdom","address1":"261-263 Whitechapel Road","address2":null,"address3":null,"city":"London","countryCode":null,"county":"GB","latitude":51.519174,"longitude":-0.061067,"postalCode":null,"region":null},"offersCount":0,"openNow":-1,"ratingsCount":0,"tradingName":"JD Sports"}],"count":8}}