{"meta":{"code":200},"response":{"venues":[{"id":"Google:5974899803","distance":11,"service":"Google","detailsUrl":"http://www.google.com/maps/place?source=uds&q=Taxis&cid=12127894767407222331","advKey":null,"contact":{"blogUrl":null,"email":null,"facebook":null,"fax":null,"foursquare":null,"mobile":null,"phone":"07946 073737","twitter":null,"websiteUrl":null},"displayName":null,"photoUrl":null,"thumbUrl":null,"isSponsored":false,"isUserGenerated":false,"isVerified":false,"location":{"fullAddress":"63 Brick Lane, London Borough of Tower Hamlets, E1 6RL, United Kingdom","address1":"63 Brick Lane","address2":null,"address3":null,"city":"London","countryCode":null,"county":"GB","latitude":51.521688,"longitude":-0.07194,"postalCode":null,"region":"Greater London"},"offersCount":0,"openNow":-1,"ratingsCount":0,"tradingName":"Brick Lane Cars"},{"id":"Google:8695723167","distance":11,"service":"Google","detailsUrl":"http://www.google.com/maps/place?source=uds&q=Taxis&cid=10544050099840885783","advKey":null,"contact":{"blogUrl":null,"email":null,"facebook":null,"fax":null,"foursquare":null,"mobile":null,"phone":"07946 073737","twitter":null,"websiteUrl":null},"displayName":null,"photoUrl":null,"thumbUrl":null,"isSponsored":false,"isUserGenerated":false,"isVerified":false,"location":{"fullAddress":"63 Brick Lane, London Borough of Tower Hamlets, E1 6QL, United Kingdom","address1":"63 Brick Lane","address2":null,"address3":null,"city":"London","countryCode":null,"county":"GB","latitude":51.521688,"longitude":-0.07194,"postalCode":null,"region":"Greater London"},"offersCount":0,"openNow":-1,"ratingsCount":0,"tradingName":"MINI cab 2012"},{"id":"Google:0436305350","distance":89,"service":"Google","detailsUrl":"http://www.google.com/maps/place?source=uds&q=Taxis&cid=1818559244353558437","advKey":null,"contact":{"blogUrl":null,"email":null,"facebook":null,"fax":null,"foursquare":null,"mobile":null,"phone":"020 7247 7779","twitter":null,"websiteUrl":null},"displayName":null,"photoUrl":null,"thumbUrl":null,"isSponsored":false,"isUserGenerated":false,"isVerified":false,"location":{"fullAddress":"174a Brick Lane, City of London, E1 6RU, United Kingdom","address1":"174a Brick Lane","address2":null,"address3":null,"city":null,"countryCode":null,"county":"GB","latitude":51.522519,"longitude":-0.071514,"postalCode":null,"region":null},"offersCount":0,"openNow":-1,"ratingsCount":0,"tradingName":"Vintage Minicabs"},{"id":"Google:3886790566","distance":90,"service":"Google","detailsUrl":"http://www.google.com/maps/place?source=uds&q=Taxis&cid=4426554596146850869","advKey":null,"contact":{"blogUrl":null,"email":null,"facebook":null,"fax":null,"foursquare":null,"mobile":null,"phone":"020 7247 7779","twitter":null,"websiteUrl":null},"displayName":null,"photoUrl":null,"thumbUrl":null,"isSponsored":false,"isUserGenerated":false,"isVerified":false,"location":{"fullAddress":"174A Brick Ln, London E1 6RU, United Kingdom","address1":"174A Brick Ln","address2":null,"address3":null,"city":"London","countryCode":null,"county":"GB","latitude":51.522527,"longitude":-0.071514,"postalCode":null,"region":null},"offersCount":0,"openNow":-1,"ratingsCount":0,"tradingName":"Oxford circus taxi"},{"id":"Google:7655572597","distance":91,"service":"Google","detailsUrl":"http://www.google.com/maps/place?source=uds&q=Taxis&cid=7508981825354676548","advKey":null,"contact":{"blogUrl":null,"email":null,"facebook":null,"fax":null,"foursquare":null,"mobile":null,"phone":"0845 677 2224","twitter":null,"websiteUrl":null},"displayName":null,"photoUrl":null,"thumbUrl":null,"isSponsored":false,"isUserGenerated":false,"isVerified":false,"location":{"fullAddress":"The Old Truman Brewery, 91 Brick Lane, London E1 6QL, United Kingdom","address1":"The Old Truman Brewery, 91 Brick Lane","address2":null,"address3":null,"city":"London","countryCode":null,"county":"GB","latitude":51.521054,"longitude":-0.072526,"postalCode":null,"region":null},"offersCount":0,"openNow":-1,"ratingsCount":0,"tradingName":"A&A Prestige Chauffeurs"},{"id":"Google:7395339371","distance":264,"service":"Google","detailsUrl":"http://www.google.com/maps/place?source=uds&q=Taxis&cid=2351076507810719383","advKey":null,"contact":{"blogUrl":null,"email":null,"facebook":null,"fax":null,"foursquare":null,"mobile":null,"phone":"020 7377 5050","twitter":null,"websiteUrl":null},"displayName":null,"photoUrl":null,"thumbUrl":null,"isSponsored":false,"isUserGenerated":false,"isVerified":false,"location":{"fullAddress":"88 Brick Lane, London, Greater London E1 6RL, United Kingdom","address1":"88 Brick Lane","address2":null,"address3":null,"city":"London","countryCode":null,"county":"GB","latitude":51.519355,"longitude":-0.071694,"postalCode":null,"region":"Greater London"},"offersCount":0,"openNow":-1,"ratingsCount":0,"tradingName":"Destiny Cars"},{"id":"Google:0941246255","distance":419,"service":"Google","detailsUrl":"http://www.google.com/maps/place?source=uds&q=Taxis&cid=6857018326750106439","advKey":null,"contact":{"blogUrl":null,"email":null,"facebook":null,"fax":null,"foursquare":null,"mobile":null,"phone":"020 7377 8881","twitter":null,"websiteUrl":null},"displayName":null,"photoUrl":null,"thumbUrl":null,"isSponsored":false,"isUserGenerated":false,"isVerified":false,"location":{"fullAddress":"22 Shoreditch High Street, Shadwell, London E1 6PG, United Kingdom","address1":"22 Shoreditch High Street","address2":null,"address3":null,"city":"London","countryCode":null,"county":"GB","latitude":51.522445,"longitude":-0.077743,"postalCode":null,"region":null},"offersCount":0,"openNow":-1,"ratingsCount":0,"tradingName":"United Carriage Ltd"},{"id":"Google:4442313120","distance":735,"service":"Google","detailsUrl":"http://www.google.com/maps/place?source=uds&q=Taxis&cid=14809071485042926848","advKey":null,"contact":{"blogUrl":null,"email":null,"facebook":null,"fax":null,"foursquare":null,"mobile":null,"phone":"020 7739 4080","twitter":null,"websiteUrl":null},"displayName":null,"photoUrl":null,"thumbUrl":null,"isSponsored":false,"isUserGenerated":false,"isVerified":false,"location":{"fullAddress":"3 Hackney Road, London E2 7NX, United Kingdom","address1":"3 Hackney Road","address2":null,"address3":null,"city":"London","countryCode":null,"county":"GB","latitude":51.527308,"longitude":-0.077502,"postalCode":null,"region":null},"offersCount":0,"openNow":-1,"ratingsCount":0,"tradingName":"fleet cars"}],"count":8}}