{"meta":{"code":200},"response":{"venues":[{"id":"Google:1475707902","distance":407,"service":"Google","detailsUrl":"http://www.google.com/maps/place?source=uds&q=Electronics+Appliances&cid=2979750501283631151","advKey":null,"contact":{"blogUrl":null,"email":null,"facebook":null,"fax":null,"foursquare":null,"mobile":null,"phone":"020 7613 2338","twitter":null,"websiteUrl":null},"displayName":null,"photoUrl":null,"thumbUrl":null,"isSponsored":false,"isUserGenerated":false,"isVerified":false,"location":{"fullAddress":"145 Bethnal Green Road, London E2 7DG, United Kingdom","address1":"145 Bethnal Green Road","address2":null,"address3":null,"city":"London","countryCode":null,"county":"GB","latitude":51.525355,"longitude":-0.070913,"postalCode":null,"region":null},"offersCount":0,"openNow":-1,"ratingsCount":0,"tradingName":"Sams T V"},{"id":"Google:7868658526","distance":641,"service":"Google","detailsUrl":"http://www.google.com/maps/place?source=uds&q=Electronics+Appliances&cid=15373668142342112457","advKey":null,"contact":{"blogUrl":null,"email":null,"facebook":null,"fax":null,"foursquare":null,"mobile":null,"phone":"020 7247 6029","twitter":null,"websiteUrl":null},"displayName":null,"photoUrl":null,"thumbUrl":null,"isSponsored":false,"isUserGenerated":false,"isVerified":false,"location":{"fullAddress":"76 Whitechapel High Street, Whitechapel, London E1 7QX, United Kingdom","address1":"76 Whitechapel High Street","address2":null,"address3":null,"city":"London","countryCode":null,"county":"GB","latitude":51.51604,"longitude":-0.070338,"postalCode":null,"region":null},"offersCount":0,"openNow":-1,"ratingsCount":0,"tradingName":"TotalBlankMedia"},{"id":"Google:1550458853","distance":785,"service":"Google","detailsUrl":"http://www.google.com/maps/place?source=uds&q=Electronics+Appliances&cid=5017359931637706399","advKey":null,"contact":{"blogUrl":null,"email":null,"facebook":null,"fax":null,"foursquare":null,"mobile":null,"phone":"020 7729 8085","twitter":null,"websiteUrl":null},"displayName":null,"photoUrl":null,"thumbUrl":null,"isSponsored":false,"isUserGenerated":false,"isVerified":false,"location":{"fullAddress":"9, The Hangar/Perseverance Works/38 Kingsland Rd, London E2 8DD, United Kingdom","address1":"9, The Hangar/Perseverance Works/38 Kingsland Rd","address2":null,"address3":null,"city":"London","countryCode":null,"county":"GB","latitude":51.527921,"longitude":-0.07726,"postalCode":null,"region":null},"offersCount":0,"openNow":-1,"ratingsCount":0,"tradingName":"A D I Audiovisual Ltd"},{"id":"Google:6238306225","distance":899,"service":"Google","detailsUrl":"http://www.google.com/maps/place?source=uds&q=Electronics+Appliances&cid=14610103585537018318","advKey":null,"contact":{"blogUrl":null,"email":null,"facebook":null,"fax":null,"foursquare":null,"mobile":null,"phone":"020 3365 8600","twitter":null,"websiteUrl":null},"displayName":null,"photoUrl":null,"thumbUrl":null,"isSponsored":false,"isUserGenerated":false,"isVerified":false,"location":{"fullAddress":"87 Great Eastern St, London EC2A 3HY, United Kingdom","address1":"87 Great Eastern St","address2":null,"address3":null,"city":"London","countryCode":null,"county":"GB","latitude":51.52559,"longitude":-0.083211,"postalCode":null,"region":null},"offersCount":0,"openNow":-1,"ratingsCount":0,"tradingName":"Antenna Audio"},{"id":"Google:8358482471","distance":949,"service":"Google","detailsUrl":"http://www.google.com/maps/place?source=uds&q=Electronics+Appliances&cid=10733683687037834457","advKey":null,"contact":{"blogUrl":null,"email":null,"facebook":null,"fax":null,"foursquare":null,"mobile":null,"phone":"0845 080 0877","twitter":null,"websiteUrl":null},"displayName":null,"photoUrl":null,"thumbUrl":null,"isSponsored":false,"isUserGenerated":false,"isVerified":false,"location":{"fullAddress":"78 Kingsland Road, Hackney, London Borough of Hackney, E2 8DP, United Kingdom","address1":"78 Kingsland Road","address2":null,"address3":null,"city":"London","countryCode":null,"county":"GB","latitude":51.529522,"longitude":-0.077402,"postalCode":null,"region":"Greater London"},"offersCount":0,"openNow":-1,"ratingsCount":0,"tradingName":"LoopUp"},{"id":"Google:4182213657","distance":1291,"service":"Google","detailsUrl":"http://www.google.com/maps/place?source=uds&q=Electronics+Appliances&cid=1655200098312300640","advKey":null,"contact":{"blogUrl":null,"email":null,"facebook":null,"fax":null,"foursquare":null,"mobile":null,"phone":"020 7729 2227","twitter":null,"websiteUrl":null},"displayName":null,"photoUrl":null,"thumbUrl":null,"isSponsored":false,"isUserGenerated":false,"isVerified":false,"location":{"fullAddress":"Coate House/1-3 Coate St, London E2 9AG, United Kingdom","address1":"Coate House/1-3 Coate St","address2":null,"address3":null,"city":"London","countryCode":null,"county":"GB","latitude":51.532023,"longitude":-0.063116,"postalCode":null,"region":null},"offersCount":0,"openNow":-1,"ratingsCount":0,"tradingName":"Think Installations"},{"id":"Google:2047685698","distance":1537,"service":"Google","detailsUrl":"http://www.google.com/maps/place?source=uds&q=Electronics+Appliances&cid=17775546543201249032","advKey":null,"contact":{"blogUrl":null,"email":null,"facebook":null,"fax":null,"foursquare":null,"mobile":null,"phone":"0844 561 6263","twitter":null,"websiteUrl":null},"displayName":null,"photoUrl":null,"thumbUrl":null,"isSponsored":false,"isUserGenerated":false,"isVerified":false,"location":{"fullAddress":"Anchor House, 123 Mile End Road, London E1 4UJ, United Kingdom","address1":"Anchor House, 123 Mile End Road","address2":null,"address3":null,"city":"London","countryCode":null,"county":"GB","latitude":51.521862,"longitude":-0.049562,"postalCode":null,"region":null},"offersCount":0,"openNow":-1,"ratingsCount":0,"tradingName":"Currys"},{"id":"Google:8702182933","distance":2202,"service":"Google","detailsUrl":"http://www.google.com/maps/place?source=uds&q=Electronics+Appliances&cid=17160315123856700074","advKey":null,"contact":{"blogUrl":null,"email":null,"facebook":null,"fax":null,"foursquare":null,"mobile":null,"phone":"020 7359 7620","twitter":null,"websiteUrl":null},"displayName":null,"photoUrl":null,"thumbUrl":null,"isSponsored":false,"isUserGenerated":false,"isVerified":false,"location":{"fullAddress":"190A New North Road, City of London N1 7BS, United Kingdom","address1":"190A New North Road","address2":null,"address3":null,"city":"City of London","countryCode":null,"county":"GB","latitude":51.537486,"longitude":-0.091102,"postalCode":null,"region":null},"offersCount":0,"openNow":-1,"ratingsCount":0,"tradingName":"Grahams HiFi Ltd"}],"count":8}}