{"meta":{"code":200},"response":{"venues":[{"id":"Google:7688563809","distance":283,"service":"Google","detailsUrl":"http://www.google.com/maps/place?source=uds&q=Delicatessen&cid=5778586350300369746","advKey":null,"contact":{"blogUrl":null,"email":null,"facebook":null,"fax":null,"foursquare":null,"mobile":null,"phone":"020 3301 8069","twitter":null,"websiteUrl":null},"displayName":null,"photoUrl":null,"thumbUrl":null,"isSponsored":false,"isUserGenerated":false,"isVerified":false,"location":{"fullAddress":"94-96 Commercial Street, London, E1 6LZ, United Kingdom","address1":"94-96 Commercial Street","address2":null,"address3":null,"city":"London","countryCode":null,"county":"GB","latitude":51.519736,"longitude":-0.074328,"postalCode":null,"region":null},"offersCount":0,"openNow":-1,"ratingsCount":0,"tradingName":"St John Bread & Wine"},{"id":"Google:2064001730","distance":320,"service":"Google","detailsUrl":"http://www.google.com/maps/place?source=uds&q=Delicatessen&cid=7676370672892959369","advKey":null,"contact":{"blogUrl":null,"email":null,"facebook":null,"fax":null,"foursquare":null,"mobile":null,"phone":"020 7375 3168","twitter":null,"websiteUrl":null},"displayName":null,"photoUrl":null,"thumbUrl":null,"isSponsored":false,"isUserGenerated":false,"isVerified":false,"location":{"fullAddress":"Old Spitalfields Market, 107b Commercial St, London E1 6BG, United Kingdom","address1":"Old Spitalfields Market, 107b Commercial St","address2":null,"address3":null,"city":"London","countryCode":null,"county":"GB","latitude":51.519578,"longitude":-0.074866,"postalCode":null,"region":null},"offersCount":0,"openNow":-1,"ratingsCount":0,"tradingName":"Androuet"},{"id":"Google:7661304622","distance":346,"service":"Google","detailsUrl":"http://www.google.com/maps/place?source=uds&q=Delicatessen&cid=15116774415120852008","advKey":null,"contact":{"blogUrl":null,"email":null,"facebook":null,"fax":null,"foursquare":null,"mobile":null,"phone":"020 7033 1910","twitter":null,"websiteUrl":null},"displayName":null,"photoUrl":null,"thumbUrl":null,"isSponsored":false,"isUserGenerated":false,"isVerified":false,"location":{"fullAddress":"101 Redchurch St, London Borough of Tower Hamlets, E2 7DL, United Kingdom","address1":"101 Redchurch St","address2":null,"address3":null,"city":"London","countryCode":null,"county":"GB","latitude":51.52482,"longitude":-0.072518,"postalCode":null,"region":"Greater London"},"offersCount":0,"openNow":-1,"ratingsCount":0,"tradingName":"Franze & Evans"},{"id":"Google:9622932403","distance":448,"service":"Google","detailsUrl":"http://www.google.com/maps/place?source=uds&q=Delicatessen&cid=1632630328620635161","advKey":null,"contact":{"blogUrl":null,"email":null,"facebook":null,"fax":null,"foursquare":null,"mobile":null,"phone":"07918 197352","twitter":null,"websiteUrl":null},"displayName":null,"photoUrl":null,"thumbUrl":null,"isSponsored":false,"isUserGenerated":false,"isVerified":false,"location":{"fullAddress":"3 Redchurch Street, City of London, E2 7DJ, United Kingdom","address1":"3 Redchurch Street","address2":null,"address3":null,"city":null,"countryCode":null,"county":"GB","latitude":51.524387,"longitude":-0.076664,"postalCode":null,"region":null},"offersCount":0,"openNow":-1,"ratingsCount":0,"tradingName":"Story"},{"id":"Google:8088349996","distance":455,"service":"Google","detailsUrl":"http://www.google.com/maps/place?source=uds&q=Delicatessen&cid=4347428105756068677","advKey":null,"contact":{"blogUrl":null,"email":null,"facebook":null,"fax":null,"foursquare":null,"mobile":null,"phone":"020 7392 9134","twitter":null,"websiteUrl":null},"displayName":null,"photoUrl":null,"thumbUrl":null,"isSponsored":false,"isUserGenerated":false,"isVerified":false,"location":{"fullAddress":"10 Market St, London, Greater London E1 6DT, United Kingdom","address1":"10 Market St","address2":null,"address3":null,"city":"London","countryCode":null,"county":"GB","latitude":51.519781,"longitude":-0.07758,"postalCode":null,"region":"Greater London"},"offersCount":0,"openNow":-1,"ratingsCount":0,"tradingName":"Oliviers & co"},{"id":"Google:1756347372","distance":468,"service":"Google","detailsUrl":"http://www.google.com/maps/place?source=uds&q=Delicatessen&cid=12639409837010794179","advKey":null,"contact":{"blogUrl":null,"email":null,"facebook":null,"fax":null,"foursquare":null,"mobile":null,"phone":"020 7247 2487","twitter":null,"websiteUrl":null},"displayName":null,"photoUrl":null,"thumbUrl":null,"isSponsored":false,"isUserGenerated":false,"isVerified":false,"location":{"fullAddress":"42 Brushfield Street, Shadwell, London E1 6AG, United Kingdom","address1":"42 Brushfield Street","address2":null,"address3":null,"city":"London","countryCode":null,"county":"GB","latitude":51.518937,"longitude":-0.07685,"postalCode":null,"region":null},"offersCount":0,"openNow":-1,"ratingsCount":0,"tradingName":"A.Gold"},{"id":"Google:2146424894","distance":477,"service":"Google","detailsUrl":"http://www.google.com/maps/place?source=uds&q=Delicatessen&cid=9410407725147984057","advKey":null,"contact":{"blogUrl":null,"email":null,"facebook":null,"fax":null,"foursquare":null,"mobile":null,"phone":"020 7247 1924","twitter":null,"websiteUrl":null},"displayName":null,"photoUrl":null,"thumbUrl":null,"isSponsored":false,"isUserGenerated":false,"isVerified":false,"location":{"fullAddress":"40 Brushfield Street, City of London, London, Greater London E1 6AG, United Kingdom","address1":"40 Brushfield Street","address2":null,"address3":null,"city":"London","countryCode":null,"county":"GB","latitude":51.51893,"longitude":-0.077006,"postalCode":null,"region":"Greater London"},"offersCount":0,"openNow":-1,"ratingsCount":0,"tradingName":"Verde & Co"},{"id":"Google:6972343708","distance":814,"service":"Google","detailsUrl":"http://www.google.com/maps/place?source=uds&q=Delicatessen&cid=17971578372136671261","advKey":null,"contact":{"blogUrl":null,"email":null,"facebook":null,"fax":null,"foursquare":null,"mobile":null,"phone":"020 7729 6005","twitter":null,"websiteUrl":null},"displayName":null,"photoUrl":null,"thumbUrl":null,"isSponsored":false,"isUserGenerated":false,"isVerified":false,"location":{"fullAddress":"374-378 Old Street, London, Greater London EC1V 9LT, United Kingdom","address1":"374-378 Old Street","address2":null,"address3":null,"city":"London","countryCode":null,"county":"GB","latitude":51.527153,"longitude":-0.079703,"postalCode":null,"region":"Greater London"},"offersCount":0,"openNow":-1,"ratingsCount":0,"tradingName":"FoodHall"}],"count":8}}