{"meta":{"code":200},"response":{"venues":[{"id":"Google:6833732177","distance":581,"service":"Google","detailsUrl":"http://www.google.com/maps/place?source=uds&q=Car+Accessories+and+Parts&cid=8894012784376394901","advKey":null,"contact":{"blogUrl":null,"email":null,"facebook":null,"fax":null,"foursquare":null,"mobile":null,"phone":"020 7377 2182","twitter":null,"websiteUrl":null},"displayName":null,"photoUrl":null,"thumbUrl":null,"isSponsored":false,"isUserGenerated":false,"isVerified":false,"location":{"fullAddress":"6-8 Hemming Street, City of London, London, Greater London E1 5BL, United Kingdom","address1":"6-8 Hemming Street","address2":null,"address3":null,"city":"London","countryCode":null,"county":"GB","latitude":51.522713,"longitude":-0.063535,"postalCode":null,"region":"Greater London"},"offersCount":0,"openNow":-1,"ratingsCount":0,"tradingName":"KPM Parts"},{"id":"Google:8693112976","distance":668,"service":"Google","detailsUrl":"http://www.google.com/maps/place?source=uds&q=Car+Accessories+and+Parts&cid=6106485638713582242","advKey":null,"contact":{"blogUrl":null,"email":null,"facebook":null,"fax":null,"foursquare":null,"mobile":null,"phone":"07890 172344","twitter":null,"websiteUrl":null},"displayName":null,"photoUrl":null,"thumbUrl":null,"isSponsored":false,"isUserGenerated":false,"isVerified":false,"location":{"fullAddress":"80 Dunbridge Street, London, BETHNAL GREEN, Greater London E2 6JG, United Kingdom","address1":"80 Dunbridge Street","address2":null,"address3":null,"city":"BETHNAL GREEN","countryCode":null,"county":"GB","latitude":51.523806,"longitude":-0.062716,"postalCode":null,"region":"Greater London"},"offersCount":0,"openNow":-1,"ratingsCount":0,"tradingName":"AUTOPARTS DISTRIBUTION"},{"id":"Google:7770759211","distance":974,"service":"Google","detailsUrl":"http://www.google.com/maps/place?source=uds&q=Car+Accessories+and+Parts&cid=12473056911335219175","advKey":null,"contact":{"blogUrl":null,"email":null,"facebook":null,"fax":null,"foursquare":null,"mobile":null,"phone":"020 7613 1119","twitter":null,"websiteUrl":null},"displayName":null,"photoUrl":null,"thumbUrl":null,"isSponsored":false,"isUserGenerated":false,"isVerified":false,"location":{"fullAddress":"198 Three Colts Lane, Bethnal Green, London E2 6JN, United Kingdom","address1":"198 Three Colts Lane","address2":null,"address3":null,"city":"London","countryCode":null,"county":"GB","latitude":51.524144,"longitude":-0.05825,"postalCode":null,"region":null},"offersCount":0,"openNow":-1,"ratingsCount":0,"tradingName":"Turbo Accessory & Parts"},{"id":"Google:6376344131","distance":1474,"service":"Google","detailsUrl":"http://www.google.com/maps/place?source=uds&q=Car+Accessories+and+Parts&cid=14709728973597060458","advKey":null,"contact":{"blogUrl":null,"email":null,"facebook":null,"fax":null,"foursquare":null,"mobile":null,"phone":"020 7780 9970","twitter":null,"websiteUrl":null},"displayName":null,"photoUrl":null,"thumbUrl":null,"isSponsored":false,"isUserGenerated":false,"isVerified":false,"location":{"fullAddress":"Anchor House, 123 Mile End Road, Stepney, London E1 4UJ, United Kingdom","address1":"Anchor House, 123 Mile End Road","address2":null,"address3":null,"city":"London","countryCode":null,"county":"GB","latitude":51.521778,"longitude":-0.050471,"postalCode":null,"region":null},"offersCount":0,"openNow":-1,"ratingsCount":0,"tradingName":"Halfords"},{"id":"Google:3031701392","distance":1531,"service":"Google","detailsUrl":"http://www.google.com/maps/place?source=uds&q=Car+Accessories+and+Parts&cid=15343394581336905379","advKey":null,"contact":{"blogUrl":null,"email":null,"facebook":null,"fax":null,"foursquare":null,"mobile":null,"phone":"07782 135717","twitter":null,"websiteUrl":null},"displayName":null,"photoUrl":null,"thumbUrl":null,"isSponsored":false,"isUserGenerated":false,"isVerified":false,"location":{"fullAddress":"294 Cambridge Heath Road, City of London, E2 9HA, United Kingdom","address1":"294 Cambridge Heath Road","address2":null,"address3":null,"city":"London","countryCode":null,"county":"GB","latitude":51.532009,"longitude":-0.057038,"postalCode":null,"region":"Greater London"},"offersCount":0,"openNow":-1,"ratingsCount":0,"tradingName":"Polimax Window Tinting & Car Styling"},{"id":"Google:4763770715","distance":1611,"service":"Google","detailsUrl":"http://www.google.com/maps/place?source=uds&q=Car+Accessories+and+Parts&cid=16140588099977319752","advKey":null,"contact":{"blogUrl":null,"email":null,"facebook":null,"fax":null,"foursquare":null,"mobile":null,"phone":"020 7790 1060","twitter":null,"websiteUrl":null},"displayName":null,"photoUrl":null,"thumbUrl":null,"isSponsored":false,"isUserGenerated":false,"isVerified":false,"location":{"fullAddress":"64 Cephas Street, London, Greater London E1 4AX, United Kingdom","address1":"64 Cephas Street","address2":null,"address3":null,"city":"London","countryCode":null,"county":"GB","latitude":51.524083,"longitude":-0.0488,"postalCode":null,"region":"Greater London"},"offersCount":0,"openNow":-1,"ratingsCount":0,"tradingName":"Globe International Autos"},{"id":"Google:3451048585","distance":1889,"service":"Google","detailsUrl":"http://www.google.com/maps/place?source=uds&q=Car+Accessories+and+Parts&cid=8504893758943869336","advKey":null,"contact":{"blogUrl":null,"email":null,"facebook":null,"fax":null,"foursquare":null,"mobile":null,"phone":"020 7644 7824","twitter":null,"websiteUrl":null},"displayName":null,"photoUrl":null,"thumbUrl":null,"isSponsored":false,"isUserGenerated":false,"isVerified":false,"location":{"fullAddress":"72 Upper Thames St, London EC4R 3TA, United Kingdom","address1":"72 Upper Thames St","address2":null,"address3":null,"city":"London","countryCode":null,"county":"GB","latitude":51.510678,"longitude":-0.092529,"postalCode":null,"region":null},"offersCount":0,"openNow":-1,"ratingsCount":0,"tradingName":"Alan Day Volkswagen (City)"},{"id":"Google:9325171387","distance":2290,"service":"Google","detailsUrl":"http://www.google.com/maps/place?source=uds&q=Car+Accessories+and+Parts&cid=6680133875262537172","advKey":null,"contact":{"blogUrl":null,"email":null,"facebook":null,"fax":null,"foursquare":null,"mobile":null,"phone":"020 7790 6106","twitter":null,"websiteUrl":null},"displayName":null,"photoUrl":null,"thumbUrl":null,"isSponsored":false,"isUserGenerated":false,"isVerified":false,"location":{"fullAddress":"66-68 Ben Jonson Road, London E1 3NN, United Kingdom","address1":"66-68 Ben Jonson Road","address2":null,"address3":null,"city":"London","countryCode":null,"county":"GB","latitude":51.517636,"longitude":-0.039342,"postalCode":null,"region":null},"offersCount":0,"openNow":-1,"ratingsCount":0,"tradingName":"SMARTCARZ EUROPE LTD"}],"count":8}}