{"meta":{"code":200},"response":{"venues":[{"id":"Google:1881026079","distance":5078,"service":"Google","detailsUrl":"http://www.google.com/maps/place?source=uds&q=Farm+Holidays&cid=8349001587820947717","advKey":null,"contact":{"blogUrl":null,"email":null,"facebook":null,"fax":null,"foursquare":null,"mobile":null,"phone":"01874 658 269","twitter":null,"websiteUrl":null},"displayName":null,"photoUrl":null,"thumbUrl":null,"isSponsored":false,"isUserGenerated":false,"isVerified":false,"location":{"fullAddress":"Upper House Farm, Brecon LD3 0RL, United Kingdom","address1":"Upper House Farm","address2":null,"address3":null,"city":"Brecon","countryCode":null,"county":"GB","latitude":51.549165,"longitude":-0.130498,"postalCode":null,"region":null},"offersCount":0,"openNow":-1,"ratingsCount":0,"tradingName":"Powell G & Son"},{"id":"Google:6082963356","distance":5478,"service":"Google","detailsUrl":"http://www.google.com/maps/place?source=uds&q=Farm+Holidays&cid=11476094325625659994","advKey":null,"contact":{"blogUrl":null,"email":null,"facebook":null,"fax":null,"foursquare":null,"mobile":null,"phone":"+420 257 313 441","twitter":null,"websiteUrl":null},"displayName":null,"photoUrl":null,"thumbUrl":null,"isSponsored":false,"isUserGenerated":false,"isVerified":false,"location":{"fullAddress":"139 Kentish Town Road, London, Londres, Greater London NW1 8PB, United Kingdom","address1":"139 Kentish Town Road","address2":null,"address3":null,"city":"Londres","countryCode":null,"county":"GB","latitude":51.544877,"longitude":-0.141714,"postalCode":null,"region":"Greater London"},"offersCount":0,"openNow":-1,"ratingsCount":0,"tradingName":"Primrose Hill Apartments"},{"id":"Google:1311368856","distance":5933,"service":"Google","detailsUrl":"http://www.google.com/maps/place?source=uds&q=Farm+Holidays&cid=10654418958372707002","advKey":null,"contact":{"blogUrl":null,"email":null,"facebook":null,"fax":null,"foursquare":null,"mobile":null,"phone":"020 7485 0478","twitter":null,"websiteUrl":null},"displayName":null,"photoUrl":null,"thumbUrl":null,"isSponsored":false,"isUserGenerated":false,"isVerified":false,"location":{"fullAddress":"63-63A Chalk Farm Road, Primrose Hill, London NW1 8AN, United Kingdom","address1":"63-63A Chalk Farm Road","address2":null,"address3":null,"city":"London","countryCode":null,"county":"GB","latitude":51.543265,"longitude":-0.15027,"postalCode":null,"region":null},"offersCount":0,"openNow":-1,"ratingsCount":0,"tradingName":"Majestic Wine Chalk Farm"},{"id":"Google:4748122479","distance":5996,"service":"Google","detailsUrl":"http://www.google.com/maps/place?source=uds&q=Farm+Holidays&cid=13350125866161278249","advKey":null,"contact":{"blogUrl":null,"email":null,"facebook":null,"fax":null,"foursquare":null,"mobile":null,"phone":"0845 230 2223","twitter":null,"websiteUrl":null},"displayName":null,"photoUrl":null,"thumbUrl":null,"isSponsored":false,"isUserGenerated":false,"isVerified":false,"location":{"fullAddress":"Bickenhall Mansions, Bickenhall St, London W1U 6BX, United Kingdom","address1":"Bickenhall Mansions, Bickenhall St","address2":null,"address3":null,"city":"London","countryCode":null,"county":"GB","latitude":51.52104,"longitude":-0.158444,"postalCode":null,"region":null},"offersCount":0,"openNow":-1,"ratingsCount":0,"tradingName":"Summer's Leases Ltd"},{"id":"Google:7744356885","distance":6137,"service":"Google","detailsUrl":"http://www.google.com/maps/place?source=uds&q=Farm+Holidays&cid=18382212067225890063","advKey":null,"contact":{"blogUrl":null,"email":null,"facebook":null,"fax":null,"foursquare":null,"mobile":null,"phone":"020 7483 2929","twitter":null,"websiteUrl":null},"displayName":null,"photoUrl":null,"thumbUrl":null,"isSponsored":false,"isUserGenerated":false,"isVerified":false,"location":{"fullAddress":"1A Adelaide Road, Chalk Farm, London, London NW3 3QE, United Kingdom","address1":"1A Adelaide Road","address2":null,"address3":null,"city":"London","countryCode":null,"county":"GB","latitude":51.543837,"longitude":-0.15309,"postalCode":null,"region":null},"offersCount":0,"openNow":-1,"ratingsCount":0,"tradingName":"Feng Sushi Chalk Farm"},{"id":"Google:3875828868","distance":8967,"service":"Google","detailsUrl":"http://www.google.com/maps/place?source=uds&q=Farm+Holidays&cid=10061635411755164377","advKey":null,"contact":{"blogUrl":null,"email":null,"facebook":null,"fax":null,"foursquare":null,"mobile":null,"phone":"020 8548 8686","twitter":null,"websiteUrl":null},"displayName":null,"photoUrl":null,"thumbUrl":null,"isSponsored":false,"isUserGenerated":false,"isVerified":false,"location":{"fullAddress":"211 High Street South, London E6 3PD, United Kingdom","address1":"211 High Street South","address2":null,"address3":null,"city":"London","countryCode":null,"county":"GB","latitude":51.525031,"longitude":0.057716,"postalCode":null,"region":null},"offersCount":0,"openNow":-1,"ratingsCount":0,"tradingName":"Manor Farm Care Home"},{"id":"Google:2582073227","distance":17074,"service":"Google","detailsUrl":"http://www.google.com/maps/place?source=uds&q=Farm+Holidays&cid=8669397057775968208","advKey":null,"contact":{"blogUrl":null,"email":null,"facebook":null,"fax":null,"foursquare":null,"mobile":null,"phone":"01708 753 574","twitter":null,"websiteUrl":null},"displayName":null,"photoUrl":null,"thumbUrl":null,"isSponsored":false,"isUserGenerated":false,"isVerified":false,"location":{"fullAddress":"Greater London, United Kingdom","address1":null,"address2":null,"address3":null,"city":null,"countryCode":null,"county":"GB","latitude":51.594836,"longitude":0.145416,"postalCode":null,"region":"Greater London"},"offersCount":0,"openNow":-1,"ratingsCount":0,"tradingName":"Wellgate Community Farm"},{"id":"Google:7935038761","distance":19353,"service":"Google","detailsUrl":"http://www.google.com/maps/place?source=uds&q=Farm+Holidays&cid=1240040511126692491","advKey":null,"contact":{"blogUrl":null,"email":null,"facebook":null,"fax":null,"foursquare":null,"mobile":null,"phone":"01992 715283","twitter":null,"websiteUrl":null},"displayName":null,"photoUrl":null,"thumbUrl":null,"isSponsored":false,"isUserGenerated":false,"isVerified":false,"location":{"fullAddress":"Southend Farm/Southend La, Waltham Abbey EN9 3SE, United Kingdom","address1":"Southend Farm/Southend La","address2":null,"address3":null,"city":"Waltham Abbey","countryCode":null,"county":"GB","latitude":51.682067,"longitude":0.037263,"postalCode":null,"region":null},"offersCount":0,"openNow":-1,"ratingsCount":0,"tradingName":"Southend Farm"}],"count":8}}