{"meta":{"code":200},"response":{"venues":[{"id":"Google:8648638400","distance":789,"service":"Google","detailsUrl":"http://www.google.com/maps/place?source=uds&q=Tourism+Centres&cid=6852657436434712910","advKey":null,"contact":{"blogUrl":null,"email":null,"facebook":null,"fax":null,"foursquare":null,"mobile":null,"phone":"0845 880 6333","twitter":null,"websiteUrl":null},"displayName":null,"photoUrl":null,"thumbUrl":null,"isSponsored":false,"isUserGenerated":false,"isVerified":false,"location":{"fullAddress":"1 Devonshire Square, City of London, EC2M 4WD, United Kingdom","address1":"1 Devonshire Square","address2":null,"address3":null,"city":"London","countryCode":null,"county":"GB","latitude":51.516658,"longitude":-0.079766,"postalCode":null,"region":"Greater London"},"offersCount":0,"openNow":-1,"ratingsCount":0,"tradingName":"Sri Lanka"},{"id":"Google:4516604649","distance":1447,"service":"Google","detailsUrl":"http://www.google.com/maps/place?source=uds&q=Tourism+Centres&cid=896219022820348359","advKey":null,"contact":{"blogUrl":null,"email":null,"facebook":null,"fax":null,"foursquare":null,"mobile":null,"phone":"020 7638 4141","twitter":null,"websiteUrl":null},"displayName":null,"photoUrl":null,"thumbUrl":null,"isSponsored":false,"isUserGenerated":false,"isVerified":false,"location":{"fullAddress":"Silk Street, City of London, United Kingdom EC2Y 8DS, United Kingdom","address1":"Silk Street","address2":null,"address3":null,"city":"City of London","countryCode":null,"county":"GB","latitude":51.520507,"longitude":-0.092616,"postalCode":null,"region":"United Kingdom"},"offersCount":0,"openNow":-1,"ratingsCount":0,"tradingName":"Barbican Centre"},{"id":"Google:1606496463","distance":1582,"service":"Google","detailsUrl":"http://www.google.com/maps/place?source=uds&q=Tourism+Centres&cid=2839104280402819005","advKey":null,"contact":{"blogUrl":null,"email":null,"facebook":null,"fax":null,"foursquare":null,"mobile":null,"phone":"020 7398 5678","twitter":null,"websiteUrl":null},"displayName":null,"photoUrl":null,"thumbUrl":null,"isSponsored":false,"isUserGenerated":false,"isVerified":false,"location":{"fullAddress":"12-13 Nicholas Lane, London, UK EC4N 7BN, United Kingdom","address1":"12-13 Nicholas Lane","address2":null,"address3":null,"city":"London","countryCode":null,"county":"GB","latitude":51.511491,"longitude":-0.087671,"postalCode":null,"region":"UK"},"offersCount":0,"openNow":-1,"ratingsCount":0,"tradingName":"Japan National Tourism Organization"},{"id":"Google:3454193881","distance":2297,"service":"Google","detailsUrl":"http://www.google.com/maps/place?source=uds&q=Tourism+Centres&cid=11265929105562445495","advKey":null,"contact":{"blogUrl":null,"email":null,"facebook":null,"fax":null,"foursquare":null,"mobile":null,"phone":"020 7902 1475","twitter":null,"websiteUrl":null},"displayName":null,"photoUrl":null,"thumbUrl":null,"isSponsored":false,"isUserGenerated":false,"isVerified":false,"location":{"fullAddress":"21 New Globe Walk, Bankside, Greater London SE1 9DT, United Kingdom","address1":"21 New Globe Walk","address2":null,"address3":null,"city":"Bankside","countryCode":null,"county":"GB","latitude":51.508131,"longitude":-0.096786,"postalCode":null,"region":"Greater London"},"offersCount":0,"openNow":-1,"ratingsCount":0,"tradingName":"Shakespeare's Globe Restaurant"},{"id":"Google:1372245254","distance":2380,"service":"Google","detailsUrl":"http://www.google.com/maps/place?source=uds&q=Tourism+Centres&cid=2304839309186538471","advKey":null,"contact":{"blogUrl":null,"email":null,"facebook":null,"fax":null,"foursquare":null,"mobile":null,"phone":"020 78878752","twitter":null,"websiteUrl":null},"displayName":null,"photoUrl":null,"thumbUrl":null,"isSponsored":false,"isUserGenerated":false,"isVerified":false,"location":{"fullAddress":"Bankside, London SE1 9TG, United Kingdom","address1":"Bankside","address2":null,"address3":null,"city":"London","countryCode":null,"county":"GB","latitude":51.50619,"longitude":-0.095437,"postalCode":null,"region":null},"offersCount":0,"openNow":-1,"ratingsCount":0,"tradingName":"Tate Modern"},{"id":"Google:0122123540","distance":2999,"service":"Google","detailsUrl":"http://www.google.com/maps/place?source=uds&q=Tourism+Centres&cid=5686878707253060854","advKey":null,"contact":{"blogUrl":null,"email":null,"facebook":null,"fax":null,"foursquare":null,"mobile":null,"phone":"09068244123","twitter":null,"websiteUrl":null},"displayName":null,"photoUrl":null,"thumbUrl":null,"isSponsored":false,"isUserGenerated":false,"isVerified":false,"location":{"fullAddress":"Lincoln House, High Holborn, City of London, London, Greater London WC1V 7JH, United Kingdom","address1":"Lincoln House, High Holborn","address2":null,"address3":null,"city":"London","countryCode":null,"county":"GB","latitude":51.518077,"longitude":-0.114743,"postalCode":null,"region":"Greater London"},"offersCount":0,"openNow":-1,"ratingsCount":0,"tradingName":"Atout France-The French Tourist Board"},{"id":"Google:8366856668","distance":3041,"service":"Google","detailsUrl":"http://www.google.com/maps/place?source=uds&q=Tourism+Centres&cid=16690683198575537338","advKey":null,"contact":{"blogUrl":null,"email":null,"facebook":null,"fax":null,"foursquare":null,"mobile":null,"phone":"020 7242 7778","twitter":null,"websiteUrl":null},"displayName":null,"photoUrl":null,"thumbUrl":null,"isSponsored":false,"isUserGenerated":false,"isVerified":false,"location":{"fullAddress":"18 Hand Court, City of London, London, Greater London WC1V 6JF, United Kingdom","address1":"18 Hand Court","address2":null,"address3":null,"city":"London","countryCode":null,"county":"GB","latitude":51.518712,"longitude":-0.11547,"postalCode":null,"region":"Greater London"},"offersCount":0,"openNow":-1,"ratingsCount":0,"tradingName":"The Dominican Republic Tourist Information Centre"},{"id":"Google:1333363151","distance":3609,"service":"Google","detailsUrl":"http://www.google.com/maps/place?source=uds&q=Tourism+Centres&cid=5313385424101043680","advKey":null,"contact":{"blogUrl":null,"email":null,"facebook":null,"fax":null,"foursquare":null,"mobile":null,"phone":"020 7689 6679","twitter":null,"websiteUrl":null},"displayName":null,"photoUrl":null,"thumbUrl":null,"isSponsored":false,"isUserGenerated":false,"isVerified":false,"location":{"fullAddress":"12-13 New Wharf Road, London, Greater London N1 9RT, United Kingdom","address1":"12-13 New Wharf Road","address2":null,"address3":null,"city":"London","countryCode":null,"county":"GB","latitude":51.534115,"longitude":-0.120023,"postalCode":null,"region":"Greater London"},"offersCount":0,"openNow":-1,"ratingsCount":0,"tradingName":"London Canal Museum"}],"count":8}}