{"meta":{"code":200},"response":{"venues":[{"id":"Google:2572091296","distance":9,"service":"Google","detailsUrl":"http://www.google.com/maps/place?source=uds&q=Driving+Schools&cid=17862101689459247159","advKey":null,"contact":{"blogUrl":null,"email":null,"facebook":null,"fax":null,"foursquare":null,"mobile":null,"phone":"07985 527313","twitter":null,"websiteUrl":null},"displayName":null,"photoUrl":null,"thumbUrl":null,"isSponsored":false,"isUserGenerated":false,"isVerified":false,"location":{"fullAddress":"140 Brick Lane, London Borough of Tower Hamlets, E1 6RU, United Kingdom","address1":"140 Brick Lane","address2":null,"address3":null,"city":"London","countryCode":null,"county":"GB","latitude":51.521727,"longitude":-0.071644,"postalCode":null,"region":"Greater London"},"offersCount":0,"openNow":-1,"ratingsCount":0,"tradingName":"Whitechapel Driving School"},{"id":"Google:3735647991","distance":19,"service":"Google","detailsUrl":"http://www.google.com/maps/place?source=uds&q=Driving+Schools&cid=16131622737335752419","advKey":null,"contact":{"blogUrl":null,"email":null,"facebook":null,"fax":null,"foursquare":null,"mobile":null,"phone":"07985 527420","twitter":null,"websiteUrl":null},"displayName":null,"photoUrl":null,"thumbUrl":null,"isSponsored":false,"isUserGenerated":false,"isVerified":false,"location":{"fullAddress":"150 Brick Ln, London E1 6RU, United Kingdom","address1":"150 Brick Ln","address2":null,"address3":null,"city":"London","countryCode":null,"county":"GB","latitude":51.521721,"longitude":-0.07151,"postalCode":null,"region":null},"offersCount":0,"openNow":-1,"ratingsCount":0,"tradingName":"Shoreditch Driving School"},{"id":"Google:1436283957","distance":270,"service":"Google","detailsUrl":"http://www.google.com/maps/place?source=uds&q=Driving+Schools&cid=8819184726466908287","advKey":null,"contact":{"blogUrl":null,"email":null,"facebook":null,"fax":null,"foursquare":null,"mobile":null,"phone":"07506 711 356","twitter":null,"websiteUrl":null},"displayName":null,"photoUrl":null,"thumbUrl":null,"isSponsored":false,"isUserGenerated":false,"isVerified":false,"location":{"fullAddress":"1 Brick La, London E1 6SA, United Kingdom","address1":"1 Brick La","address2":null,"address3":null,"city":"London","countryCode":null,"county":"GB","latitude":51.524157,"longitude":-0.071352,"postalCode":null,"region":null},"offersCount":0,"openNow":-1,"ratingsCount":0,"tradingName":"Eastend driving school"},{"id":"Google:9563425818","distance":400,"service":"Google","detailsUrl":"http://www.google.com/maps/place?source=uds&q=Driving+Schools&cid=4793422769082271241","advKey":null,"contact":{"blogUrl":null,"email":null,"facebook":null,"fax":null,"foursquare":null,"mobile":null,"phone":"07539449679","twitter":null,"websiteUrl":null},"displayName":null,"photoUrl":null,"thumbUrl":null,"isSponsored":false,"isUserGenerated":false,"isVerified":false,"location":{"fullAddress":"13A Brick Ln, London E1 6PU, United Kingdom","address1":"13A Brick Ln","address2":null,"address3":null,"city":"London","countryCode":null,"county":"GB","latitude":51.51814,"longitude":-0.071416,"postalCode":null,"region":null},"offersCount":0,"openNow":-1,"ratingsCount":0,"tradingName":"Peters driving school"},{"id":"Google:0047579547","distance":415,"service":"Google","detailsUrl":"http://www.google.com/maps/place?source=uds&q=Driving+Schools&cid=4152326660306866820","advKey":null,"contact":{"blogUrl":null,"email":null,"facebook":null,"fax":null,"foursquare":null,"mobile":null,"phone":"07932 944654","twitter":null,"websiteUrl":null},"displayName":null,"photoUrl":null,"thumbUrl":null,"isSponsored":false,"isUserGenerated":false,"isVerified":false,"location":{"fullAddress":"Wheeler Ln, City of London, Greater London E1 6LQ, United Kingdom","address1":"Wheeler Ln","address2":null,"address3":null,"city":null,"countryCode":null,"county":"GB","latitude":51.518661,"longitude":-0.068374,"postalCode":null,"region":"Greater London"},"offersCount":0,"openNow":-1,"ratingsCount":0,"tradingName":"Driving School East London"},{"id":"Google:5772840994","distance":623,"service":"Google","detailsUrl":"http://www.google.com/maps/place?source=uds&q=Driving+Schools&cid=14248385739894817430","advKey":null,"contact":{"blogUrl":null,"email":null,"facebook":null,"fax":null,"foursquare":null,"mobile":null,"phone":"07951 143143","twitter":null,"websiteUrl":null},"displayName":null,"photoUrl":null,"thumbUrl":null,"isSponsored":false,"isUserGenerated":false,"isVerified":false,"location":{"fullAddress":"3 Virginia Rd, London E2 7LN, United Kingdom","address1":"3 Virginia Rd","address2":null,"address3":null,"city":"London","countryCode":null,"county":"GB","latitude":51.527048,"longitude":-0.074667,"postalCode":null,"region":null},"offersCount":0,"openNow":-1,"ratingsCount":0,"tradingName":"Flex Driving School"},{"id":"Google:3247681588","distance":755,"service":"Google","detailsUrl":"http://www.google.com/maps/place?source=uds&q=Driving+Schools&cid=1374553282616212409","advKey":null,"contact":{"blogUrl":null,"email":null,"facebook":null,"fax":null,"foursquare":null,"mobile":null,"phone":"0800 7569544","twitter":null,"websiteUrl":null},"displayName":null,"photoUrl":null,"thumbUrl":null,"isSponsored":false,"isUserGenerated":false,"isVerified":false,"location":{"fullAddress":"Westfery Road, Docklands, London E14 1SE, United Kingdom","address1":"Westfery Road, Docklands","address2":null,"address3":null,"city":"London","countryCode":null,"county":"GB","latitude":51.515053,"longitude":-0.069829,"postalCode":null,"region":null},"offersCount":0,"openNow":-1,"ratingsCount":0,"tradingName":"Driving School in East London"},{"id":"Google:4222632935","distance":2778,"service":"Google","detailsUrl":"http://www.google.com/maps/place?source=uds&q=Driving+Schools&cid=4634505345467371804","advKey":null,"contact":{"blogUrl":null,"email":null,"facebook":null,"fax":null,"foursquare":null,"mobile":null,"phone":"07951 659551","twitter":null,"websiteUrl":null},"displayName":null,"photoUrl":null,"thumbUrl":null,"isSponsored":false,"isUserGenerated":false,"isVerified":false,"location":{"fullAddress":"London, United Kingdom","address1":null,"address2":null,"address3":null,"city":"London","countryCode":null,"county":"GB","latitude":51.544204,"longitude":-0.054215,"postalCode":null,"region":null},"offersCount":0,"openNow":-1,"ratingsCount":0,"tradingName":"Accolade Driver Training"}],"count":8}}