{"meta":{"code":200},"response":{"venues":[{"id":"Google:6611385009","distance":579,"service":"Google","detailsUrl":"http://www.google.com/maps/place?source=uds&q=Bags+Luggage+Shops&cid=13405257718991877819","advKey":null,"contact":{"blogUrl":null,"email":null,"facebook":null,"fax":null,"foursquare":null,"mobile":null,"phone":"020 7033 7843","twitter":null,"websiteUrl":null},"displayName":null,"photoUrl":null,"thumbUrl":null,"isSponsored":false,"isUserGenerated":false,"isVerified":false,"location":{"fullAddress":"9 Calvert Avenue, London, City of London, Greater London E2 7J, United Kingdom","address1":"9 Calvert Avenue","address2":null,"address3":null,"city":"City of London","countryCode":null,"county":"GB","latitude":51.526264,"longitude":-0.075936,"postalCode":null,"region":"Greater London"},"offersCount":0,"openNow":-1,"ratingsCount":0,"tradingName":"Ally Capellino"},{"id":"Google:3696498611","distance":646,"service":"Google","detailsUrl":"http://www.google.com/maps/place?source=uds&q=Bags+Luggage+Shops&cid=15670732370493616076","advKey":null,"contact":{"blogUrl":null,"email":null,"facebook":null,"fax":null,"foursquare":null,"mobile":null,"phone":"020 7247 9681","twitter":null,"websiteUrl":null},"displayName":null,"photoUrl":null,"thumbUrl":null,"isSponsored":false,"isUserGenerated":false,"isVerified":false,"location":{"fullAddress":"3-5 Wentworth Street, Whitechapel, London E1 7TB, United Kingdom","address1":"3-5 Wentworth Street","address2":null,"address3":null,"city":"London","countryCode":null,"county":"GB","latitude":51.516562,"longitude":-0.076067,"postalCode":null,"region":null},"offersCount":0,"openNow":-1,"ratingsCount":0,"tradingName":"Rose Luggage & Leather Goods Ltd"},{"id":"Google:6500307592","distance":725,"service":"Google","detailsUrl":"http://www.google.com/maps/place?source=uds&q=Bags+Luggage+Shops&cid=1606358411825231149","advKey":null,"contact":{"blogUrl":null,"email":null,"facebook":null,"fax":null,"foursquare":null,"mobile":null,"phone":"020 7655 4536","twitter":null,"websiteUrl":null},"displayName":null,"photoUrl":null,"thumbUrl":null,"isSponsored":false,"isUserGenerated":false,"isVerified":false,"location":{"fullAddress":"Unit 57 The Concourse/Liverpool Street Station/Liverpool St, London EC2M 7PY, United Kingdom","address1":"Unit 57 The Concourse/Liverpool Street Station/Liverpool St","address2":null,"address3":null,"city":"London","countryCode":null,"county":"GB","latitude":51.51906,"longitude":-0.081355,"postalCode":null,"region":null},"offersCount":0,"openNow":-1,"ratingsCount":0,"tradingName":"Traveless"},{"id":"Google:4705620230","distance":860,"service":"Google","detailsUrl":"http://www.google.com/maps/place?source=uds&q=Bags+Luggage+Shops&cid=9947074650758051291","advKey":null,"contact":{"blogUrl":null,"email":null,"facebook":null,"fax":null,"foursquare":null,"mobile":null,"phone":"020 7626 2313","twitter":null,"websiteUrl":null},"displayName":null,"photoUrl":null,"thumbUrl":null,"isSponsored":false,"isUserGenerated":false,"isVerified":false,"location":{"fullAddress":"32 Liverpool Street, City of London, EC2M, United Kingdom","address1":"32 Liverpool Street","address2":null,"address3":null,"city":"London","countryCode":null,"county":"GB","latitude":51.517115,"longitude":-0.081763,"postalCode":null,"region":"Greater London"},"offersCount":0,"openNow":-1,"ratingsCount":0,"tradingName":"Equipped Ladies Handbags"},{"id":"Google:7154106648","distance":981,"service":"Google","detailsUrl":"http://www.google.com/maps/place?source=uds&q=Bags+Luggage+Shops&cid=10699869209699767804","advKey":null,"contact":{"blogUrl":null,"email":null,"facebook":null,"fax":null,"foursquare":null,"mobile":null,"phone":"020 0011 4054","twitter":null,"websiteUrl":null},"displayName":null,"photoUrl":null,"thumbUrl":null,"isSponsored":false,"isUserGenerated":false,"isVerified":false,"location":{"fullAddress":"151 Hackney Rd, London E2 8JL, United Kingdom","address1":"151 Hackney Rd","address2":null,"address3":null,"city":"London","countryCode":null,"county":"GB","latitude":51.530493,"longitude":-0.073594,"postalCode":null,"region":null},"offersCount":0,"openNow":-1,"ratingsCount":0,"tradingName":"Milad Handbags Ltd"},{"id":"Google:0519280536","distance":1077,"service":"Google","detailsUrl":"http://www.google.com/maps/place?source=uds&q=Bags+Luggage+Shops&cid=9538051196906249378","advKey":null,"contact":{"blogUrl":null,"email":null,"facebook":null,"fax":null,"foursquare":null,"mobile":null,"phone":"020 7729 3275","twitter":null,"websiteUrl":null},"displayName":null,"photoUrl":null,"thumbUrl":null,"isSponsored":false,"isUserGenerated":false,"isVerified":false,"location":{"fullAddress":"308 Hackney Road, London, Greater London E2 7SJ, United Kingdom","address1":"308 Hackney Road","address2":null,"address3":null,"city":"London","countryCode":null,"county":"GB","latitude":51.531053,"longitude":-0.06751,"postalCode":null,"region":"Greater London"},"offersCount":0,"openNow":-1,"ratingsCount":0,"tradingName":"Ariana Bags"},{"id":"Google:4854144908","distance":1081,"service":"Google","detailsUrl":"http://www.google.com/maps/place?source=uds&q=Bags+Luggage+Shops&cid=15196209435765373680","advKey":null,"contact":{"blogUrl":null,"email":null,"facebook":null,"fax":null,"foursquare":null,"mobile":null,"phone":"020 7729 8288","twitter":null,"websiteUrl":null},"displayName":null,"photoUrl":null,"thumbUrl":null,"isSponsored":false,"isUserGenerated":false,"isVerified":false,"location":{"fullAddress":"275 Hackney Road, London, Greater London E2 8NA, United Kingdom","address1":"275 Hackney Road","address2":null,"address3":null,"city":"London","countryCode":null,"county":"GB","latitude":51.531184,"longitude":-0.068109,"postalCode":null,"region":"Greater London"},"offersCount":0,"openNow":-1,"ratingsCount":0,"tradingName":"Unique Bags & Luggage"},{"id":"Google:1689141007","distance":1327,"service":"Google","detailsUrl":"http://www.google.com/maps/place?source=uds&q=Bags+Luggage+Shops&cid=11715860618771428863","advKey":null,"contact":{"blogUrl":null,"email":null,"facebook":null,"fax":null,"foursquare":null,"mobile":null,"phone":"020 7626 4118","twitter":null,"websiteUrl":null},"displayName":null,"photoUrl":null,"thumbUrl":null,"isSponsored":false,"isUserGenerated":false,"isVerified":false,"location":{"fullAddress":"41 Leadenhall Market, London EC3V 1LT, United Kingdom","address1":"41 Leadenhall Market","address2":null,"address3":null,"city":"London","countryCode":null,"county":"GB","latitude":51.512505,"longitude":-0.083955,"postalCode":null,"region":null},"offersCount":0,"openNow":-1,"ratingsCount":0,"tradingName":"Mono Leather Goods"}],"count":8}}