{"meta":{"code":200},"response":{"venues":[{"id":"Google:4651290014","distance":1398,"service":"Google","detailsUrl":"http://www.google.com/maps/place?source=uds&q=Food+%26+Drink&cid=10197988913205527091","advKey":null,"contact":{"blogUrl":null,"email":null,"facebook":null,"fax":null,"foursquare":null,"mobile":null,"phone":null,"twitter":null,"websiteUrl":null},"displayName":null,"photoUrl":null,"thumbUrl":null,"isSponsored":false,"isUserGenerated":false,"isVerified":false,"location":{"fullAddress":"Silk Street, London EC2Y 8DS, United Kingdom","address1":"Silk Street","address2":null,"address3":null,"city":"London","countryCode":null,"county":"GB","latitude":51.519979,"longitude":-0.091803,"postalCode":null,"region":null},"offersCount":0,"openNow":-1,"ratingsCount":0,"tradingName":"Barbican Foodhall"},{"id":"Google:3758259410","distance":1398,"service":"Google","detailsUrl":"http://www.google.com/maps/place?source=uds&q=Food+%26+Drink&cid=1206878216099830137","advKey":null,"contact":{"blogUrl":null,"email":null,"facebook":null,"fax":null,"foursquare":null,"mobile":null,"phone":null,"twitter":null,"websiteUrl":null},"displayName":null,"photoUrl":null,"thumbUrl":null,"isSponsored":false,"isUserGenerated":false,"isVerified":false,"location":{"fullAddress":"Silk Street, London EC2Y 8DS, United Kingdom","address1":"Silk Street","address2":null,"address3":null,"city":"London","countryCode":null,"county":"GB","latitude":51.519979,"longitude":-0.091803,"postalCode":null,"region":null},"offersCount":0,"openNow":-1,"ratingsCount":0,"tradingName":"Barbican Foodhall"},{"id":"Google:1627487972","distance":1892,"service":"Google","detailsUrl":"http://www.google.com/maps/place?source=uds&q=Food+%26+Drink&cid=18302671536789533461","advKey":null,"contact":{"blogUrl":null,"email":null,"facebook":null,"fax":null,"foursquare":null,"mobile":null,"phone":"020 8981 7172","twitter":null,"websiteUrl":null},"displayName":null,"photoUrl":null,"thumbUrl":null,"isSponsored":false,"isUserGenerated":false,"isVerified":false,"location":{"fullAddress":"65a Vyner St, London E2 9DQ, United Kingdom","address1":"65a Vyner St","address2":null,"address3":null,"city":"London","countryCode":null,"county":"GB","latitude":51.534902,"longitude":-0.054449,"postalCode":null,"region":null},"offersCount":0,"openNow":-1,"ratingsCount":0,"tradingName":"Bengal Pride Ltd"},{"id":"Google:9007260894","distance":2613,"service":"Google","detailsUrl":"http://www.google.com/maps/place?source=uds&q=Food+%26+Drink&cid=5209756980997327241","advKey":null,"contact":{"blogUrl":null,"email":null,"facebook":null,"fax":null,"foursquare":null,"mobile":null,"phone":"0800 636262","twitter":null,"websiteUrl":null},"displayName":null,"photoUrl":null,"thumbUrl":null,"isSponsored":false,"isUserGenerated":false,"isVerified":false,"location":{"fullAddress":"60 Fetter Lane, London EC4A 1AA, United Kingdom","address1":"60 Fetter Lane","address2":null,"address3":null,"city":"London","countryCode":null,"county":"GB","latitude":51.517585,"longitude":-0.108968,"postalCode":null,"region":null},"offersCount":0,"openNow":-1,"ratingsCount":0,"tradingName":"Sainsbury's Local"},{"id":"Google:8884407059","distance":2689,"service":"Google","detailsUrl":"http://www.google.com/maps/place?source=uds&q=Food+%26+Drink&cid=16690702213806111775","advKey":null,"contact":{"blogUrl":null,"email":null,"facebook":null,"fax":null,"foursquare":null,"mobile":null,"phone":"020 7394 8890","twitter":null,"websiteUrl":null},"displayName":null,"photoUrl":null,"thumbUrl":null,"isSponsored":false,"isUserGenerated":false,"isVerified":false,"location":{"fullAddress":"Old Jamaica Business Estate/29-30 Old Jamaica Rd, London SE16 4AW, United Kingdom","address1":"Old Jamaica Business Estate/29-30 Old Jamaica Rd","address2":null,"address3":null,"city":"London","countryCode":null,"county":"GB","latitude":51.497563,"longitude":-0.070375,"postalCode":null,"region":null},"offersCount":0,"openNow":-1,"ratingsCount":0,"tradingName":"Capital Food Wholesalers"},{"id":"Google:5699294374","distance":2797,"service":"Google","detailsUrl":"http://www.google.com/maps/place?source=uds&q=Food+%26+Drink&cid=336999154243495724","advKey":null,"contact":{"blogUrl":null,"email":null,"facebook":null,"fax":null,"foursquare":null,"mobile":null,"phone":"020 7378 8332","twitter":null,"websiteUrl":null},"displayName":null,"photoUrl":null,"thumbUrl":null,"isSponsored":false,"isUserGenerated":false,"isVerified":false,"location":{"fullAddress":"Unit 1, 14 Weller Street, London SE1 1QU, United Kingdom","address1":"Unit 1, 14 Weller Street","address2":null,"address3":null,"city":"London","countryCode":null,"county":"GB","latitude":51.501797,"longitude":-0.096452,"postalCode":null,"region":null},"offersCount":0,"openNow":-1,"ratingsCount":0,"tradingName":"Love Smoothies Ltd"},{"id":"Google:6313747954","distance":2927,"service":"Google","detailsUrl":"http://www.google.com/maps/place?source=uds&q=Food+%26+Drink&cid=10355301619871979148","advKey":null,"contact":{"blogUrl":null,"email":null,"facebook":null,"fax":null,"foursquare":null,"mobile":null,"phone":"020 8356 4916","twitter":null,"websiteUrl":null},"displayName":null,"photoUrl":null,"thumbUrl":null,"isSponsored":false,"isUserGenerated":false,"isVerified":false,"location":{"fullAddress":"Ridley Road, London E8 2LH, United Kingdom","address1":"Ridley Road","address2":null,"address3":null,"city":"London","countryCode":null,"county":"GB","latitude":51.548013,"longitude":-0.069298,"postalCode":null,"region":null},"offersCount":0,"openNow":-1,"ratingsCount":0,"tradingName":"Ridley Road Market"},{"id":"Google:9983142689","distance":3494,"service":"Google","detailsUrl":"http://www.google.com/maps/place?source=uds&q=Food+%26+Drink&cid=12662635299739293677","advKey":null,"contact":{"blogUrl":null,"email":null,"facebook":null,"fax":null,"foursquare":null,"mobile":null,"phone":"020 7836 2460","twitter":null,"websiteUrl":null},"displayName":null,"photoUrl":null,"thumbUrl":null,"isSponsored":false,"isUserGenerated":false,"isVerified":false,"location":{"fullAddress":"6 Catherine Street, City of Westminster, WC2B 5JJ, United Kingdom","address1":"6 Catherine Street","address2":null,"address3":null,"city":"London","countryCode":null,"county":"GB","latitude":51.512591,"longitude":-0.120106,"postalCode":null,"region":"Greater London"},"offersCount":0,"openNow":-1,"ratingsCount":0,"tradingName":"Food & Drink Federation"}],"count":8}}