{"meta":{"code":200},"response":{"venues":[{"id":"7971","distance":1315,"service":"NearMe","detailsUrl":null,"advKey":"d8cc1f976f3f4625985a69b815bf89fd","contact":{"blogUrl":null,"email":null,"facebook":null,"fax":null,"foursquare":null,"mobile":null,"phone":"0207 998 0909","twitter":null,"websiteUrl":"http://www.pizzahut.co.uk"},"displayName":"hut_7971","photoUrl":"http://www.getnearme.com/data/merchants/2012/04/pizzahutuk/hut_7971/d6kGSahkgo_640x480.png","thumbUrl":"http://www.getnearme.com/data/merchants/2012/04/pizzahutuk/hut_7971/d6kGSahkgo_72x54.png","isSponsored":false,"isUserGenerated":false,"isVerified":false,"location":{"fullAddress":"249 Cambridge Heath Road, Bethnal Green, E2 6FG London, United Kingdom","address1":"249 Cambridge Heath Road, Bethnal Green","address2":null,"address3":null,"city":"London","countryCode":"GB","county":null,"latitude":51.526294,"longitude":-0.05424,"postalCode":"E2 6FG","region":"GB"},"offersCount":0,"openNow":-1,"ratingsCount":0,"tradingName":"Pizza Hut Delivery"},{"id":"7822","distance":2936,"service":"NearMe","detailsUrl":null,"advKey":"d8cc1f976f3f4625985a69b815bf89fd","contact":{"blogUrl":null,"email":null,"facebook":null,"fax":null,"foursquare":null,"mobile":null,"phone":"020 8986 6886","twitter":null,"websiteUrl":"http://www.pizzahut.co.uk"},"displayName":"hut_7822","photoUrl":"http://www.getnearme.com/data/merchants/2012/04/pizzahutuk/hut_7822/uFL0A7KElr_640x480.png","thumbUrl":"http://www.getnearme.com/data/merchants/2012/04/pizzahutuk/hut_7822/uFL0A7KElr_72x54.png","isSponsored":false,"isUserGenerated":false,"isVerified":false,"location":{"fullAddress":"321 Mare Street, Hackney, E8 1EJ London, United Kingdom","address1":"321 Mare Street, Hackney","address2":null,"address3":null,"city":"London","countryCode":"GB","county":null,"latitude":51.54566,"longitude":-0.053818,"postalCode":"E8 1EJ","region":"GB"},"offersCount":0,"openNow":-1,"ratingsCount":0,"tradingName":"Pizza Hut Delivery"},{"id":"7593","distance":2965,"service":"NearMe","detailsUrl":null,"advKey":"d8cc1f976f3f4625985a69b815bf89fd","contact":{"blogUrl":null,"email":null,"facebook":null,"fax":null,"foursquare":null,"mobile":null,"phone":"020 7354 5055","twitter":null,"websiteUrl":"http://www.pizzahut.co.uk"},"displayName":"hut_7593","photoUrl":"http://www.getnearme.com/data/merchants/2012/04/pizzahutuk/hut_7593/78pwBnK0nV_640x480.png","thumbUrl":"http://www.getnearme.com/data/merchants/2012/04/pizzahutuk/hut_7593/78pwBnK0nV_72x54.png","isSponsored":false,"isUserGenerated":false,"isVerified":false,"location":{"fullAddress":"169 Upper Street, Islington, N1 1RG London, United Kingdom","address1":"169 Upper Street, Islington","address2":null,"address3":null,"city":"London","countryCode":"GB","county":null,"latitude":51.540911,"longitude":-0.101572,"postalCode":"N1 1RG","region":"GB"},"offersCount":0,"openNow":-1,"ratingsCount":0,"tradingName":"Pizza Hut Delivery"},{"id":"7519","distance":3460,"service":"NearMe","detailsUrl":null,"advKey":"d8cc1f976f3f4625985a69b815bf89fd","contact":{"blogUrl":null,"email":null,"facebook":null,"fax":null,"foursquare":null,"mobile":null,"phone":"020 7837 3934","twitter":null,"websiteUrl":"http://www.pizzahut.co.uk"},"displayName":"hut_7519","photoUrl":"http://www.getnearme.com/data/merchants/2012/04/pizzahutuk/hut_7519/n6xyfB3ZTa_640x480.png","thumbUrl":"http://www.getnearme.com/data/merchants/2012/04/pizzahutuk/hut_7519/n6xyfB3ZTa_72x54.png","isSponsored":false,"isUserGenerated":false,"isVerified":false,"location":{"fullAddress":"150 Southampton Row, WC1B 5AL London, United Kingdom","address1":"150 Southampton Row","address2":null,"address3":null,"city":"London","countryCode":"GB","county":null,"latitude":51.520983,"longitude":-0.121791,"postalCode":"WC1B 5AL","region":"GB"},"offersCount":0,"openNow":-1,"ratingsCount":0,"tradingName":"Pizza Hut"},{"id":"7492","distance":3571,"service":"NearMe","detailsUrl":null,"advKey":"d8cc1f976f3f4625985a69b815bf89fd","contact":{"blogUrl":null,"email":null,"facebook":null,"fax":null,"foursquare":null,"mobile":null,"phone":"020 7231 1414","twitter":null,"websiteUrl":"http://www.pizzahut.co.uk"},"displayName":"hut_7492","photoUrl":"http://www.getnearme.com/data/merchants/2012/04/pizzahutuk/hut_7492/ZVisZruTSn_640x480.png","thumbUrl":"http://www.getnearme.com/data/merchants/2012/04/pizzahutuk/hut_7492/ZVisZruTSn_72x54.png","isSponsored":false,"isUserGenerated":false,"isVerified":false,"location":{"fullAddress":"The Mast Leisure Complex, 5 Teredo St, SE16 7LW London, United Kingdom","address1":"The Mast Leisure Complex, 5 Teredo St","address2":null,"address3":null,"city":"London","countryCode":"GB","county":null,"latitude":51.495434,"longitude":-0.042155,"postalCode":"SE16 7LW","region":"GB"},"offersCount":0,"openNow":-1,"ratingsCount":0,"tradingName":"Pizza Hut"},{"id":"7457","distance":3638,"service":"NearMe","detailsUrl":null,"advKey":"d8cc1f976f3f4625985a69b815bf89fd","contact":{"blogUrl":null,"email":null,"facebook":null,"fax":null,"foursquare":null,"mobile":null,"phone":"020 7497 0909","twitter":null,"websiteUrl":"http://www.pizzahut.co.uk"},"displayName":"hut_7457","photoUrl":"http://www.getnearme.com/data/merchants/2012/04/pizzahutuk/hut_7457/QxAiaklaU5_640x480.png","thumbUrl":"http://www.getnearme.com/data/merchants/2012/04/pizzahutuk/hut_7457/QxAiaklaU5_72x54.png","isSponsored":false,"isUserGenerated":false,"isVerified":false,"location":{"fullAddress":"1A Henrietta Street, Covent Garden, WC2E 8PP London, United Kingdom","address1":"1A Henrietta Street, Covent Garden","address2":null,"address3":null,"city":"London","countryCode":"GB","county":null,"latitude":51.510841,"longitude":-0.121372,"postalCode":"WC2E 8PP","region":"GB"},"offersCount":0,"openNow":-1,"ratingsCount":0,"tradingName":"Pizza Hut"},{"id":"7400","distance":3714,"service":"NearMe","detailsUrl":null,"advKey":"d8cc1f976f3f4625985a69b815bf89fd","contact":{"blogUrl":null,"email":null,"facebook":null,"fax":null,"foursquare":null,"mobile":null,"phone":"020 7925 0050","twitter":null,"websiteUrl":"http://www.pizzahut.co.uk"},"displayName":"hut_7400","photoUrl":"http://www.getnearme.com/data/merchants/2012/04/pizzahutuk/hut_7400/wVGlDCxG8D_640x480.png","thumbUrl":"http://www.getnearme.com/data/merchants/2012/04/pizzahutuk/hut_7400/wVGlDCxG8D_72x54.png","isSponsored":false,"isUserGenerated":false,"isVerified":false,"location":{"fullAddress":"56/59 Strand, WC2N 5LR London, United Kingdom","address1":"56/59 Strand","address2":null,"address3":null,"city":"London","countryCode":"GB","county":null,"latitude":51.509143,"longitude":-0.121514,"postalCode":"WC2N 5LR","region":"GB"},"offersCount":0,"openNow":-1,"ratingsCount":0,"tradingName":"Pizza Hut"},{"id":"7401","distance":3962,"service":"NearMe","detailsUrl":null,"advKey":"d8cc1f976f3f4625985a69b815bf89fd","contact":{"blogUrl":null,"email":null,"facebook":null,"fax":null,"foursquare":null,"mobile":null,"phone":"020 7379 4655","twitter":null,"websiteUrl":"http://www.pizzahut.co.uk"},"displayName":"hut_7401","photoUrl":"http://www.getnearme.com/data/merchants/2012/04/pizzahutuk/hut_7401/bQzBPJ4PQj_640x480.png","thumbUrl":"http://www.getnearme.com/data/merchants/2012/04/pizzahutuk/hut_7401/bQzBPJ4PQj_72x54.png","isSponsored":false,"isUserGenerated":false,"isVerified":false,"location":{"fullAddress":"Gloucester Mansions, 140a Shaftesbury Avenue, WC2H 8PA London, United Kingdom","address1":"Gloucester Mansions, 140a Shaftesbury Avenue","address2":null,"address3":null,"city":"London","countryCode":"GB","county":null,"latitude":51.512787,"longitude":-0.127216,"postalCode":"WC2H 8PA","region":"GB"},"offersCount":0,"openNow":-1,"ratingsCount":0,"tradingName":"Pizza Hut"},{"id":"7386","distance":4075,"service":"NearMe","detailsUrl":null,"advKey":"d8cc1f976f3f4625985a69b815bf89fd","contact":{"blogUrl":null,"email":null,"facebook":null,"fax":null,"foursquare":null,"mobile":null,"phone":"020 7930 9114","twitter":null,"websiteUrl":"http://www.pizzahut.co.uk"},"displayName":"hut_7386","photoUrl":"http://www.getnearme.com/data/merchants/2012/04/pizzahutuk/hut_7386/7ptqAyoepT_640x480.png","thumbUrl":"http://www.getnearme.com/data/merchants/2012/04/pizzahutuk/hut_7386/7ptqAyoepT_72x54.png","isSponsored":false,"isUserGenerated":false,"isVerified":false,"location":{"fullAddress":"19 Leicester Square, WC2H 7LE London, United Kingdom","address1":"19 Leicester Square","address2":null,"address3":null,"city":"London","countryCode":"GB","county":null,"latitude":51.510232,"longitude":-0.12771,"postalCode":"WC2H 7LE","region":"GB"},"offersCount":0,"openNow":-1,"ratingsCount":0,"tradingName":"Pizza Hut"},{"id":"7399","distance":4235,"service":"NearMe","detailsUrl":null,"advKey":"d8cc1f976f3f4625985a69b815bf89fd","contact":{"blogUrl":null,"email":null,"facebook":null,"fax":null,"foursquare":null,"mobile":null,"phone":"020 7734 4534","twitter":null,"websiteUrl":"http://www.pizzahut.co.uk"},"displayName":"hut_7399","photoUrl":"http://www.getnearme.com/data/merchants/2012/04/pizzahutuk/hut_7399/TAZkXeYWdM_640x480.png","thumbUrl":"http://www.getnearme.com/data/merchants/2012/04/pizzahutuk/hut_7399/TAZkXeYWdM_72x54.png","isSponsored":false,"isUserGenerated":false,"isVerified":false,"location":{"fullAddress":"79/89 Oxford Street, W1D 2ET London, United Kingdom","address1":"79/89 Oxford Street","address2":null,"address3":null,"city":"London","countryCode":"GB","county":null,"latitude":51.515375,"longitude":-0.132141,"postalCode":"W1D 2ET","region":"GB"},"offersCount":0,"openNow":-1,"ratingsCount":0,"tradingName":"Pizza Hut"}],"count":10}}