{"meta":{"code":200},"response":{"venues":[{"id":"2155","distance":4123,"service":"NearMe","detailsUrl":null,"advKey":null,"contact":{"blogUrl":null,"email":null,"facebook":null,"fax":null,"foursquare":null,"mobile":null,"phone":"0207 5007900","twitter":null,"websiteUrl":"http://www.asda.com"},"displayName":"asda_2155","photoUrl":"http://www.getnearme.com/data/merchants/2012/04/asda/asda_2155/QMtz3VPFDV_640x480.jpg","thumbUrl":"http://www.getnearme.com/data/merchants/2012/04/asda/asda_2155/QMtz3VPFDV_72x54.jpg","isSponsored":false,"isUserGenerated":false,"isVerified":false,"location":{"fullAddress":"Old Kent Road, SE1  5AG Ossory Road, United Kingdom","address1":"Old Kent Road","address2":null,"address3":null,"city":"Ossory Road","countryCode":"GB","county":null,"latitude":51.484655,"longitude":-0.07108,"postalCode":"SE1  5AG","region":null},"offersCount":0,"openNow":-1,"ratingsCount":0,"tradingName":"ASDA Supermarket"},{"id":"1941","distance":5143,"service":"NearMe","detailsUrl":null,"advKey":null,"contact":{"blogUrl":null,"email":null,"facebook":null,"fax":null,"foursquare":null,"mobile":null,"phone":"0207 9872614","twitter":null,"websiteUrl":"http://www.asda.com"},"displayName":"asda_1941","photoUrl":"http://www.getnearme.com/data/merchants/2012/04/asda/asda_1941/Hzp8Enmgub_640x480.jpg","thumbUrl":"http://www.getnearme.com/data/merchants/2012/04/asda/asda_1941/Hzp8Enmgub_72x54.jpg","isSponsored":false,"isUserGenerated":false,"isVerified":false,"location":{"fullAddress":"151 East Ferry Road, E14 3BT Isle Of Dogs, United Kingdom","address1":"151 East Ferry Road","address2":null,"address3":null,"city":"Isle Of Dogs","countryCode":"GB","county":null,"latitude":51.494393,"longitude":-0.01185,"postalCode":"E14 3BT","region":null},"offersCount":0,"openNow":-1,"ratingsCount":0,"tradingName":"ASDA Superstore"},{"id":"2042","distance":5705,"service":"NearMe","detailsUrl":null,"advKey":null,"contact":{"blogUrl":null,"email":null,"facebook":null,"fax":null,"foursquare":null,"mobile":null,"phone":"0208 4634600","twitter":null,"websiteUrl":"http://www.asda.com"},"displayName":"asda_2042","photoUrl":"http://www.getnearme.com/data/merchants/2012/04/asda/asda_2042/kcdvnCv8U1_640x480.jpg","thumbUrl":"http://www.getnearme.com/data/merchants/2012/04/asda/asda_2042/kcdvnCv8U1_72x54.jpg","isSponsored":false,"isUserGenerated":false,"isVerified":false,"location":{"fullAddress":"158 Clapton Common, E5 9AG Stamford Hill, United Kingdom","address1":"158 Clapton Common","address2":null,"address3":null,"city":"Stamford Hill","countryCode":"GB","county":null,"latitude":51.573039,"longitude":-0.070971,"postalCode":"E5 9AG","region":null},"offersCount":0,"openNow":-1,"ratingsCount":0,"tradingName":"ASDA Supermarket"},{"id":"1971","distance":5799,"service":"NearMe","detailsUrl":null,"advKey":null,"contact":{"blogUrl":null,"email":null,"facebook":null,"fax":null,"foursquare":null,"mobile":null,"phone":"0208 9888300","twitter":null,"websiteUrl":"http://www.asda.com"},"displayName":"asda_1971","photoUrl":"http://www.getnearme.com/data/merchants/2012/04/asda/asda_1971/psNFfbDlS5_640x480.jpg","thumbUrl":"http://www.getnearme.com/data/merchants/2012/04/asda/asda_1971/psNFfbDlS5_72x54.jpg","isSponsored":false,"isUserGenerated":false,"isVerified":false,"location":{"fullAddress":"Marshall Road, E10 5NH Leyton, United Kingdom","address1":"Marshall Road","address2":null,"address3":null,"city":"Leyton","countryCode":"GB","county":null,"latitude":51.55643,"longitude":-0.00918,"postalCode":"E10 5NH","region":null},"offersCount":0,"openNow":-1,"ratingsCount":0,"tradingName":"ASDA Superstore"},{"id":"1800","distance":7353,"service":"NearMe","detailsUrl":null,"advKey":null,"contact":{"blogUrl":null,"email":null,"facebook":null,"fax":null,"foursquare":null,"mobile":null,"phone":"0208 493 1600","twitter":null,"websiteUrl":"http://www.asda.com"},"displayName":"asda_1800","photoUrl":"http://www.getnearme.com/data/merchants/2012/04/asda/asda_1800/A9ESBBgs8D_640x480.png","thumbUrl":"http://www.getnearme.com/data/merchants/2012/04/asda/asda_1800/A9ESBBgs8D_72x54.png","isSponsored":false,"isUserGenerated":false,"isVerified":false,"location":{"fullAddress":"Unit 4a, Tottenham Hale Retail Park, N15 4QD Broad Lane, United Kingdom","address1":"Unit 4a, Tottenham Hale Retail Park","address2":null,"address3":null,"city":"Broad Lane","countryCode":"GB","county":null,"latitude":51.58753,"longitude":-0.06112,"postalCode":"N15 4QD","region":null},"offersCount":0,"openNow":-1,"ratingsCount":0,"tradingName":"ASDA Living"},{"id":"1942","distance":7544,"service":"NearMe","detailsUrl":null,"advKey":null,"contact":{"blogUrl":null,"email":null,"facebook":null,"fax":null,"foursquare":null,"mobile":null,"phone":"0208 8583313","twitter":null,"websiteUrl":"http://www.asda.com"},"displayName":"asda_1942","photoUrl":"http://www.getnearme.com/data/merchants/2012/04/asda/asda_1942/inH0Njrvw6_640x480.jpg","thumbUrl":"http://www.getnearme.com/data/merchants/2012/04/asda/asda_1942/inH0Njrvw6_72x54.jpg","isSponsored":false,"isUserGenerated":false,"isVerified":false,"location":{"fullAddress":"Bugsby Way, SE7 7ST Charlton, United Kingdom","address1":"Bugsby Way","address2":null,"address3":null,"city":"Charlton","countryCode":"GB","county":null,"latitude":51.489284,"longitude":0.023938,"postalCode":"SE7 7ST","region":null},"offersCount":0,"openNow":-1,"ratingsCount":0,"tradingName":"ASDA Superstore"},{"id":"2002","distance":7625,"service":"NearMe","detailsUrl":null,"advKey":null,"contact":{"blogUrl":null,"email":null,"facebook":null,"fax":null,"foursquare":null,"mobile":null,"phone":"0208 5097700","twitter":null,"websiteUrl":"http://www.asda.com"},"displayName":"asda_2002","photoUrl":"http://www.getnearme.com/data/merchants/2012/04/asda/asda_2002/7WY7101GV7_640x480.png","thumbUrl":"http://www.getnearme.com/data/merchants/2012/04/asda/asda_2002/7WY7101GV7_72x54.png","isSponsored":false,"isUserGenerated":false,"isVerified":false,"location":{"fullAddress":"19 Selborne Walk Shopping Centre -, E17 7LS Walthamstow, United Kingdom","address1":"19 Selborne Walk Shopping Centre -","address2":null,"address3":null,"city":"Walthamstow","countryCode":"GB","county":null,"latitude":51.58345,"longitude":-0.02369,"postalCode":"E17 7LS","region":null},"offersCount":0,"openNow":-1,"ratingsCount":0,"tradingName":"ASDA Supermarket"},{"id":"1876","distance":8003,"service":"NearMe","detailsUrl":null,"advKey":null,"contact":{"blogUrl":null,"email":null,"facebook":null,"fax":null,"foursquare":null,"mobile":null,"phone":"02084 634500","twitter":null,"websiteUrl":"http://www.asda.com"},"displayName":"asda_1876","photoUrl":"http://www.getnearme.com/data/merchants/2012/04/asda/asda_1876/4xk8jUDxXL_640x480.png","thumbUrl":"http://www.getnearme.com/data/merchants/2012/04/asda/asda_1876/4xk8jUDxXL_72x54.png","isSponsored":false,"isUserGenerated":false,"isVerified":false,"location":{"fullAddress":"490 High Road, N17 9JF Tottenham, United Kingdom","address1":"490 High Road","address2":null,"address3":null,"city":"Tottenham","countryCode":"GB","county":null,"latitude":51.593695,"longitude":-0.069362,"postalCode":"N17 9JF","region":null},"offersCount":0,"openNow":-1,"ratingsCount":0,"tradingName":"ASDA Supermarket"},{"id":"2082","distance":8993,"service":"NearMe","detailsUrl":null,"advKey":null,"contact":{"blogUrl":null,"email":null,"facebook":null,"fax":null,"foursquare":null,"mobile":null,"phone":"0207 2230101","twitter":null,"websiteUrl":"http://www.asda.com"},"displayName":"asda_2082","photoUrl":"http://www.getnearme.com/data/merchants/2012/04/asda/asda_2082/wcANfsDPbt_640x480.jpg","thumbUrl":"http://www.getnearme.com/data/merchants/2012/04/asda/asda_2082/wcANfsDPbt_72x54.jpg","isSponsored":false,"isUserGenerated":false,"isVerified":false,"location":{"fullAddress":"204 Lavender Hill, SW11 1JG Battersea, United Kingdom","address1":"204 Lavender Hill","address2":null,"address3":null,"city":"Battersea","countryCode":"GB","county":null,"latitude":51.465371,"longitude":-0.164962,"postalCode":"SW11 1JG","region":null},"offersCount":0,"openNow":1,"ratingsCount":0,"tradingName":"ASDA Superstore"},{"id":"1937","distance":9023,"service":"NearMe","detailsUrl":null,"advKey":null,"contact":{"blogUrl":null,"email":null,"facebook":null,"fax":null,"foursquare":null,"mobile":null,"phone":"0207 4764800","twitter":null,"websiteUrl":"http://www.asda.com"},"displayName":"asda_1937","photoUrl":"http://www.getnearme.com/data/merchants/2012/04/asda/asda_1937/IKcW8c8kQ6_640x480.jpg","thumbUrl":"http://www.getnearme.com/data/merchants/2012/04/asda/asda_1937/IKcW8c8kQ6_72x54.jpg","isSponsored":false,"isUserGenerated":false,"isVerified":false,"location":{"fullAddress":"Tollgate Road, E6 4JP Beckton, United Kingdom","address1":"Tollgate Road","address2":null,"address3":null,"city":"Beckton","countryCode":"GB","county":null,"latitude":51.515668,"longitude":0.058262,"postalCode":"E6 4JP","region":null},"offersCount":0,"openNow":-1,"ratingsCount":0,"tradingName":"ASDA Superstore"}],"count":10}}