{"meta":{"code":200},"response":{"venues":[{"id":"Google:2199819242","distance":31,"service":"Google","detailsUrl":"http://www.google.com/maps/place?source=uds&q=Bike+Shops&cid=13896528037592010188","advKey":null,"contact":{"blogUrl":null,"email":null,"facebook":null,"fax":null,"foursquare":null,"mobile":null,"phone":"020 7375 3088","twitter":null,"websiteUrl":null},"displayName":null,"photoUrl":null,"thumbUrl":null,"isSponsored":false,"isUserGenerated":false,"isVerified":false,"location":{"fullAddress":"Brody House, Strype St, London, E1 7LQ, United Kingdom","address1":"Brody House, Strype St","address2":null,"address3":null,"city":"London","countryCode":null,"county":"GB","latitude":51.522015,"longitude":-0.071845,"postalCode":null,"region":null},"offersCount":0,"openNow":-1,"ratingsCount":0,"tradingName":"Cycle Surgery"},{"id":"Google:3139865007","distance":165,"service":"Google","detailsUrl":"http://www.google.com/maps/place?source=uds&q=Bike+Shops&cid=16540725076390735485","advKey":null,"contact":{"blogUrl":null,"email":null,"facebook":null,"fax":null,"foursquare":null,"mobile":null,"phone":"07590 010368","twitter":null,"websiteUrl":null},"displayName":null,"photoUrl":null,"thumbUrl":null,"isSponsored":false,"isUserGenerated":false,"isVerified":false,"location":{"fullAddress":"Elys Yard, The Truman Brewery, 91 Brick Lane, London, E1 6QL, United Kingdom","address1":"Elys Yard, The Truman Brewery, 91 Brick Lane","address2":null,"address3":null,"city":"London","countryCode":null,"county":"GB","latitude":51.520506,"longitude":-0.073127,"postalCode":null,"region":null},"offersCount":0,"openNow":-1,"ratingsCount":0,"tradingName":"14 Bike Co"},{"id":"Google:1148922360","distance":324,"service":"Google","detailsUrl":"http://www.google.com/maps/place?source=uds&q=Bike+Shops&cid=14126570816630873257","advKey":null,"contact":{"blogUrl":null,"email":null,"facebook":null,"fax":null,"foursquare":null,"mobile":null,"phone":"020 7033 9053","twitter":null,"websiteUrl":null},"displayName":null,"photoUrl":null,"thumbUrl":null,"isSponsored":false,"isUserGenerated":false,"isVerified":false,"location":{"fullAddress":"118 Bethnal Green Road, London, Greater London E2 6DG, United Kingdom","address1":"118 Bethnal Green Road","address2":null,"address3":null,"city":"London","countryCode":null,"county":"GB","latitude":51.524652,"longitude":-0.072013,"postalCode":null,"region":"Greater London"},"offersCount":0,"openNow":-1,"ratingsCount":0,"tradingName":"Brick Lane Bikes"},{"id":"Google:9750007144","distance":458,"service":"Google","detailsUrl":"http://www.google.com/maps/place?source=uds&q=Bike+Shops&cid=9800757356595721424","advKey":null,"contact":{"blogUrl":null,"email":null,"facebook":null,"fax":null,"foursquare":null,"mobile":null,"phone":"020 7426 0391","twitter":null,"websiteUrl":null},"displayName":null,"photoUrl":null,"thumbUrl":null,"isSponsored":false,"isUserGenerated":false,"isVerified":false,"location":{"fullAddress":"The Cavern, 1 Market Street, London E1 6AA, United Kingdom","address1":"The Cavern, 1 Market Street","address2":null,"address3":null,"city":"London","countryCode":null,"county":"GB","latitude":51.519131,"longitude":-0.076925,"postalCode":null,"region":null},"offersCount":0,"openNow":-1,"ratingsCount":0,"tradingName":"Evans Cycles Spitalfields"},{"id":"Google:9433206370","distance":518,"service":"Google","detailsUrl":"http://www.google.com/maps/place?source=uds&q=Bike+Shops&cid=13896339701238789620","advKey":null,"contact":{"blogUrl":null,"email":null,"facebook":null,"fax":null,"foursquare":null,"mobile":null,"phone":"020 7392 8920","twitter":null,"websiteUrl":null},"displayName":null,"photoUrl":null,"thumbUrl":null,"isSponsored":false,"isUserGenerated":false,"isVerified":false,"location":{"fullAddress":"12-13 Bishops Square, London, E1 6EG, United Kingdom","address1":"12-13 Bishops Square","address2":null,"address3":null,"city":"London","countryCode":null,"county":"GB","latitude":51.519298,"longitude":-0.078172,"postalCode":null,"region":"Greater London"},"offersCount":0,"openNow":-1,"ratingsCount":0,"tradingName":"CycleSurgery- Spitalfields Market"},{"id":"Google:0453923545","distance":601,"service":"Google","detailsUrl":"http://www.google.com/maps/place?source=uds&q=Bike+Shops&cid=5116581705738715797","advKey":null,"contact":{"blogUrl":null,"email":null,"facebook":null,"fax":null,"foursquare":null,"mobile":null,"phone":"020 3239 2311","twitter":null,"websiteUrl":null},"displayName":null,"photoUrl":null,"thumbUrl":null,"isSponsored":false,"isUserGenerated":false,"isVerified":false,"location":{"fullAddress":"36-42 New Inn Yard, London, Greater London EC2A 3EY, United Kingdom","address1":"36-42 New Inn Yard","address2":null,"address3":null,"city":"London","countryCode":null,"county":"GB","latitude":51.524576,"longitude":-0.079187,"postalCode":null,"region":"Greater London"},"offersCount":0,"openNow":-1,"ratingsCount":0,"tradingName":"Le Beau Velo Racing Bicycles"},{"id":"Google:1786755131","distance":660,"service":"Google","detailsUrl":"http://www.google.com/maps/place?source=uds&q=Bike+Shops&cid=7887627151122630940","advKey":null,"contact":{"blogUrl":null,"email":null,"facebook":null,"fax":null,"foursquare":null,"mobile":null,"phone":"020 7247 0062","twitter":null,"websiteUrl":null},"displayName":null,"photoUrl":null,"thumbUrl":null,"isSponsored":false,"isUserGenerated":false,"isVerified":false,"location":{"fullAddress":"4A Commercial Street, Shadwell, E1 6LP, United Kingdom","address1":"4A Commercial Street","address2":null,"address3":null,"city":null,"countryCode":null,"county":"GB","latitude":51.515798,"longitude":-0.072135,"postalCode":null,"region":null},"offersCount":0,"openNow":-1,"ratingsCount":0,"tradingName":"E1 Cycles"},{"id":"Google:7290860374","distance":984,"service":"Google","detailsUrl":"http://www.google.com/maps/place?source=uds&q=Bike+Shops&cid=10938552289839340619","advKey":null,"contact":{"blogUrl":null,"email":null,"facebook":null,"fax":null,"foursquare":null,"mobile":null,"phone":"07957 190729","twitter":null,"websiteUrl":null},"displayName":null,"photoUrl":null,"thumbUrl":null,"isSponsored":false,"isUserGenerated":false,"isVerified":false,"location":{"fullAddress":"147 Hackney Road, London, Greater London E2 8JL, United Kingdom","address1":"147 Hackney Road","address2":null,"address3":null,"city":"London","countryCode":null,"county":"GB","latitude":51.530526,"longitude":-0.073495,"postalCode":null,"region":"Greater London"},"offersCount":0,"openNow":-1,"ratingsCount":0,"tradingName":"Hackney Cycle Centre"}],"count":8}}