{"meta":{"code":200},"response":{"venues":[{"id":"Google:4138568913","distance":205,"service":"Google","detailsUrl":"http://www.google.com/maps/place?source=uds&q=Arts+%26+Crafts&cid=17247239180238021118","advKey":null,"contact":{"blogUrl":null,"email":null,"facebook":null,"fax":null,"foursquare":null,"mobile":null,"phone":"020 7377 8855","twitter":null,"websiteUrl":null},"displayName":null,"photoUrl":null,"thumbUrl":null,"isSponsored":false,"isUserGenerated":false,"isVerified":false,"location":{"fullAddress":"Britannia House, 68-80 Hanbury St, Greater London E1 5JL, United Kingdom","address1":"Britannia House, 68-80 Hanbury St","address2":null,"address3":null,"city":null,"countryCode":null,"county":"GB","latitude":51.520176,"longitude":-0.070199,"postalCode":null,"region":"Greater London"},"offersCount":0,"openNow":-1,"ratingsCount":0,"tradingName":"Atlantis Art Materials"},{"id":"Google:3502211743","distance":286,"service":"Google","detailsUrl":"http://www.google.com/maps/place?source=uds&q=Arts+%26+Crafts&cid=301803991183047638","advKey":null,"contact":{"blogUrl":null,"email":null,"facebook":null,"fax":null,"foursquare":null,"mobile":null,"phone":"020 3490 1773","twitter":null,"websiteUrl":null},"displayName":null,"photoUrl":null,"thumbUrl":null,"isSponsored":false,"isUserGenerated":false,"isVerified":false,"location":{"fullAddress":"5 Links Yard, London E1 5LX, United Kingdom","address1":"5 Links Yard","address2":null,"address3":null,"city":"London","countryCode":null,"county":"GB","latitude":51.519439,"longitude":-0.069894,"postalCode":null,"region":null},"offersCount":0,"openNow":-1,"ratingsCount":0,"tradingName":"Bongobir Osmany Trust"},{"id":"Google:3536140570","distance":300,"service":"Google","detailsUrl":"http://www.google.com/maps/place?source=uds&q=Arts+%26+Crafts&cid=6441534515606229794","advKey":null,"contact":{"blogUrl":null,"email":null,"facebook":null,"fax":null,"foursquare":null,"mobile":null,"phone":"020 7377 1496","twitter":null,"websiteUrl":null},"displayName":null,"photoUrl":null,"thumbUrl":null,"isSponsored":false,"isUserGenerated":false,"isVerified":false,"location":{"fullAddress":"Brushfield Street, London, Greater London E1 6AA, United Kingdom","address1":"Brushfield Street","address2":null,"address3":null,"city":"London","countryCode":null,"county":"GB","latitude":51.51989,"longitude":-0.074966,"postalCode":null,"region":"Greater London"},"offersCount":0,"openNow":-1,"ratingsCount":0,"tradingName":"The Spitalfields Market"},{"id":"Google:8516857279","distance":313,"service":"Google","detailsUrl":"http://www.google.com/maps/place?source=uds&q=Arts+%26+Crafts&cid=14457680790735187310","advKey":null,"contact":{"blogUrl":null,"email":null,"facebook":null,"fax":null,"foursquare":null,"mobile":null,"phone":"020 7033 4029","twitter":null,"websiteUrl":null},"displayName":null,"photoUrl":null,"thumbUrl":null,"isSponsored":false,"isUserGenerated":false,"isVerified":false,"location":{"fullAddress":"49 Bethnal Green Rd, London E1 6LA, United Kingdom","address1":"49 Bethnal Green Rd","address2":null,"address3":null,"city":"London","countryCode":null,"county":"GB","latitude":51.524451,"longitude":-0.07299,"postalCode":null,"region":null},"offersCount":0,"openNow":-1,"ratingsCount":0,"tradingName":"Chrome & Black Ltd"},{"id":"Google:5839842056","distance":593,"service":"Google","detailsUrl":"http://www.google.com/maps/place?source=uds&q=Arts+%26+Crafts&cid=11600635308219185788","advKey":null,"contact":{"blogUrl":null,"email":null,"facebook":null,"fax":null,"foursquare":null,"mobile":null,"phone":null,"twitter":null,"websiteUrl":null},"displayName":null,"photoUrl":null,"thumbUrl":null,"isSponsored":false,"isUserGenerated":false,"isVerified":false,"location":{"fullAddress":"Sunbury Workshops, Swanfield St, London, Greater London E2 7LF, United Kingdom","address1":"Sunbury Workshops, Swanfield St","address2":null,"address3":null,"city":"London","countryCode":null,"county":"GB","latitude":51.52683,"longitude":-0.074351,"postalCode":null,"region":"Greater London"},"offersCount":0,"openNow":-1,"ratingsCount":0,"tradingName":"ReadyMadeCanvas.com"},{"id":"Google:1468410409","distance":663,"service":"Google","detailsUrl":"http://www.google.com/maps/place?source=uds&q=Arts+%26+Crafts&cid=13573236376674549642","advKey":null,"contact":{"blogUrl":null,"email":null,"facebook":null,"fax":null,"foursquare":null,"mobile":null,"phone":"020 7033 3648","twitter":null,"websiteUrl":null},"displayName":null,"photoUrl":null,"thumbUrl":null,"isSponsored":false,"isUserGenerated":false,"isVerified":false,"location":{"fullAddress":"112 Shoreditch High Street, Shoreditch, London E1 6JN, United Kingdom","address1":"112 Shoreditch High Street","address2":null,"address3":null,"city":"London","countryCode":null,"county":"GB","latitude":51.526321,"longitude":-0.077915,"postalCode":null,"region":null},"offersCount":0,"openNow":-1,"ratingsCount":0,"tradingName":"Cowling & Wilcox Ltd"},{"id":"Google:1025105236","distance":690,"service":"Google","detailsUrl":"http://www.google.com/maps/place?source=uds&q=Arts+%26+Crafts&cid=3197952918547751050","advKey":null,"contact":{"blogUrl":null,"email":null,"facebook":null,"fax":null,"foursquare":null,"mobile":null,"phone":"07870 658258","twitter":null,"websiteUrl":null},"displayName":null,"photoUrl":null,"thumbUrl":null,"isSponsored":false,"isUserGenerated":false,"isVerified":false,"location":{"fullAddress":"132 Whitechapel Road, London, E1 1JE, United Kingdom","address1":"132 Whitechapel Road","address2":null,"address3":null,"city":"London","countryCode":null,"county":"GB","latitude":51.518143,"longitude":-0.063649,"postalCode":null,"region":null},"offersCount":0,"openNow":-1,"ratingsCount":0,"tradingName":"Dolls House Restoration"},{"id":"Google:3610899883","distance":700,"service":"Google","detailsUrl":"http://www.google.com/maps/place?source=uds&q=Arts+%26+Crafts&cid=7056439234688628687","advKey":null,"contact":{"blogUrl":null,"email":null,"facebook":null,"fax":null,"foursquare":null,"mobile":null,"phone":"020 7729 1522","twitter":null,"websiteUrl":null},"displayName":null,"photoUrl":null,"thumbUrl":null,"isSponsored":false,"isUserGenerated":false,"isVerified":false,"location":{"fullAddress":"324 Bethnal Green Road, City of London E2 0AG, United Kingdom","address1":"324 Bethnal Green Road","address2":null,"address3":null,"city":"City of London","countryCode":null,"county":"GB","latitude":51.526258,"longitude":-0.06473,"postalCode":null,"region":null},"offersCount":0,"openNow":-1,"ratingsCount":0,"tradingName":"Newmans Stationery"}],"count":8}}