{"meta":{"code":200},"response":{"venues":[{"id":"Google:8540522850","distance":9531,"service":"Google","detailsUrl":"http://www.google.com/maps/place?source=uds&q=Camping+and+Leisure&cid=15520727184927867020","advKey":null,"contact":{"blogUrl":null,"email":null,"facebook":null,"fax":null,"foursquare":null,"mobile":null,"phone":"020 7361 0060","twitter":null,"websiteUrl":null},"displayName":null,"photoUrl":null,"thumbUrl":null,"isSponsored":false,"isUserGenerated":false,"isVerified":false,"location":{"fullAddress":"190 Kensington High Street, London, Greater London W8 7RG, United Kingdom","address1":"190 Kensington High Street","address2":null,"address3":null,"city":"London","countryCode":null,"county":"GB","latitude":51.497252,"longitude":-0.20377,"postalCode":null,"region":"Greater London"},"offersCount":0,"openNow":-1,"ratingsCount":0,"tradingName":"Blacks Outdoor Leisure"},{"id":"Google:6753357140","distance":12301,"service":"Google","detailsUrl":"http://www.google.com/maps/place?source=uds&q=Camping+and+Leisure&cid=6600544687094422357","advKey":null,"contact":{"blogUrl":null,"email":null,"facebook":null,"fax":null,"foursquare":null,"mobile":null,"phone":"020 8803 6900","twitter":null,"websiteUrl":null},"displayName":null,"photoUrl":null,"thumbUrl":null,"isSponsored":false,"isUserGenerated":false,"isVerified":false,"location":{"fullAddress":"Meridian Way, London Borough of Enfield, N9 0AR, United Kingdom","address1":"Meridian Way","address2":null,"address3":null,"city":"London","countryCode":null,"county":"GB","latitude":51.630587,"longitude":-0.039987,"postalCode":null,"region":"Greater London"},"offersCount":0,"openNow":-1,"ratingsCount":0,"tradingName":"Lee Valley Leisure Complex Camp Site"},{"id":"Google:3622858544","distance":12587,"service":"Google","detailsUrl":"http://www.google.com/maps/place?source=uds&q=Camping+and+Leisure&cid=4489016482257434039","advKey":null,"contact":{"blogUrl":null,"email":null,"facebook":null,"fax":null,"foursquare":null,"mobile":null,"phone":"020 8803 6900","twitter":null,"websiteUrl":null},"displayName":null,"photoUrl":null,"thumbUrl":null,"isSponsored":false,"isUserGenerated":false,"isVerified":false,"location":{"fullAddress":"Meridian Way, London N9 0AR, United Kingdom","address1":"Meridian Way","address2":null,"address3":null,"city":null,"countryCode":null,"county":"GB","latitude":51.632605,"longitude":-0.035011,"postalCode":null,"region":"London"},"offersCount":0,"openNow":-1,"ratingsCount":0,"tradingName":"Lee Valley Leisure Complex Camping & Caravan Park"},{"id":"Google:7841857967","distance":13228,"service":"Google","detailsUrl":"http://www.google.com/maps/place?source=uds&q=Camping+and+Leisure&cid=8449025940804542693","advKey":null,"contact":{"blogUrl":null,"email":null,"facebook":null,"fax":null,"foursquare":null,"mobile":null,"phone":"020 8360 3099","twitter":null,"websiteUrl":null},"displayName":null,"photoUrl":null,"thumbUrl":null,"isSponsored":false,"isUserGenerated":false,"isVerified":false,"location":{"fullAddress":"Queen Anne's Place, Enfield, Middlesex EN1 2PX, United Kingdom","address1":"Queen Anne's Place","address2":null,"address3":null,"city":"Enfield","countryCode":null,"county":"GB","latitude":51.640699,"longitude":-0.069796,"postalCode":null,"region":"Middlesex"},"offersCount":0,"openNow":-1,"ratingsCount":0,"tradingName":"Bush Batteries"},{"id":"Google:6378555253","distance":14030,"service":"Google","detailsUrl":"http://www.google.com/maps/place?source=uds&q=Camping+and+Leisure&cid=17619041715508700657","advKey":null,"contact":{"blogUrl":null,"email":null,"facebook":null,"fax":null,"foursquare":null,"mobile":null,"phone":"07830 355993","twitter":null,"websiteUrl":null},"displayName":null,"photoUrl":null,"thumbUrl":null,"isSponsored":false,"isUserGenerated":false,"isVerified":false,"location":{"fullAddress":"Unit 10, College Fields,, Prince Georges Road, Colliers Wood,, London SW19 2PT, United Kingdom","address1":"Unit 10, College Fields,, Prince Georges Road, Colliers Wood,","address2":null,"address3":null,"city":"London","countryCode":null,"county":"GB","latitude":51.413106,"longitude":-0.174847,"postalCode":null,"region":null},"offersCount":0,"openNow":-1,"ratingsCount":0,"tradingName":"Bell Tent UK"},{"id":"Google:8357517268","distance":14559,"service":"Google","detailsUrl":"http://www.google.com/maps/place?source=uds&q=Camping+and+Leisure&cid=13171427232645561400","advKey":null,"contact":{"blogUrl":null,"email":null,"facebook":null,"fax":null,"foursquare":null,"mobile":null,"phone":"020 8947 6882","twitter":null,"websiteUrl":null},"displayName":null,"photoUrl":null,"thumbUrl":null,"isSponsored":false,"isUserGenerated":false,"isVerified":false,"location":{"fullAddress":"Unit 1, The Crescent, The Broadway, Merton, London SW19 1QD, United Kingdom","address1":"Unit 1, The Crescent, The Broadway","address2":null,"address3":null,"city":"London","countryCode":null,"county":"GB","latitude":51.419797,"longitude":-0.2037,"postalCode":null,"region":null},"offersCount":0,"openNow":-1,"ratingsCount":0,"tradingName":"Blacks Outdoor Leisure"},{"id":"Google:1296179058","distance":19158,"service":"Google","detailsUrl":"http://www.google.com/maps/place?source=uds&q=Camping+and+Leisure&cid=4101695489254712493","advKey":null,"contact":{"blogUrl":null,"email":null,"facebook":null,"fax":null,"foursquare":null,"mobile":null,"phone":"020 8949 5435","twitter":null,"websiteUrl":null},"displayName":null,"photoUrl":null,"thumbUrl":null,"isSponsored":false,"isUserGenerated":false,"isVerified":false,"location":{"fullAddress":"182-186 Kingston Road, Town Centre, New Malden KT3 3RD, United Kingdom","address1":"182-186 Kingston Road","address2":null,"address3":null,"city":"New Malden","countryCode":null,"county":"GB","latitude":51.402346,"longitude":-0.271172,"postalCode":null,"region":null},"offersCount":0,"openNow":-1,"ratingsCount":0,"tradingName":"T A M Leisure Ltd"},{"id":"Google:1018132922","distance":20273,"service":"Google","detailsUrl":"http://www.google.com/maps/place?source=uds&q=Camping+and+Leisure&cid=5373018153858876319","advKey":null,"contact":{"blogUrl":null,"email":null,"facebook":null,"fax":null,"foursquare":null,"mobile":null,"phone":"020 3411 4640","twitter":null,"websiteUrl":null},"displayName":null,"photoUrl":null,"thumbUrl":null,"isSponsored":false,"isUserGenerated":false,"isVerified":false,"location":{"fullAddress":"Electroline House, Lion Road, Twickenham TW1 4JH, United Kingdom","address1":"Electroline House, Lion Road","address2":null,"address3":null,"city":"Twickenham","countryCode":null,"county":"GB","latitude":51.445874,"longitude":-0.338021,"postalCode":null,"region":null},"offersCount":0,"openNow":-1,"ratingsCount":0,"tradingName":"Funky Leisure Ltd"}],"count":8}}