{"meta":{"code":200},"response":{"venues":[{"id":"Google:9026836187","distance":407,"service":"Google","detailsUrl":"http://www.google.com/maps/place?source=uds&q=Toys&cid=5422618308889882635","advKey":null,"contact":{"blogUrl":null,"email":null,"facebook":null,"fax":null,"foursquare":null,"mobile":null,"phone":"020 7247 6275","twitter":null,"websiteUrl":null},"displayName":null,"photoUrl":null,"thumbUrl":null,"isSponsored":false,"isUserGenerated":false,"isVerified":false,"location":{"fullAddress":"57 Brushfield Street, City of London, London, Greater London E1 6AA, United Kingdom","address1":"57 Brushfield Street","address2":null,"address3":null,"city":"London","countryCode":null,"county":"GB","latitude":51.51913,"longitude":-0.075924,"postalCode":null,"region":"Greater London"},"offersCount":0,"openNow":-1,"ratingsCount":0,"tradingName":"Wood n' Things"},{"id":"Google:4381336304","distance":579,"service":"Google","detailsUrl":"http://www.google.com/maps/place?source=uds&q=Toys&cid=10898963867929619615","advKey":null,"contact":{"blogUrl":null,"email":null,"facebook":null,"fax":null,"foursquare":null,"mobile":null,"phone":"0845 656 4133","twitter":null,"websiteUrl":null},"displayName":null,"photoUrl":null,"thumbUrl":null,"isSponsored":false,"isUserGenerated":false,"isVerified":false,"location":{"fullAddress":"Unit 2a & 2b, 45 Whitechapel Road, City of London, London, Greater London E1 1DU, United Kingdom","address1":"Unit 2a & 2b, 45 Whitechapel Road","address2":null,"address3":null,"city":"London","countryCode":null,"county":"GB","latitude":51.516932,"longitude":-0.068538,"postalCode":null,"region":"Greater London"},"offersCount":0,"openNow":-1,"ratingsCount":0,"tradingName":"Argos"},{"id":"Google:0594359792","distance":613,"service":"Google","detailsUrl":"http://www.google.com/maps/place?source=uds&q=Toys&cid=14377924509385239785","advKey":null,"contact":{"blogUrl":null,"email":null,"facebook":null,"fax":null,"foursquare":null,"mobile":null,"phone":"020 7377 5455","twitter":null,"websiteUrl":null},"displayName":null,"photoUrl":null,"thumbUrl":null,"isSponsored":false,"isUserGenerated":false,"isVerified":false,"location":{"fullAddress":"10-12 Whitechapel Road, London, Greater London E1 1EW, United Kingdom","address1":"10-12 Whitechapel Road","address2":null,"address3":null,"city":"London","countryCode":null,"county":"GB","latitude":51.516825,"longitude":-0.067749,"postalCode":null,"region":"Greater London"},"offersCount":0,"openNow":-1,"ratingsCount":0,"tradingName":"Audiotech Systems Ltd"},{"id":"Google:9663078613","distance":863,"service":"Google","detailsUrl":"http://www.google.com/maps/place?source=uds&q=Toys&cid=1868910444118614647","advKey":null,"contact":{"blogUrl":null,"email":null,"facebook":null,"fax":null,"foursquare":null,"mobile":null,"phone":"020 7265 0452","twitter":null,"websiteUrl":null},"displayName":null,"photoUrl":null,"thumbUrl":null,"isSponsored":false,"isUserGenerated":false,"isVerified":false,"location":{"fullAddress":"88 Aldgate High Street, City of London, Greater London EC3N 1LH, United Kingdom","address1":"88 Aldgate High Street","address2":null,"address3":null,"city":null,"countryCode":null,"county":"GB","latitude":51.514342,"longitude":-0.075627,"postalCode":null,"region":"Greater London"},"offersCount":0,"openNow":-1,"ratingsCount":0,"tradingName":"Boots"},{"id":"Google:6323650302","distance":865,"service":"Google","detailsUrl":"http://www.google.com/maps/place?source=uds&q=Toys&cid=10482067747855498261","advKey":null,"contact":{"blogUrl":null,"email":null,"facebook":null,"fax":null,"foursquare":null,"mobile":null,"phone":"020 7220 7254","twitter":null,"websiteUrl":null},"displayName":null,"photoUrl":null,"thumbUrl":null,"isSponsored":false,"isUserGenerated":false,"isVerified":false,"location":{"fullAddress":"59-60 Houndsditch, London, Greater London EC3A 7BE, United Kingdom","address1":"59-60 Houndsditch","address2":null,"address3":null,"city":"London","countryCode":null,"county":"GB","latitude":51.515109,"longitude":-0.078359,"postalCode":null,"region":"Greater London"},"offersCount":0,"openNow":-1,"ratingsCount":0,"tradingName":"Boots"},{"id":"Google:1669958472","distance":884,"service":"Google","detailsUrl":"http://www.google.com/maps/place?source=uds&q=Toys&cid=5633867168371608901","advKey":null,"contact":{"blogUrl":null,"email":null,"facebook":null,"fax":null,"foursquare":null,"mobile":null,"phone":"020 7638 7154","twitter":null,"websiteUrl":null},"displayName":null,"photoUrl":null,"thumbUrl":null,"isSponsored":false,"isUserGenerated":false,"isVerified":false,"location":{"fullAddress":"11 Octagon Arcade, London, Greater London EC2M 2AB, United Kingdom","address1":"11 Octagon Arcade","address2":null,"address3":null,"city":"London","countryCode":null,"county":"GB","latitude":51.518126,"longitude":-0.083179,"postalCode":null,"region":"Greater London"},"offersCount":0,"openNow":-1,"ratingsCount":0,"tradingName":"Boots"},{"id":"Google:9830970565","distance":943,"service":"Google","detailsUrl":"http://www.google.com/maps/place?source=uds&q=Toys&cid=11672715922504949440","advKey":null,"contact":{"blogUrl":null,"email":null,"facebook":null,"fax":null,"foursquare":null,"mobile":null,"phone":"020 7613 5458","twitter":null,"websiteUrl":null},"displayName":null,"photoUrl":null,"thumbUrl":null,"isSponsored":false,"isUserGenerated":false,"isVerified":false,"location":{"fullAddress":"57 Hoxton Sq, London N1 6PB, United Kingdom","address1":"57 Hoxton Sq","address2":null,"address3":null,"city":"London","countryCode":null,"county":"GB","latitude":51.527315,"longitude":-0.082069,"postalCode":null,"region":null},"offersCount":0,"openNow":-1,"ratingsCount":0,"tradingName":"Sh! Women's Erotic Emporium"},{"id":"Google:5154018520","distance":2096,"service":"Google","detailsUrl":"http://www.google.com/maps/place?source=uds&q=Toys&cid=10275247394022159934","advKey":null,"contact":{"blogUrl":null,"email":null,"facebook":null,"fax":null,"foursquare":null,"mobile":null,"phone":"020 7403 0123","twitter":null,"websiteUrl":null},"displayName":null,"photoUrl":null,"thumbUrl":null,"isSponsored":false,"isUserGenerated":false,"isVerified":false,"location":{"fullAddress":"Clink Street, 1 & 2, Pickfords Wharf, London SE1 9DG, United Kingdom","address1":"Clink Street, 1 & 2, Pickfords Wharf","address2":null,"address3":null,"city":"London","countryCode":null,"county":"GB","latitude":51.506864,"longitude":-0.090415,"postalCode":null,"region":null},"offersCount":0,"openNow":-1,"ratingsCount":0,"tradingName":"The Golden Hinde"}],"count":8}}