{"meta":{"code":200},"response":{"venues":[{"id":"Google:9796726069","distance":1616317,"service":"Google","detailsUrl":"http://www.google.com/maps/place?source=uds&q=Tipografia+Litografia&cid=11141066334239902310","advKey":null,"contact":{"blogUrl":null,"email":null,"facebook":null,"fax":null,"foursquare":null,"mobile":null,"phone":"081 7340015","twitter":null,"websiteUrl":null},"displayName":null,"photoUrl":null,"thumbUrl":null,"isSponsored":false,"isUserGenerated":false,"isVerified":false,"location":{"fullAddress":"Via Emanuele Gianturco, 31, 80146 Naples Province of Naples, Italy","address1":"Via Emanuele Gianturco, 31","address2":null,"address3":null,"city":"Naples","countryCode":null,"county":"IT","latitude":40.847198,"longitude":14.287683,"postalCode":null,"region":"NA"},"offersCount":0,"openNow":-1,"ratingsCount":0,"tradingName":"TIPOGRAFIA TETI A. srl - LITOGRAFIA MODULI CONTINUI"}],"count":1}}