{"meta":{"code":200},"response":{"venues":[{"id":"Google:0570112515","distance":34,"service":"Google","detailsUrl":"http://www.google.com/maps/place?source=uds&q=Travel+Agencies&cid=9775069152941933969","advKey":null,"contact":{"blogUrl":null,"email":null,"facebook":null,"fax":null,"foursquare":null,"mobile":null,"phone":"020 7247 3977","twitter":null,"websiteUrl":null},"displayName":null,"photoUrl":null,"thumbUrl":null,"isSponsored":false,"isUserGenerated":false,"isVerified":false,"location":{"fullAddress":"61-63 Brick Lane, Shadwell, London E1 6QL, United Kingdom","address1":"61-63 Brick Lane","address2":null,"address3":null,"city":"London","countryCode":null,"county":"GB","latitude":51.521706,"longitude":-0.072289,"postalCode":null,"region":null},"offersCount":0,"openNow":-1,"ratingsCount":0,"tradingName":"Surma Travels Pvt UK Ltd"},{"id":"Google:7191039268","distance":189,"service":"Google","detailsUrl":"http://www.google.com/maps/place?source=uds&q=Travel+Agencies&cid=9213236924427613690","advKey":null,"contact":{"blogUrl":null,"email":null,"facebook":null,"fax":null,"foursquare":null,"mobile":null,"phone":"020 7375 2669","twitter":null,"websiteUrl":null},"displayName":null,"photoUrl":null,"thumbUrl":null,"isSponsored":false,"isUserGenerated":false,"isVerified":false,"location":{"fullAddress":"66 Hanbury Street, Stepney, London E1 5JL, United Kingdom","address1":"66 Hanbury Street","address2":null,"address3":null,"city":"London","countryCode":null,"county":"GB","latitude":51.520182,"longitude":-0.070665,"postalCode":null,"region":null},"offersCount":0,"openNow":-1,"ratingsCount":0,"tradingName":"Al-Amin Travels"},{"id":"Google:9404844589","distance":208,"service":"Google","detailsUrl":"http://www.google.com/maps/place?source=uds&q=Travel+Agencies&cid=5644279165771198450","advKey":null,"contact":{"blogUrl":null,"email":null,"facebook":null,"fax":null,"foursquare":null,"mobile":null,"phone":"020 7375 1302","twitter":null,"websiteUrl":null},"displayName":null,"photoUrl":null,"thumbUrl":null,"isSponsored":false,"isUserGenerated":false,"isVerified":false,"location":{"fullAddress":"31A Princelet Street, City of London, London, Greater London E1 5LP, United Kingdom","address1":"31A Princelet Street","address2":null,"address3":null,"city":"London","countryCode":null,"county":"GB","latitude":51.519864,"longitude":-0.071527,"postalCode":null,"region":"Greater London"},"offersCount":0,"openNow":-1,"ratingsCount":0,"tradingName":"Aerolex UK Ltd"},{"id":"Google:4707277221","distance":245,"service":"Google","detailsUrl":"http://www.google.com/maps/place?source=uds&q=Travel+Agencies&cid=8228023610542058367","advKey":null,"contact":{"blogUrl":null,"email":null,"facebook":null,"fax":null,"foursquare":null,"mobile":null,"phone":"020 7375 0736","twitter":null,"websiteUrl":null},"displayName":null,"photoUrl":null,"thumbUrl":null,"isSponsored":false,"isUserGenerated":false,"isVerified":false,"location":{"fullAddress":"61 Princelet St, London E1 5LP, United Kingdom","address1":"61 Princelet St","address2":null,"address3":null,"city":"London","countryCode":null,"county":"GB","latitude":51.519796,"longitude":-0.07009,"postalCode":null,"region":null},"offersCount":0,"openNow":-1,"ratingsCount":0,"tradingName":"Air Express Travel & Tours"},{"id":"Google:2764216189","distance":251,"service":"Google","detailsUrl":"http://www.google.com/maps/place?source=uds&q=Travel+Agencies&cid=13344371937610525024","advKey":null,"contact":{"blogUrl":null,"email":null,"facebook":null,"fax":null,"foursquare":null,"mobile":null,"phone":"020 7247 7337","twitter":null,"websiteUrl":null},"displayName":null,"photoUrl":null,"thumbUrl":null,"isSponsored":false,"isUserGenerated":false,"isVerified":false,"location":{"fullAddress":"2b, 63-65 Princelet Street, London, Greater London E1 5LP, United Kingdom","address1":"2b, 63-65 Princelet Street","address2":null,"address3":null,"city":"London","countryCode":null,"county":"GB","latitude":51.519873,"longitude":-0.069714,"postalCode":null,"region":"Greater London"},"offersCount":0,"openNow":-1,"ratingsCount":0,"tradingName":"AL-RAHMA TRAVEL SERVICES"},{"id":"Google:5821273579","distance":293,"service":"Google","detailsUrl":"http://www.google.com/maps/place?source=uds&q=Travel+Agencies&cid=17010807451202915241","advKey":null,"contact":{"blogUrl":null,"email":null,"facebook":null,"fax":null,"foursquare":null,"mobile":null,"phone":"020 7241 5006","twitter":null,"websiteUrl":null},"displayName":null,"photoUrl":null,"thumbUrl":null,"isSponsored":false,"isUserGenerated":false,"isVerified":false,"location":{"fullAddress":"10 Huguenot Place, Heneage Street,, London, Greater London E1 5LN, United Kingdom","address1":"10 Huguenot Place, Heneage Street,","address2":null,"address3":null,"city":"London","countryCode":null,"county":"GB","latitude":51.519158,"longitude":-0.070853,"postalCode":null,"region":"Greater London"},"offersCount":0,"openNow":-1,"ratingsCount":0,"tradingName":"Frui"},{"id":"Google:1025035146","distance":484,"service":"Google","detailsUrl":"http://www.google.com/maps/place?source=uds&q=Travel+Agencies&cid=12586189363934547851","advKey":null,"contact":{"blogUrl":null,"email":null,"facebook":null,"fax":null,"foursquare":null,"mobile":null,"phone":"020 7375 1661","twitter":null,"websiteUrl":null},"displayName":null,"photoUrl":null,"thumbUrl":null,"isSponsored":false,"isUserGenerated":false,"isVerified":false,"location":{"fullAddress":"6 Brick Lane, London E1 6RF, United Kingdom","address1":"6 Brick Lane","address2":null,"address3":null,"city":"London","countryCode":null,"county":"GB","latitude":51.517443,"longitude":-0.070569,"postalCode":null,"region":null},"offersCount":0,"openNow":-1,"ratingsCount":0,"tradingName":"Travel Link Worldwide Ltd"},{"id":"Google:7443607673","distance":652,"service":"Google","detailsUrl":"http://www.google.com/maps/place?source=uds&q=Travel+Agencies&cid=11125549108309658648","advKey":null,"contact":{"blogUrl":null,"email":null,"facebook":null,"fax":null,"foursquare":null,"mobile":null,"phone":"020 7610 9008","twitter":null,"websiteUrl":null},"displayName":null,"photoUrl":null,"thumbUrl":null,"isSponsored":false,"isUserGenerated":false,"isVerified":false,"location":{"fullAddress":"21 Curtain Road, London, EC2A 3LW, United Kingdom","address1":"21 Curtain Road","address2":null,"address3":null,"city":"London","countryCode":null,"county":"GB","latitude":51.522597,"longitude":-0.081117,"postalCode":null,"region":null},"offersCount":0,"openNow":-1,"ratingsCount":0,"tradingName":"Black Tomato"}],"count":8}}