{"meta":{"code":200},"response":{"venues":[{"id":"Google:2997589220","distance":240,"service":"Google","detailsUrl":"http://www.google.com/maps/place?source=uds&q=SPAs&cid=1715882548498792807","advKey":null,"contact":{"blogUrl":null,"email":null,"facebook":null,"fax":null,"foursquare":null,"mobile":null,"phone":"020 7650 0718","twitter":null,"websiteUrl":null},"displayName":null,"photoUrl":null,"thumbUrl":null,"isSponsored":false,"isUserGenerated":false,"isVerified":false,"location":{"fullAddress":"132 Commercial Street, London Borough of Tower Hamlets, E1 6NG, United Kingdom","address1":"132 Commercial Street","address2":null,"address3":null,"city":"London","countryCode":null,"county":"GB","latitude":51.521012,"longitude":-0.075064,"postalCode":null,"region":"Greater London"},"offersCount":0,"openNow":-1,"ratingsCount":0,"tradingName":"E Rejuvenation Centre Venue"},{"id":"Google:1002483251","distance":300,"service":"Google","detailsUrl":"http://www.google.com/maps/place?source=uds&q=SPAs&cid=6952834056505656239","advKey":null,"contact":{"blogUrl":null,"email":null,"facebook":null,"fax":null,"foursquare":null,"mobile":null,"phone":"020 7247 2477","twitter":null,"websiteUrl":null},"displayName":null,"photoUrl":null,"thumbUrl":null,"isSponsored":false,"isUserGenerated":false,"isVerified":false,"location":{"fullAddress":"Brushfield St. 5mins walk from, Liverpool Street, Greater London, United Kingdom","address1":"Brushfield St. 5mins walk from","address2":null,"address3":null,"city":null,"countryCode":null,"county":"GB","latitude":51.520073,"longitude":-0.075212,"postalCode":null,"region":"Greater London"},"offersCount":0,"openNow":-1,"ratingsCount":0,"tradingName":"In Spitalfields"},{"id":"Google:5689611590","distance":394,"service":"Google","detailsUrl":"http://www.google.com/maps/place?source=uds&q=SPAs&cid=17878546318459438821","advKey":null,"contact":{"blogUrl":null,"email":null,"facebook":null,"fax":null,"foursquare":null,"mobile":null,"phone":"0844 571 2936","twitter":null,"websiteUrl":null},"displayName":null,"photoUrl":null,"thumbUrl":null,"isSponsored":false,"isUserGenerated":false,"isVerified":false,"location":{"fullAddress":"2nd Floor London Fruit Exchange Building, Brushfield Street, London E1 6EP, United Kingdom","address1":"2nd Floor London Fruit Exchange Building, Brushfield Street","address2":null,"address3":null,"city":"London","countryCode":null,"county":"GB","latitude":51.518995,"longitude":-0.0754,"postalCode":null,"region":null},"offersCount":0,"openNow":-1,"ratingsCount":0,"tradingName":"Fitness First"},{"id":"Google:8299770768","distance":482,"service":"Google","detailsUrl":"http://www.google.com/maps/place?source=uds&q=SPAs&cid=10476154738396618170","advKey":null,"contact":{"blogUrl":null,"email":null,"facebook":null,"fax":null,"foursquare":null,"mobile":null,"phone":"020 7247 5333","twitter":null,"websiteUrl":null},"displayName":null,"photoUrl":null,"thumbUrl":null,"isSponsored":false,"isUserGenerated":false,"isVerified":false,"location":{"fullAddress":"1 Fairchild Street, City of London, London EC2A 3NS, United Kingdom","address1":"1 Fairchild Street, City of London, London EC2A 3NS","address2":null,"address3":null,"city":null,"countryCode":null,"county":"GB","latitude":51.523337,"longitude":-0.078267,"postalCode":null,"region":null},"offersCount":0,"openNow":-1,"ratingsCount":0,"tradingName":"Chariots"},{"id":"Google:8087135504","distance":562,"service":"Google","detailsUrl":"http://www.google.com/maps/place?source=uds&q=SPAs&cid=7658589410768502583","advKey":null,"contact":{"blogUrl":null,"email":null,"facebook":null,"fax":null,"foursquare":null,"mobile":null,"phone":"020 7613 9811","twitter":null,"websiteUrl":null},"displayName":null,"photoUrl":null,"thumbUrl":null,"isSponsored":false,"isUserGenerated":false,"isVerified":false,"location":{"fullAddress":"100 Shoreditch High Street, London E1 6JQ, United Kingdom","address1":"100 Shoreditch High Street","address2":null,"address3":null,"city":"London","countryCode":null,"county":"GB","latitude":51.525601,"longitude":-0.077033,"postalCode":null,"region":null},"offersCount":0,"openNow":-1,"ratingsCount":0,"tradingName":"Crowne Plaza London - Shoreditch"},{"id":"Google:7958272587","distance":1258,"service":"Google","detailsUrl":"http://www.google.com/maps/place?source=uds&q=SPAs&cid=17082997974638824549","advKey":null,"contact":{"blogUrl":null,"email":null,"facebook":null,"fax":null,"foursquare":null,"mobile":null,"phone":"020 7382 0606","twitter":null,"websiteUrl":null},"displayName":null,"photoUrl":null,"thumbUrl":null,"isSponsored":false,"isUserGenerated":false,"isVerified":false,"location":{"fullAddress":"1 Ropemaker Street, City of London, EC2Y 9AW, United Kingdom","address1":"1 Ropemaker Street","address2":null,"address3":null,"city":"London","countryCode":null,"county":"GB","latitude":51.519427,"longitude":-0.089596,"postalCode":null,"region":"Greater London"},"offersCount":0,"openNow":-1,"ratingsCount":0,"tradingName":"Corney & Barrow CityPoint"},{"id":"Google:4857687365","distance":1538,"service":"Google","detailsUrl":"http://www.google.com/maps/place?source=uds&q=SPAs&cid=6510982656954950105","advKey":null,"contact":{"blogUrl":null,"email":null,"facebook":null,"fax":null,"foursquare":null,"mobile":null,"phone":"020 8709 5845","twitter":null,"websiteUrl":null},"displayName":null,"photoUrl":null,"thumbUrl":null,"isSponsored":false,"isUserGenerated":false,"isVerified":false,"location":{"fullAddress":"York Hall Leisure Centre, Old Ford Road, City of London, London, Greater London E2 9PJ, United Kingdom","address1":"York Hall Leisure Centre, Old Ford Road","address2":null,"address3":null,"city":"London","countryCode":null,"county":"GB","latitude":51.530136,"longitude":-0.054117,"postalCode":null,"region":"Greater London"},"offersCount":0,"openNow":-1,"ratingsCount":0,"tradingName":"spa LONDON"},{"id":"Google:8877148119","distance":1538,"service":"Google","detailsUrl":"http://www.google.com/maps/place?source=uds&q=SPAs&cid=5393778708896708018","advKey":null,"contact":{"blogUrl":null,"email":null,"facebook":null,"fax":null,"foursquare":null,"mobile":null,"phone":"020 8980 2243","twitter":null,"websiteUrl":null},"displayName":null,"photoUrl":null,"thumbUrl":null,"isSponsored":false,"isUserGenerated":false,"isVerified":false,"location":{"fullAddress":"5-15 Old Ford Road, London E2 9PJ, United Kingdom","address1":"5-15 Old Ford Road","address2":null,"address3":null,"city":"London","countryCode":null,"county":"GB","latitude":51.530136,"longitude":-0.054117,"postalCode":null,"region":null},"offersCount":0,"openNow":-1,"ratingsCount":0,"tradingName":"York Hall Leisure Centre"}],"count":8}}