{"meta":{"code":200},"response":{"venues":[{"id":"Google:9446766806","distance":396,"service":"Google","detailsUrl":"http://www.google.com/maps/place?source=uds&q=Candy+Shops&cid=13041448639366865940","advKey":null,"contact":{"blogUrl":null,"email":null,"facebook":null,"fax":null,"foursquare":null,"mobile":null,"phone":"020 7501 1900","twitter":null,"websiteUrl":null},"displayName":null,"photoUrl":null,"thumbUrl":null,"isSponsored":false,"isUserGenerated":false,"isVerified":false,"location":{"fullAddress":"5-13 Bethnal Green Road, Hackney, Greater London E1 6, United Kingdom","address1":"5-13 Bethnal Green Road","address2":null,"address3":null,"city":null,"countryCode":null,"county":"GB","latitude":51.523558,"longitude":-0.076713,"postalCode":null,"region":"Greater London"},"offersCount":0,"openNow":-1,"ratingsCount":0,"tradingName":"Mind candy"},{"id":"Google:3573606477","distance":1366,"service":"Google","detailsUrl":"http://www.google.com/maps/place?source=uds&q=Candy+Shops&cid=532919191971101028","advKey":null,"contact":{"blogUrl":null,"email":null,"facebook":null,"fax":null,"foursquare":null,"mobile":null,"phone":"020 7623 2287","twitter":null,"websiteUrl":null},"displayName":null,"photoUrl":null,"thumbUrl":null,"isSponsored":false,"isUserGenerated":false,"isVerified":false,"location":{"fullAddress":"150 Fenchurch Street, London, Greater London EC3M 6BB, United Kingdom","address1":"150 Fenchurch Street","address2":null,"address3":null,"city":"London","countryCode":null,"county":"GB","latitude":51.51167,"longitude":-0.083113,"postalCode":null,"region":"Greater London"},"offersCount":0,"openNow":-1,"ratingsCount":0,"tradingName":"Godiva Chocolatier London"},{"id":"Google:9008158481","distance":2722,"service":"Google","detailsUrl":"http://www.google.com/maps/place?source=uds&q=Candy+Shops&cid=542083798736634852","advKey":null,"contact":{"blogUrl":null,"email":null,"facebook":null,"fax":null,"foursquare":null,"mobile":null,"phone":"0845 838 0958","twitter":null,"websiteUrl":null},"displayName":null,"photoUrl":null,"thumbUrl":null,"isSponsored":false,"isUserGenerated":false,"isVerified":false,"location":{"fullAddress":"29 Upper Street, London N1 0PN, United Kingdom","address1":"29 Upper Street","address2":null,"address3":null,"city":"London","countryCode":null,"county":"GB","latitude":51.534475,"longitude":-0.105401,"postalCode":null,"region":null},"offersCount":0,"openNow":-1,"ratingsCount":0,"tradingName":"Cybercandy Islington"},{"id":"Google:5463593432","distance":2926,"service":"Google","detailsUrl":"http://www.google.com/maps/place?source=uds&q=Candy+Shops&cid=15653157264797530271","advKey":null,"contact":{"blogUrl":null,"email":null,"facebook":null,"fax":null,"foursquare":null,"mobile":null,"phone":"020 7803 0898","twitter":null,"websiteUrl":null},"displayName":null,"photoUrl":null,"thumbUrl":null,"isSponsored":false,"isUserGenerated":false,"isVerified":false,"location":{"fullAddress":"Unit 1.14, Oxo Tower Wharf, S Bank, City of London, London, Greater London SE1 9PH, United Kingdom","address1":"Unit 1.14, Oxo Tower Wharf, S Bank","address2":null,"address3":null,"city":"London","countryCode":null,"county":"GB","latitude":51.508362,"longitude":-0.108216,"postalCode":null,"region":"Greater London"},"offersCount":0,"openNow":-1,"ratingsCount":0,"tradingName":"Candy Anthony Ltd."},{"id":"Google:2798471724","distance":3693,"service":"Google","detailsUrl":"http://www.google.com/maps/place?source=uds&q=Candy+Shops&cid=14396542426538071268","advKey":null,"contact":{"blogUrl":null,"email":null,"facebook":null,"fax":null,"foursquare":null,"mobile":null,"phone":"0845 838 0958","twitter":null,"websiteUrl":null},"displayName":null,"photoUrl":null,"thumbUrl":null,"isSponsored":false,"isUserGenerated":false,"isVerified":false,"location":{"fullAddress":"3 Garrick St, City of Westminster, WC2E 9, United Kingdom","address1":"3 Garrick St","address2":null,"address3":null,"city":"London","countryCode":null,"county":"GB","latitude":51.512001,"longitude":-0.122824,"postalCode":null,"region":"Greater London"},"offersCount":0,"openNow":-1,"ratingsCount":0,"tradingName":"Cybercandy Covent Garden"},{"id":"Google:7917447398","distance":3693,"service":"Google","detailsUrl":"http://www.google.com/maps/place?source=uds&q=Candy+Shops&cid=8623323463633652231","advKey":null,"contact":{"blogUrl":null,"email":null,"facebook":null,"fax":null,"foursquare":null,"mobile":null,"phone":"020 7379 0723","twitter":null,"websiteUrl":null},"displayName":null,"photoUrl":null,"thumbUrl":null,"isSponsored":false,"isUserGenerated":false,"isVerified":false,"location":{"fullAddress":"27 Maiden Lane, London WC2E 7JS, United Kingdom","address1":"27 Maiden Lane","address2":null,"address3":null,"city":"London","countryCode":null,"county":"GB","latitude":51.512001,"longitude":-0.122824,"postalCode":null,"region":null},"offersCount":0,"openNow":-1,"ratingsCount":0,"tradingName":"Canada Shop"},{"id":"Google:9106122675","distance":3721,"service":"Google","detailsUrl":"http://www.google.com/maps/place?source=uds&q=Candy+Shops&cid=14815287408766057036","advKey":null,"contact":{"blogUrl":null,"email":null,"facebook":null,"fax":null,"foursquare":null,"mobile":null,"phone":"020 7836 9982","twitter":null,"websiteUrl":null},"displayName":null,"photoUrl":null,"thumbUrl":null,"isSponsored":false,"isUserGenerated":false,"isVerified":false,"location":{"fullAddress":"Covent Garden Piazza, Unit 30, London WC2E 8RA, United Kingdom","address1":"Covent Garden Piazza, Unit 30","address2":null,"address3":null,"city":"London","countryCode":null,"county":"GB","latitude":51.511678,"longitude":-0.123084,"postalCode":null,"region":null},"offersCount":0,"openNow":-1,"ratingsCount":0,"tradingName":"Candy Cakes Ltd"},{"id":"Google:8184621003","distance":4551,"service":"Google","detailsUrl":"http://www.google.com/maps/place?source=uds&q=Candy+Shops&cid=456471005109181994","advKey":null,"contact":{"blogUrl":null,"email":null,"facebook":null,"fax":null,"foursquare":null,"mobile":null,"phone":"0333 123 2345","twitter":null,"websiteUrl":null},"displayName":null,"photoUrl":null,"thumbUrl":null,"isSponsored":false,"isUserGenerated":false,"isVerified":false,"location":{"fullAddress":"57A Brewer Street, London, W1F 9UL, United Kingdom","address1":"57A Brewer Street","address2":null,"address3":null,"city":"London","countryCode":null,"county":"GB","latitude":51.511457,"longitude":-0.135463,"postalCode":null,"region":null},"offersCount":0,"openNow":-1,"ratingsCount":0,"tradingName":"Mrs Kibbles Olde Sweet Shoppe"}],"count":8}}