{"meta":{"code":200},"response":{"venues":[{"id":"Google:6737841992","distance":414,"service":"Google","detailsUrl":"http://www.google.com/maps/place?source=uds&q=Train+Stations&cid=14440603442285093624","advKey":null,"contact":{"blogUrl":null,"email":null,"facebook":null,"fax":null,"foursquare":null,"mobile":null,"phone":null,"twitter":null,"websiteUrl":null},"displayName":null,"photoUrl":null,"thumbUrl":null,"isSponsored":false,"isUserGenerated":false,"isVerified":false,"location":{"fullAddress":"United Kingdom","address1":"United Kingdom","address2":null,"address3":null,"city":null,"countryCode":null,"county":"GB","latitude":51.523447,"longitude":-0.077107,"postalCode":null,"region":null},"offersCount":0,"openNow":-1,"ratingsCount":0,"tradingName":"Shoreditch High Street"},{"id":"Google:0665430397","distance":745,"service":"Google","detailsUrl":"http://www.google.com/maps/place?source=uds&q=Train+Stations&cid=8508305756512546717","advKey":null,"contact":{"blogUrl":null,"email":null,"facebook":null,"fax":null,"foursquare":null,"mobile":null,"phone":null,"twitter":null,"websiteUrl":null},"displayName":null,"photoUrl":null,"thumbUrl":null,"isSponsored":false,"isUserGenerated":false,"isVerified":false,"location":{"fullAddress":"United Kingdom","address1":"United Kingdom","address2":null,"address3":null,"city":null,"countryCode":null,"county":"GB","latitude":51.51504,"longitude":-0.07236,"postalCode":null,"region":null},"offersCount":0,"openNow":-1,"ratingsCount":0,"tradingName":"Aldgate East"},{"id":"Google:3280643894","distance":761,"service":"Google","detailsUrl":"http://www.google.com/maps/place?source=uds&q=Train+Stations&cid=9112307006188912374","advKey":null,"contact":{"blogUrl":null,"email":null,"facebook":null,"fax":null,"foursquare":null,"mobile":null,"phone":"0845 711 4141","twitter":null,"websiteUrl":null},"displayName":null,"photoUrl":null,"thumbUrl":null,"isSponsored":false,"isUserGenerated":false,"isVerified":false,"location":{"fullAddress":"Bishopsgate, London, UK EC2M 7QH, United Kingdom","address1":"Bishopsgate","address2":null,"address3":null,"city":"London","countryCode":null,"county":"GB","latitude":51.517662,"longitude":-0.080637,"postalCode":null,"region":"UK"},"offersCount":0,"openNow":-1,"ratingsCount":0,"tradingName":"Liverpool Street station"},{"id":"Google:0295625480","distance":781,"service":"Google","detailsUrl":"http://www.google.com/maps/place?source=uds&q=Train+Stations&cid=4469217775228301328","advKey":null,"contact":{"blogUrl":null,"email":null,"facebook":null,"fax":null,"foursquare":null,"mobile":null,"phone":null,"twitter":null,"websiteUrl":null},"displayName":null,"photoUrl":null,"thumbUrl":null,"isSponsored":false,"isUserGenerated":false,"isVerified":false,"location":{"fullAddress":"United Kingdom","address1":"United Kingdom","address2":null,"address3":null,"city":null,"countryCode":null,"county":"GB","latitude":51.519527,"longitude":-0.061071,"postalCode":null,"region":null},"offersCount":0,"openNow":-1,"ratingsCount":0,"tradingName":"Whitechapel"},{"id":"Google:5274346379","distance":875,"service":"Google","detailsUrl":"http://www.google.com/maps/place?source=uds&q=Train+Stations&cid=6320791085556937043","advKey":null,"contact":{"blogUrl":null,"email":null,"facebook":null,"fax":null,"foursquare":null,"mobile":null,"phone":null,"twitter":null,"websiteUrl":null},"displayName":null,"photoUrl":null,"thumbUrl":null,"isSponsored":false,"isUserGenerated":false,"isVerified":false,"location":{"fullAddress":"United Kingdom","address1":"United Kingdom","address2":null,"address3":null,"city":null,"countryCode":null,"county":"GB","latitude":51.51424,"longitude":-0.07566,"postalCode":null,"region":null},"offersCount":0,"openNow":-1,"ratingsCount":0,"tradingName":"Aldgate"},{"id":"Google:2761269396","distance":924,"service":"Google","detailsUrl":"http://www.google.com/maps/place?source=uds&q=Train+Stations&cid=8867642628900958607","advKey":null,"contact":{"blogUrl":null,"email":null,"facebook":null,"fax":null,"foursquare":null,"mobile":null,"phone":null,"twitter":null,"websiteUrl":null},"displayName":null,"photoUrl":null,"thumbUrl":null,"isSponsored":false,"isUserGenerated":false,"isVerified":false,"location":{"fullAddress":"United Kingdom","address1":"United Kingdom","address2":null,"address3":null,"city":null,"countryCode":null,"county":"GB","latitude":51.51737,"longitude":-0.08316,"postalCode":null,"region":null},"offersCount":0,"openNow":-1,"ratingsCount":0,"tradingName":"Liverpool Street"},{"id":"Google:4514392584","distance":1119,"service":"Google","detailsUrl":"http://www.google.com/maps/place?source=uds&q=Train+Stations&cid=15177032602173477267","advKey":null,"contact":{"blogUrl":null,"email":null,"facebook":null,"fax":null,"foursquare":null,"mobile":null,"phone":null,"twitter":null,"websiteUrl":null},"displayName":null,"photoUrl":null,"thumbUrl":null,"isSponsored":false,"isUserGenerated":false,"isVerified":false,"location":{"fullAddress":"United Kingdom","address1":"United Kingdom","address2":null,"address3":null,"city":null,"countryCode":null,"county":"GB","latitude":51.531512,"longitude":-0.075655,"postalCode":null,"region":null},"offersCount":0,"openNow":-1,"ratingsCount":0,"tradingName":"Hoxton"},{"id":"Google:8771272479","distance":1229,"service":"Google","detailsUrl":"http://www.google.com/maps/place?source=uds&q=Train+Stations&cid=11083275388688223559","advKey":null,"contact":{"blogUrl":null,"email":null,"facebook":null,"fax":null,"foursquare":null,"mobile":null,"phone":"0845 711 4141","twitter":null,"websiteUrl":null},"displayName":null,"photoUrl":null,"thumbUrl":null,"isSponsored":false,"isUserGenerated":false,"isVerified":false,"location":{"fullAddress":"Fenchurch Street, City of London, EC3R, United Kingdom","address1":"Fenchurch Street","address2":null,"address3":null,"city":"London","countryCode":null,"county":"GB","latitude":51.51158,"longitude":-0.078805,"postalCode":null,"region":"Greater London"},"offersCount":0,"openNow":-1,"ratingsCount":0,"tradingName":"Fenchurch Street station"}],"count":8}}