{"meta":{"code":200},"response":{"venues":[{"id":"Google:2852991422","distance":727,"service":"Google","detailsUrl":"http://www.google.com/maps/place?source=uds&q=Cards+Stationery&cid=488826652032934868","advKey":null,"contact":{"blogUrl":null,"email":null,"facebook":null,"fax":null,"foursquare":null,"mobile":null,"phone":"020 7377 0118","twitter":null,"websiteUrl":null},"displayName":null,"photoUrl":null,"thumbUrl":null,"isSponsored":false,"isUserGenerated":false,"isVerified":false,"location":{"fullAddress":"12 W Mall, Liverpool Street Station, London EC2M 7PY, United Kingdom","address1":"12 W Mall","address2":null,"address3":null,"city":"London","countryCode":null,"county":"GB","latitude":51.519058,"longitude":-0.081383,"postalCode":null,"region":null},"offersCount":0,"openNow":-1,"ratingsCount":0,"tradingName":"Scribbler Liverpool Street"},{"id":"Google:1044274315","distance":2369,"service":"Google","detailsUrl":"http://www.google.com/maps/place?source=uds&q=Cards+Stationery&cid=17406470510604819440","advKey":null,"contact":{"blogUrl":null,"email":null,"facebook":null,"fax":null,"foursquare":null,"mobile":null,"phone":"020 7329 8828","twitter":null,"websiteUrl":null},"displayName":null,"photoUrl":null,"thumbUrl":null,"isSponsored":false,"isUserGenerated":false,"isVerified":false,"location":{"fullAddress":"65 Ludgate Hill, London EC4M 7JH, United Kingdom","address1":"65 Ludgate Hill","address2":null,"address3":null,"city":"London","countryCode":null,"county":"GB","latitude":51.514042,"longitude":-0.103719,"postalCode":null,"region":null},"offersCount":0,"openNow":-1,"ratingsCount":0,"tradingName":"WHSmith"},{"id":"Google:5161323083","distance":2551,"service":"Google","detailsUrl":"http://www.google.com/maps/place?source=uds&q=Cards+Stationery&cid=16420787463924423479","advKey":null,"contact":{"blogUrl":null,"email":null,"facebook":null,"fax":null,"foursquare":null,"mobile":null,"phone":"020 7378 9740","twitter":null,"websiteUrl":null},"displayName":null,"photoUrl":null,"thumbUrl":null,"isSponsored":false,"isUserGenerated":false,"isVerified":false,"location":{"fullAddress":"11- 13 Weston Stret, London, Greater London SE1 3ER, United Kingdom","address1":"11- 13 Weston Stret","address2":null,"address3":null,"city":"London","countryCode":null,"county":"GB","latitude":51.500313,"longitude":-0.084998,"postalCode":null,"region":"Greater London"},"offersCount":0,"openNow":-1,"ratingsCount":0,"tradingName":"Hello!Lucky"},{"id":"Google:6057232872","distance":3071,"service":"Google","detailsUrl":"http://www.google.com/maps/place?source=uds&q=Cards+Stationery&cid=12659136954602644240","advKey":null,"contact":{"blogUrl":null,"email":null,"facebook":null,"fax":null,"foursquare":null,"mobile":null,"phone":"020 7249 1931","twitter":null,"websiteUrl":null},"displayName":null,"photoUrl":null,"thumbUrl":null,"isSponsored":false,"isUserGenerated":false,"isVerified":false,"location":{"fullAddress":"102-104 Kingsland High Street, Dalston, London E8 2NS, United Kingdom","address1":"102-104 Kingsland High Street","address2":null,"address3":null,"city":"London","countryCode":null,"county":"GB","latitude":51.549282,"longitude":-0.07517,"postalCode":null,"region":null},"offersCount":0,"openNow":-1,"ratingsCount":0,"tradingName":"The Cards Plus"},{"id":"Google:9163804006","distance":3312,"service":"Google","detailsUrl":"http://www.google.com/maps/place?source=uds&q=Cards+Stationery&cid=10577498921603544819","advKey":null,"contact":{"blogUrl":null,"email":null,"facebook":null,"fax":null,"foursquare":null,"mobile":null,"phone":"0845 680 8102","twitter":null,"websiteUrl":null},"displayName":null,"photoUrl":null,"thumbUrl":null,"isSponsored":false,"isUserGenerated":false,"isVerified":false,"location":{"fullAddress":"Reverdy Rd, London, SE1 5QE, United Kingdom","address1":"Reverdy Rd","address2":null,"address3":null,"city":"London","countryCode":null,"county":"GB","latitude":51.491964,"longitude":-0.070053,"postalCode":null,"region":null},"offersCount":0,"openNow":-1,"ratingsCount":0,"tradingName":"Ultimate Business Cards ™ (+high quality letterheads, stationery)"},{"id":"Google:2946450486","distance":4198,"service":"Google","detailsUrl":"http://www.google.com/maps/place?source=uds&q=Cards+Stationery&cid=9776277869962277618","advKey":null,"contact":{"blogUrl":null,"email":null,"facebook":null,"fax":null,"foursquare":null,"mobile":null,"phone":"020 7701 9025","twitter":null,"websiteUrl":null},"displayName":null,"photoUrl":null,"thumbUrl":null,"isSponsored":false,"isUserGenerated":false,"isVerified":false,"location":{"fullAddress":"282 Walworth Rd, London SE17 2TE, United Kingdom","address1":"282 Walworth Rd","address2":null,"address3":null,"city":"London","countryCode":null,"county":"GB","latitude":51.487036,"longitude":-0.095704,"postalCode":null,"region":null},"offersCount":0,"openNow":-1,"ratingsCount":0,"tradingName":"R K & Sons Ltd"},{"id":"Google:1055385266","distance":4277,"service":"Google","detailsUrl":"http://www.google.com/maps/place?source=uds&q=Cards+Stationery&cid=9643570209915604136","advKey":null,"contact":{"blogUrl":null,"email":null,"facebook":null,"fax":null,"foursquare":null,"mobile":null,"phone":"020 7467 6200","twitter":null,"websiteUrl":null},"displayName":null,"photoUrl":null,"thumbUrl":null,"isSponsored":false,"isUserGenerated":false,"isVerified":false,"location":{"fullAddress":"213-215 Tottenham Court Road, London W1T 7PS, United Kingdom","address1":"213-215 Tottenham Court Road","address2":null,"address3":null,"city":"London","countryCode":null,"county":"GB","latitude":51.519985,"longitude":-0.13354,"postalCode":null,"region":null},"offersCount":0,"openNow":-1,"ratingsCount":0,"tradingName":"Paperchase"},{"id":"Google:8830944122","distance":4753,"service":"Google","detailsUrl":"http://www.google.com/maps/place?source=uds&q=Cards+Stationery&cid=14146883108038226822","advKey":null,"contact":{"blogUrl":null,"email":null,"facebook":null,"fax":null,"foursquare":null,"mobile":null,"phone":"020 7631 5225","twitter":null,"websiteUrl":null},"displayName":null,"photoUrl":null,"thumbUrl":null,"isSponsored":false,"isUserGenerated":false,"isVerified":false,"location":{"fullAddress":"103 Cleveland Street, London, Greater London W1T 6PP, United Kingdom","address1":"103 Cleveland Street","address2":null,"address3":null,"city":"London","countryCode":null,"county":"GB","latitude":51.521779,"longitude":-0.140497,"postalCode":null,"region":"Greater London"},"offersCount":0,"openNow":-1,"ratingsCount":0,"tradingName":"Western Printers"}],"count":8}}