{"meta":{"code":200},"response":{"venues":[{"id":"Google:8062795331","distance":185,"service":"Google","detailsUrl":"http://www.google.com/maps/place?source=uds&q=Car+Motorcycle+Dealers&cid=7465771770107145479","advKey":null,"contact":{"blogUrl":null,"email":null,"facebook":null,"fax":null,"foursquare":null,"mobile":null,"phone":"020 7729 6404","twitter":null,"websiteUrl":null},"displayName":null,"photoUrl":null,"thumbUrl":null,"isSponsored":false,"isUserGenerated":false,"isVerified":false,"location":{"fullAddress":"20a Grimsby Street, City of London, E2 6ES, United Kingdom","address1":"20a Grimsby Street","address2":null,"address3":null,"city":"London","countryCode":null,"county":"GB","latitude":51.523296,"longitude":-0.070841,"postalCode":null,"region":"Greater London"},"offersCount":0,"openNow":-1,"ratingsCount":0,"tradingName":"M M E Motorcycles"},{"id":"Google:8187446363","distance":1072,"service":"Google","detailsUrl":"http://www.google.com/maps/place?source=uds&q=Car+Motorcycle+Dealers&cid=1089617877542134848","advKey":null,"contact":{"blogUrl":null,"email":null,"facebook":null,"fax":null,"foursquare":null,"mobile":null,"phone":"020 7480 5775","twitter":null,"websiteUrl":null},"displayName":null,"photoUrl":null,"thumbUrl":null,"isSponsored":false,"isUserGenerated":false,"isVerified":false,"location":{"fullAddress":"15 Hessel Street, London, Greater London E1 2LR, United Kingdom","address1":"15 Hessel Street","address2":null,"address3":null,"city":"London","countryCode":null,"county":"GB","latitude":51.514124,"longitude":-0.062258,"postalCode":null,"region":"Greater London"},"offersCount":0,"openNow":-1,"ratingsCount":0,"tradingName":"SBK City Servicing Ltd"},{"id":"Google:4531669418","distance":2703,"service":"Google","detailsUrl":"http://www.google.com/maps/place?source=uds&q=Car+Motorcycle+Dealers&cid=6897674927152511779","advKey":null,"contact":{"blogUrl":null,"email":null,"facebook":null,"fax":null,"foursquare":null,"mobile":null,"phone":"020 8981 6000","twitter":null,"websiteUrl":null},"displayName":null,"photoUrl":null,"thumbUrl":null,"isSponsored":false,"isUserGenerated":false,"isVerified":false,"location":{"fullAddress":"425-427 Roman Road, Bow, Greater London E3 5QS, United Kingdom","address1":"425-427 Roman Road","address2":null,"address3":null,"city":null,"countryCode":null,"county":"GB","latitude":51.531787,"longitude":-0.036212,"postalCode":null,"region":"Greater London"},"offersCount":0,"openNow":-1,"ratingsCount":0,"tradingName":"Scootech"},{"id":"Google:1733594680","distance":3354,"service":"Google","detailsUrl":"http://www.google.com/maps/place?source=uds&q=Car+Motorcycle+Dealers&cid=18243136936089734369","advKey":null,"contact":{"blogUrl":null,"email":null,"facebook":null,"fax":null,"foursquare":null,"mobile":null,"phone":"020 7226 3238","twitter":null,"websiteUrl":null},"displayName":null,"photoUrl":null,"thumbUrl":null,"isSponsored":false,"isUserGenerated":false,"isVerified":false,"location":{"fullAddress":"29A Cobble Lane, (Off Edwards Mews), London N1 1SF, United Kingdom","address1":"29A Cobble Lane, (Off Edwards Mews)","address2":null,"address3":null,"city":"London","countryCode":null,"county":"GB","latitude":51.54344,"longitude":-0.105467,"postalCode":null,"region":null},"offersCount":0,"openNow":-1,"ratingsCount":0,"tradingName":"The London Scooter Bodyshop"},{"id":"Google:0973760331","distance":4000,"service":"Google","detailsUrl":"http://www.google.com/maps/place?source=uds&q=Car+Motorcycle+Dealers&cid=7061607587834598908","advKey":null,"contact":{"blogUrl":null,"email":null,"facebook":null,"fax":null,"foursquare":null,"mobile":null,"phone":"020 7261 9795","twitter":null,"websiteUrl":null},"displayName":null,"photoUrl":null,"thumbUrl":null,"isSponsored":false,"isUserGenerated":false,"isVerified":false,"location":{"fullAddress":"113 Kennington Road, London, Greater London SE11 6SF, United Kingdom","address1":"113 Kennington Road","address2":null,"address3":null,"city":"London","countryCode":null,"county":"GB","latitude":51.495174,"longitude":-0.110771,"postalCode":null,"region":"Greater London"},"offersCount":0,"openNow":-1,"ratingsCount":0,"tradingName":"Chasbikes Ltd"},{"id":"Google:5776117282","distance":4771,"service":"Google","detailsUrl":"http://www.google.com/maps/place?source=uds&q=Car+Motorcycle+Dealers&cid=4265785225994514502","advKey":null,"contact":{"blogUrl":null,"email":null,"facebook":null,"fax":null,"foursquare":null,"mobile":null,"phone":"020 7820 7818","twitter":null,"websiteUrl":null},"displayName":null,"photoUrl":null,"thumbUrl":null,"isSponsored":false,"isUserGenerated":false,"isVerified":false,"location":{"fullAddress":"330 Kennington Road, London, Greater London SE11 4LD, United Kingdom","address1":"330 Kennington Road","address2":null,"address3":null,"city":"London","countryCode":null,"county":"GB","latitude":51.486679,"longitude":-0.111541,"postalCode":null,"region":"Greater London"},"offersCount":0,"openNow":-1,"ratingsCount":0,"tradingName":"F.W.R. Ltd."},{"id":"Google:8336863881","distance":5405,"service":"Google","detailsUrl":"http://www.google.com/maps/place?source=uds&q=Car+Motorcycle+Dealers&cid=11671211474925563834","advKey":null,"contact":{"blogUrl":null,"email":null,"facebook":null,"fax":null,"foursquare":null,"mobile":null,"phone":"020 7267 1557","twitter":null,"websiteUrl":null},"displayName":null,"photoUrl":null,"thumbUrl":null,"isSponsored":false,"isUserGenerated":false,"isVerified":false,"location":{"fullAddress":"1A Hawley Road, London, Greater London NW1 8RP, United Kingdom","address1":"1A Hawley Road","address2":null,"address3":null,"city":"London","countryCode":null,"county":"GB","latitude":51.542636,"longitude":-0.142345,"postalCode":null,"region":"Greater London"},"offersCount":0,"openNow":-1,"ratingsCount":0,"tradingName":"Geomoto Ltd"},{"id":"Google:9681795185","distance":5884,"service":"Google","detailsUrl":"http://www.google.com/maps/place?source=uds&q=Car+Motorcycle+Dealers&cid=7022191029482981882","advKey":null,"contact":{"blogUrl":null,"email":null,"facebook":null,"fax":null,"foursquare":null,"mobile":null,"phone":"020 7409 3355","twitter":null,"websiteUrl":null},"displayName":null,"photoUrl":null,"thumbUrl":null,"isSponsored":false,"isUserGenerated":false,"isVerified":false,"location":{"fullAddress":"77 Park La, London W1K 7TP, United Kingdom","address1":"77 Park La","address2":null,"address3":null,"city":"London","countryCode":null,"county":"GB","latitude":51.50813,"longitude":-0.153969,"postalCode":null,"region":null},"offersCount":0,"openNow":-1,"ratingsCount":0,"tradingName":"BMW Park Lane"}],"count":8}}