{"meta":{"code":200},"response":{"venues":[{"id":"Google:3998500055","distance":4669,"service":"Google","detailsUrl":"http://www.google.com/maps/place?source=uds&q=Veterinaries+Vets&cid=16013454900763898126","advKey":null,"contact":{"blogUrl":null,"email":null,"facebook":null,"fax":null,"foursquare":null,"mobile":null,"phone":"020 7468 5000","twitter":null,"websiteUrl":null},"displayName":null,"photoUrl":null,"thumbUrl":null,"isSponsored":false,"isUserGenerated":false,"isVerified":false,"location":{"fullAddress":"Royal College Street, London, Greater London NW1 0TU, United Kingdom","address1":"Royal College Street","address2":null,"address3":null,"city":"London","countryCode":null,"county":"GB","latitude":51.537291,"longitude":-0.134489,"postalCode":null,"region":"Greater London"},"offersCount":0,"openNow":-1,"ratingsCount":0,"tradingName":"The Royal Veterinary College"},{"id":"Google:2415262122","distance":7295,"service":"Google","detailsUrl":"http://www.google.com/maps/place?source=uds&q=Veterinaries+Vets&cid=3752379646672313697","advKey":null,"contact":{"blogUrl":null,"email":null,"facebook":null,"fax":null,"foursquare":null,"mobile":null,"phone":"020 8269 1440","twitter":null,"websiteUrl":null},"displayName":null,"photoUrl":null,"thumbUrl":null,"isSponsored":false,"isUserGenerated":false,"isVerified":false,"location":{"fullAddress":"Peninsular Park Road, Royal Borough of Greenwich, SE7 7TZ, United Kingdom","address1":"Peninsular Park Road","address2":null,"address3":null,"city":"London","countryCode":null,"county":"GB","latitude":51.488738,"longitude":0.019311,"postalCode":null,"region":"Greater London"},"offersCount":0,"openNow":-1,"ratingsCount":0,"tradingName":"Companion Care Vets"},{"id":"Google:8982745175","distance":7424,"service":"Google","detailsUrl":"http://www.google.com/maps/place?source=uds&q=Veterinaries+Vets&cid=17229936884411316694","advKey":null,"contact":{"blogUrl":null,"email":null,"facebook":null,"fax":null,"foursquare":null,"mobile":null,"phone":"020 7289 1000","twitter":null,"websiteUrl":null},"displayName":null,"photoUrl":null,"thumbUrl":null,"isSponsored":false,"isUserGenerated":false,"isVerified":false,"location":{"fullAddress":"6 Clifton Road, London, Greater London W9 1SS, United Kingdom","address1":"6 Clifton Road","address2":null,"address3":null,"city":"London","countryCode":null,"county":"GB","latitude":51.525896,"longitude":-0.178896,"postalCode":null,"region":"Greater London"},"offersCount":0,"openNow":-1,"ratingsCount":0,"tradingName":"Village Vets"},{"id":"Google:0098918505","distance":9847,"service":"Google","detailsUrl":"http://www.google.com/maps/place?source=uds&q=Veterinaries+Vets&cid=943493917275451306","advKey":null,"contact":{"blogUrl":null,"email":null,"facebook":null,"fax":null,"foursquare":null,"mobile":null,"phone":"020 8507 3904","twitter":null,"websiteUrl":null},"displayName":null,"photoUrl":null,"thumbUrl":null,"isSponsored":false,"isUserGenerated":false,"isVerified":false,"location":{"fullAddress":"Unit 4, Gateway Retail Park, 8 Claps Gate Lane, London, Greater London E6 6LG, United Kingdom","address1":"Unit 4, Gateway Retail Park, 8 Claps Gate Lane","address2":null,"address3":null,"city":"London","countryCode":null,"county":"GB","latitude":51.520974,"longitude":0.070531,"postalCode":null,"region":"Greater London"},"offersCount":0,"openNow":-1,"ratingsCount":0,"tradingName":"Companion Care Vets"},{"id":"Google:3672682079","distance":10032,"service":"Google","detailsUrl":"http://www.google.com/maps/place?source=uds&q=Veterinaries+Vets&cid=6048454140329866767","advKey":null,"contact":{"blogUrl":null,"email":null,"facebook":null,"fax":null,"foursquare":null,"mobile":null,"phone":"020 8674 3525","twitter":null,"websiteUrl":null},"displayName":null,"photoUrl":null,"thumbUrl":null,"isSponsored":false,"isUserGenerated":false,"isVerified":false,"location":{"fullAddress":"101 Sternhold Avenue, London, Greater London SW2 4PF, United Kingdom","address1":"101 Sternhold Avenue","address2":null,"address3":null,"city":"London","countryCode":null,"county":"GB","latitude":51.439583,"longitude":-0.131701,"postalCode":null,"region":"Greater London"},"offersCount":0,"openNow":-1,"ratingsCount":0,"tradingName":"Streatham Hill Veterinary Surgery"},{"id":"Google:0251067181","distance":12813,"service":"Google","detailsUrl":"http://www.google.com/maps/place?source=uds&q=Veterinaries+Vets&cid=13644884210103908297","advKey":null,"contact":{"blogUrl":null,"email":null,"facebook":null,"fax":null,"foursquare":null,"mobile":null,"phone":"020 8679 6969","twitter":null,"websiteUrl":null},"displayName":null,"photoUrl":null,"thumbUrl":null,"isSponsored":false,"isUserGenerated":false,"isVerified":false,"location":{"fullAddress":"130 Streatham Vale, London SW16 5TB, United Kingdom","address1":"130 Streatham Vale","address2":null,"address3":null,"city":"London","countryCode":null,"county":"GB","latitude":51.41475,"longitude":-0.140518,"postalCode":null,"region":null},"offersCount":0,"openNow":-1,"ratingsCount":0,"tradingName":"streatham vale vets"},{"id":"Google:3000163239","distance":15310,"service":"Google","detailsUrl":"http://www.google.com/maps/place?source=uds&q=Veterinaries+Vets&cid=5990497988384092038","advKey":null,"contact":{"blogUrl":null,"email":null,"facebook":null,"fax":null,"foursquare":null,"mobile":null,"phone":"020 8876 9696","twitter":null,"websiteUrl":null},"displayName":null,"photoUrl":null,"thumbUrl":null,"isSponsored":false,"isUserGenerated":false,"isVerified":false,"location":{"fullAddress":"15 Temple Sheen Road, London, Greater London SW14 7PY, United Kingdom","address1":"15 Temple Sheen Road","address2":null,"address3":null,"city":"London","countryCode":null,"county":"GB","latitude":51.463156,"longitude":-0.271921,"postalCode":null,"region":"Greater London"},"offersCount":0,"openNow":-1,"ratingsCount":0,"tradingName":"C J Hall Vets"},{"id":"Google:3541632007","distance":16677,"service":"Google","detailsUrl":"http://www.google.com/maps/place?source=uds&q=Veterinaries+Vets&cid=6005109863159572856","advKey":null,"contact":{"blogUrl":null,"email":null,"facebook":null,"fax":null,"foursquare":null,"mobile":null,"phone":"020 8588 5409","twitter":null,"websiteUrl":null},"displayName":null,"photoUrl":null,"thumbUrl":null,"isSponsored":false,"isUserGenerated":false,"isVerified":false,"location":{"fullAddress":"2 Grand Drive, Raynes Park, Greater London SW20 0JT, United Kingdom","address1":"2 Grand Drive","address2":null,"address3":null,"city":null,"countryCode":null,"county":"GB","latitude":51.408553,"longitude":-0.229749,"postalCode":null,"region":"Greater London"},"offersCount":0,"openNow":-1,"ratingsCount":0,"tradingName":"Park Vets Raynes Park (Raynes Park Veterinary Surgery)"}],"count":8}}