{"meta":{"code":200},"response":{"venues":[{"id":"Google:1158301774","distance":1599544,"service":"Google","detailsUrl":"http://www.google.com/maps/place?source=uds&q=Lista+Nozze+Bomboniere&cid=16681698896663495888","advKey":null,"contact":{"blogUrl":null,"email":null,"facebook":null,"fax":null,"foursquare":null,"mobile":null,"phone":"0823 443893","twitter":null,"websiteUrl":null},"displayName":null,"photoUrl":null,"thumbUrl":null,"isSponsored":false,"isUserGenerated":false,"isVerified":false,"location":{"fullAddress":"Via Fulvio Renella, 80, 81100 Caserta Province of Caserta, Italy","address1":"Via Fulvio Renella, 80","address2":null,"address3":null,"city":"Caserta","countryCode":null,"county":"IT","latitude":41.069092,"longitude":14.337789,"postalCode":null,"region":"Campania"},"offersCount":0,"openNow":-1,"ratingsCount":0,"tradingName":"Miro Di Minolfi Maria Rosaria"},{"id":"Google:1472290526","distance":1610151,"service":"Google","detailsUrl":"http://www.google.com/maps/place?source=uds&q=Lista+Nozze+Bomboniere&cid=794578201890488406","advKey":null,"contact":{"blogUrl":null,"email":null,"facebook":null,"fax":null,"foursquare":null,"mobile":null,"phone":"081 8525478","twitter":null,"websiteUrl":null},"displayName":null,"photoUrl":null,"thumbUrl":null,"isSponsored":false,"isUserGenerated":false,"isVerified":false,"location":{"fullAddress":"Via Risorgimento, 33, 80021 Afragola Province of Naples, Italy","address1":"Via Risorgimento, 33","address2":null,"address3":null,"city":"Afragola","countryCode":null,"county":"IT","latitude":40.924648,"longitude":14.299584,"postalCode":null,"region":"NA"},"offersCount":0,"openNow":-1,"ratingsCount":0,"tradingName":"Castaldo Oggetti"},{"id":"Google:8015257770","distance":1613691,"service":"Google","detailsUrl":"http://www.google.com/maps/place?source=uds&q=Lista+Nozze+Bomboniere&cid=3109958109541566333","advKey":null,"contact":{"blogUrl":null,"email":null,"facebook":null,"fax":null,"foursquare":null,"mobile":null,"phone":"081 19576914","twitter":null,"websiteUrl":null},"displayName":null,"photoUrl":null,"thumbUrl":null,"isSponsored":false,"isUserGenerated":false,"isVerified":false,"location":{"fullAddress":"Via Cimarosa, 154, Province of Naples, Italy","address1":"Via Cimarosa, 154","address2":null,"address3":null,"city":null,"countryCode":null,"county":"IT","latitude":40.842613,"longitude":14.229049,"postalCode":null,"region":"Campania"},"offersCount":0,"openNow":-1,"ratingsCount":0,"tradingName":"Starace Gold Line"},{"id":"Google:7005384715","distance":1627647,"service":"Google","detailsUrl":"http://www.google.com/maps/place?source=uds&q=Lista+Nozze+Bomboniere&cid=5963267660454208890","advKey":null,"contact":{"blogUrl":null,"email":null,"facebook":null,"fax":null,"foursquare":null,"mobile":null,"phone":"347 6399361","twitter":null,"websiteUrl":null},"displayName":null,"photoUrl":null,"thumbUrl":null,"isSponsored":false,"isUserGenerated":false,"isVerified":false,"location":{"fullAddress":"Via Astalonga, 132, 80047 San Giuseppe Vesuviano Province of Naples, Italy","address1":"Via Astalonga, 132","address2":null,"address3":null,"city":"San Giuseppe Vesuviano","countryCode":null,"county":"IT","latitude":40.839515,"longitude":14.493029,"postalCode":null,"region":"Campania"},"offersCount":0,"openNow":-1,"ratingsCount":0,"tradingName":"Le Favole"},{"id":"Google:9906406634","distance":1643420,"service":"Google","detailsUrl":"http://www.google.com/maps/place?source=uds&q=Lista+Nozze+Bomboniere&cid=7546267383348588218","advKey":null,"contact":{"blogUrl":null,"email":null,"facebook":null,"fax":null,"foursquare":null,"mobile":null,"phone":"081 952955","twitter":null,"websiteUrl":null},"displayName":null,"photoUrl":null,"thumbUrl":null,"isSponsored":false,"isUserGenerated":false,"isVerified":false,"location":{"fullAddress":"Via Piave, 19, 84083 Castel San Giorgio Province of Salerno, Italy","address1":"Via Piave, 19","address2":null,"address3":null,"city":"Castel San Giorgio","countryCode":null,"county":"IT","latitude":40.779615,"longitude":14.695047,"postalCode":null,"region":"Campania"},"offersCount":0,"openNow":-1,"ratingsCount":0,"tradingName":"Margherita Elite Della Bomboniera Di Bruno Antonino"},{"id":"Google:0291131519","distance":1673142,"service":"Google","detailsUrl":"http://www.google.com/maps/place?source=uds&q=Lista+Nozze+Bomboniere&cid=3164228559125547174","advKey":null,"contact":{"blogUrl":null,"email":null,"facebook":null,"fax":null,"foursquare":null,"mobile":null,"phone":"333 3359436","twitter":null,"websiteUrl":null},"displayName":null,"photoUrl":null,"thumbUrl":null,"isSponsored":false,"isUserGenerated":false,"isVerified":false,"location":{"fullAddress":"Via Olevano, 17, 84091 Battipaglia Province of Salerno, Italy","address1":"Via Olevano, 17","address2":null,"address3":null,"city":"Battipaglia","countryCode":null,"county":"IT","latitude":40.610839,"longitude":14.981595,"postalCode":null,"region":"SA"},"offersCount":0,"openNow":-1,"ratingsCount":0,"tradingName":"Eclissi Articoli da Regalo"},{"id":"Google:9705483225","distance":1673142,"service":"Google","detailsUrl":"http://www.google.com/maps/place?source=uds&q=Lista+Nozze+Bomboniere&cid=3086455224311683609","advKey":null,"contact":{"blogUrl":null,"email":null,"facebook":null,"fax":null,"foursquare":null,"mobile":null,"phone":"0828 344488","twitter":null,"websiteUrl":null},"displayName":null,"photoUrl":null,"thumbUrl":null,"isSponsored":false,"isUserGenerated":false,"isVerified":false,"location":{"fullAddress":"Via Olevano, 17, Province of Salerno, Italy","address1":"Via Olevano, 17","address2":null,"address3":null,"city":null,"countryCode":null,"county":"IT","latitude":40.610839,"longitude":14.981595,"postalCode":null,"region":"Campania"},"offersCount":0,"openNow":-1,"ratingsCount":0,"tradingName":"Del Galdo Rosa"}],"count":7}}