{"meta":{"code":200},"response":{"venues":[{"id":"Google:0757186569","distance":636,"service":"Google","detailsUrl":"http://www.google.com/maps/place?source=uds&q=Post+Offices&cid=11225022913608106378","advKey":null,"contact":{"blogUrl":null,"email":null,"facebook":null,"fax":null,"foursquare":null,"mobile":null,"phone":"020 7033 0085","twitter":null,"websiteUrl":null},"displayName":null,"photoUrl":null,"thumbUrl":null,"isSponsored":false,"isUserGenerated":false,"isVerified":false,"location":{"fullAddress":"144-145 Shoreditch High Street, City of London, Greater London E1 6JE, United Kingdom","address1":"144-145 Shoreditch High Street","address2":null,"address3":null,"city":null,"countryCode":null,"county":"GB","latitude":51.525909,"longitude":-0.07808,"postalCode":null,"region":"Greater London"},"offersCount":0,"openNow":-1,"ratingsCount":0,"tradingName":"The Shoreditch"},{"id":"Google:7311817195","distance":788,"service":"Google","detailsUrl":"http://www.google.com/maps/place?source=uds&q=Post+Offices&cid=8504818674792277982","advKey":null,"contact":{"blogUrl":null,"email":null,"facebook":null,"fax":null,"foursquare":null,"mobile":null,"phone":"0845 722 3344","twitter":null,"websiteUrl":null},"displayName":null,"photoUrl":null,"thumbUrl":null,"isSponsored":false,"isUserGenerated":false,"isVerified":false,"location":{"fullAddress":"London, Greater London EC2M 2BY, United Kingdom","address1":null,"address2":null,"address3":null,"city":"London","countryCode":null,"county":"GB","latitude":51.515473,"longitude":-0.077146,"postalCode":null,"region":"Greater London"},"offersCount":0,"openNow":-1,"ratingsCount":0,"tradingName":"Post Office Ltd"},{"id":"Google:2022088798","distance":958,"service":"Google","detailsUrl":"http://www.google.com/maps/place?source=uds&q=Post+Offices&cid=3702525410570719183","advKey":null,"contact":{"blogUrl":null,"email":null,"facebook":null,"fax":null,"foursquare":null,"mobile":null,"phone":"020 7375 2382","twitter":null,"websiteUrl":null},"displayName":null,"photoUrl":null,"thumbUrl":null,"isSponsored":false,"isUserGenerated":false,"isVerified":false,"location":{"fullAddress":"206 Whitechapel Road, London, Greater London E1, United Kingdom","address1":"206 Whitechapel Road","address2":null,"address3":null,"city":"London","countryCode":null,"county":"GB","latitude":51.519248,"longitude":-0.058519,"postalCode":null,"region":"Greater London"},"offersCount":0,"openNow":-1,"ratingsCount":0,"tradingName":"Eastern Post Office"},{"id":"Google:5842746570","distance":1008,"service":"Google","detailsUrl":"http://www.google.com/maps/place?source=uds&q=Post+Offices&cid=9815710252741774582","advKey":null,"contact":{"blogUrl":null,"email":null,"facebook":null,"fax":null,"foursquare":null,"mobile":null,"phone":"020 7739 5430","twitter":null,"websiteUrl":null},"displayName":null,"photoUrl":null,"thumbUrl":null,"isSponsored":false,"isUserGenerated":false,"isVerified":false,"location":{"fullAddress":"61 Downham Road, Hackney, Greater London N1 5AH, United Kingdom","address1":"61 Downham Road","address2":null,"address3":null,"city":null,"countryCode":null,"county":"GB","latitude":51.530804,"longitude":-0.071956,"postalCode":null,"region":"Greater London"},"offersCount":0,"openNow":-1,"ratingsCount":0,"tradingName":"Hackney Road Post Office"},{"id":"Google:9957941454","distance":1277,"service":"Google","detailsUrl":"http://www.google.com/maps/place?source=uds&q=Post+Offices&cid=8915631771951357352","advKey":null,"contact":{"blogUrl":null,"email":null,"facebook":null,"fax":null,"foursquare":null,"mobile":null,"phone":"020 7253 9340","twitter":null,"websiteUrl":null},"displayName":null,"photoUrl":null,"thumbUrl":null,"isSponsored":false,"isUserGenerated":false,"isVerified":false,"location":{"fullAddress":"198-208 Old Street, Islington, Greater London EC1V 9, United Kingdom","address1":"198-208 Old Street","address2":null,"address3":null,"city":null,"countryCode":null,"county":"GB","latitude":51.525544,"longitude":-0.089206,"postalCode":null,"region":"Greater London"},"offersCount":0,"openNow":-1,"ratingsCount":0,"tradingName":"Shell Station"},{"id":"Google:3541529214","distance":1375,"service":"Google","detailsUrl":"http://www.google.com/maps/place?source=uds&q=Post+Offices&cid=11676680958089957462","advKey":null,"contact":{"blogUrl":null,"email":null,"facebook":null,"fax":null,"foursquare":null,"mobile":null,"phone":"0845 774 0740","twitter":null,"websiteUrl":null},"displayName":null,"photoUrl":null,"thumbUrl":null,"isSponsored":false,"isUserGenerated":false,"isVerified":false,"location":{"fullAddress":"40 Saint Peter's Street, Islington, Greater London N1 8, United Kingdom","address1":"40 Saint Peter's Street","address2":null,"address3":null,"city":null,"countryCode":null,"county":"GB","latitude":51.525162,"longitude":-0.090898,"postalCode":null,"region":"Greater London"},"offersCount":0,"openNow":-1,"ratingsCount":0,"tradingName":"Royal Mail"},{"id":"Google:5478935332","distance":1557,"service":"Google","detailsUrl":"http://www.google.com/maps/place?source=uds&q=Post+Offices&cid=14820359498397323138","advKey":null,"contact":{"blogUrl":null,"email":null,"facebook":null,"fax":null,"foursquare":null,"mobile":null,"phone":"020 7253 9859","twitter":null,"websiteUrl":null},"displayName":null,"photoUrl":null,"thumbUrl":null,"isSponsored":false,"isUserGenerated":false,"isVerified":false,"location":{"fullAddress":"96-98 Murray Grove , Hackney, London, N1 7QP, Greater London N1, United Kingdom","address1":"96-98 Murray Grove , Hackney, London, N1 7QP","address2":null,"address3":null,"city":null,"countryCode":null,"county":"GB","latitude":51.531037,"longitude":-0.08862,"postalCode":null,"region":"Greater London"},"offersCount":0,"openNow":-1,"ratingsCount":0,"tradingName":"Murrays Chemist"},{"id":"Google:2356082994","distance":2821,"service":"Google","detailsUrl":"http://www.google.com/maps/place?source=uds&q=Post+Offices&cid=11174683825569962406","advKey":null,"contact":{"blogUrl":null,"email":null,"facebook":null,"fax":null,"foursquare":null,"mobile":null,"phone":"020 7458 7801","twitter":null,"websiteUrl":null},"displayName":null,"photoUrl":null,"thumbUrl":null,"isSponsored":false,"isUserGenerated":false,"isVerified":false,"location":{"fullAddress":"Grays Inn Post Office, 19-20 High Holborn, London, City of London, Greater London WC1V 6BS, United Kingdom","address1":"Grays Inn Post Office, 19-20 High Holborn","address2":null,"address3":null,"city":"City of London","countryCode":null,"county":"GB","latitude":51.519254,"longitude":-0.112365,"postalCode":null,"region":"Greater London"},"offersCount":0,"openNow":-1,"ratingsCount":0,"tradingName":"Grays Inn"}],"count":8}}