{"meta":{"code":200},"response":{"venues":[{"id":"Google:1864563881","distance":261,"service":"Google","detailsUrl":"http://www.google.com/maps/place?source=uds&q=Beauty+Cosmetics&cid=1714347985813009595","advKey":null,"contact":{"blogUrl":null,"email":null,"facebook":null,"fax":null,"foursquare":null,"mobile":null,"phone":null,"twitter":null,"websiteUrl":null},"displayName":null,"photoUrl":null,"thumbUrl":null,"isSponsored":false,"isUserGenerated":false,"isVerified":false,"location":{"fullAddress":"143 Commercial Street, Shadwell, London E1 6BJ, United Kingdom","address1":"143 Commercial Street","address2":null,"address3":null,"city":"London","countryCode":null,"county":"GB","latitude":51.520961,"longitude":-0.075361,"postalCode":null,"region":null},"offersCount":0,"openNow":-1,"ratingsCount":0,"tradingName":"International Cosmetics"},{"id":"Google:6894749985","distance":424,"service":"Google","detailsUrl":"http://www.google.com/maps/place?source=uds&q=Beauty+Cosmetics&cid=301918637157448660","advKey":null,"contact":{"blogUrl":null,"email":null,"facebook":null,"fax":null,"foursquare":null,"mobile":null,"phone":"020 7377 2684","twitter":null,"websiteUrl":null},"displayName":null,"photoUrl":null,"thumbUrl":null,"isSponsored":false,"isUserGenerated":false,"isVerified":false,"location":{"fullAddress":"49 Brushfield Street, City of London, London, Greater London E1 6AA, United Kingdom","address1":"49 Brushfield Street","address2":null,"address3":null,"city":"London","countryCode":null,"county":"GB","latitude":51.519119,"longitude":-0.07625,"postalCode":null,"region":"Greater London"},"offersCount":0,"openNow":-1,"ratingsCount":0,"tradingName":"Benefit Cosmetics Boutique"},{"id":"Google:7825038987","distance":452,"service":"Google","detailsUrl":"http://www.google.com/maps/place?source=uds&q=Beauty+Cosmetics&cid=9905352287733083436","advKey":null,"contact":{"blogUrl":null,"email":null,"facebook":null,"fax":null,"foursquare":null,"mobile":null,"phone":"020 7613 3793","twitter":null,"websiteUrl":null},"displayName":null,"photoUrl":null,"thumbUrl":null,"isSponsored":false,"isUserGenerated":false,"isVerified":false,"location":{"fullAddress":"5 Redchurch Street, London E2 7DP, United Kingdom","address1":"5 Redchurch Street","address2":null,"address3":null,"city":"London","countryCode":null,"county":"GB","latitude":51.52438,"longitude":-0.076766,"postalCode":null,"region":null},"offersCount":0,"openNow":-1,"ratingsCount":0,"tradingName":"Aesop Shoreditch"},{"id":"Google:6422599035","distance":618,"service":"Google","detailsUrl":"http://www.google.com/maps/place?source=uds&q=Beauty+Cosmetics&cid=66124065084870424","advKey":null,"contact":{"blogUrl":null,"email":null,"facebook":null,"fax":null,"foursquare":null,"mobile":null,"phone":"020 3167 4336","twitter":null,"websiteUrl":null},"displayName":null,"photoUrl":null,"thumbUrl":null,"isSponsored":false,"isUserGenerated":false,"isVerified":false,"location":{"fullAddress":"Butlers Wharf Business Centre, London E1 1DU, United Kingdom","address1":"Butlers Wharf Business Centre","address2":null,"address3":null,"city":"London","countryCode":null,"county":"GB","latitude":51.516367,"longitude":-0.069458,"postalCode":null,"region":null},"offersCount":0,"openNow":-1,"ratingsCount":0,"tradingName":"Onlinebazar"},{"id":"8028","distance":727,"service":"NearMe","detailsUrl":null,"advKey":null,"contact":{"blogUrl":null,"email":null,"facebook":null,"fax":null,"foursquare":null,"mobile":null,"phone":"0207 6382304","twitter":null,"websiteUrl":"http://www.thebodyshop.co.uk"},"displayName":"body_shop_8028","photoUrl":"http://www.getnearme.com/data/merchants/2012/04/thebodyshop/body_shop_8028/tZSX8gV3zN_640x480.png","thumbUrl":"http://www.getnearme.com/data/merchants/2012/04/thebodyshop/body_shop_8028/tZSX8gV3zN_72x54.png","isSponsored":false,"isUserGenerated":false,"isVerified":false,"location":{"fullAddress":"The Mall, Liverpool Street Station, Broadgate, EC2M 7PY London, United Kingdom","address1":"The Mall, Liverpool Street Station, Broadgate","address2":null,"address3":null,"city":"London","countryCode":"GB","county":null,"latitude":51.519027,"longitude":-0.081361,"postalCode":"EC2M 7PY","region":"GB"},"offersCount":0,"openNow":-1,"ratingsCount":0,"tradingName":"The Body Shop"},{"id":"Google:8147329398","distance":945,"service":"Google","detailsUrl":"http://www.google.com/maps/place?source=uds&q=Beauty+Cosmetics&cid=16520323850494008347","advKey":null,"contact":{"blogUrl":null,"email":null,"facebook":null,"fax":null,"foursquare":null,"mobile":null,"phone":"020 7638 2304","twitter":null,"websiteUrl":null},"displayName":null,"photoUrl":null,"thumbUrl":null,"isSponsored":false,"isUserGenerated":false,"isVerified":false,"location":{"fullAddress":"The Concourse Liverpool Street Station, Liverpool Street, City of London, London, Greater London EC2M 7PY, United Kingdom","address1":"The Concourse Liverpool Street Station, Liverpool Street","address2":null,"address3":null,"city":"London","countryCode":null,"county":"GB","latitude":51.518322,"longitude":-0.084303,"postalCode":null,"region":"Greater London"},"offersCount":0,"openNow":-1,"ratingsCount":0,"tradingName":"The Body Shop"},{"id":"Google:5568221002","distance":1366,"service":"Google","detailsUrl":"http://www.google.com/maps/place?source=uds&q=Beauty+Cosmetics&cid=3539241343071584967","advKey":null,"contact":{"blogUrl":null,"email":null,"facebook":null,"fax":null,"foursquare":null,"mobile":null,"phone":"020 7929 6265","twitter":null,"websiteUrl":null},"displayName":null,"photoUrl":null,"thumbUrl":null,"isSponsored":false,"isUserGenerated":false,"isVerified":false,"location":{"fullAddress":"60 Gracechurch Street, City of London, EC3V 0HR, United Kingdom","address1":"60 Gracechurch Street","address2":null,"address3":null,"city":"London","countryCode":null,"county":"GB","latitude":51.512424,"longitude":-0.084674,"postalCode":null,"region":"Greater London"},"offersCount":0,"openNow":-1,"ratingsCount":0,"tradingName":"Boots"},{"id":"Google:5201434658","distance":1420,"service":"Google","detailsUrl":"http://www.google.com/maps/place?source=uds&q=Beauty+Cosmetics&cid=10093045313052409492","advKey":null,"contact":{"blogUrl":null,"email":null,"facebook":null,"fax":null,"foursquare":null,"mobile":null,"phone":"020 7621 0021","twitter":null,"websiteUrl":null},"displayName":null,"photoUrl":null,"thumbUrl":null,"isSponsored":false,"isUserGenerated":false,"isVerified":false,"location":{"fullAddress":"27 Royal Exchange, London EC3V 3LP, United Kingdom","address1":"27 Royal Exchange","address2":null,"address3":null,"city":"London","countryCode":null,"county":"GB","latitude":51.513576,"longitude":-0.087578,"postalCode":null,"region":null},"offersCount":0,"openNow":-1,"ratingsCount":0,"tradingName":"Molton Brown"},{"id":"8292","distance":2102,"service":"NearMe","detailsUrl":null,"advKey":null,"contact":{"blogUrl":null,"email":null,"facebook":null,"fax":null,"foursquare":null,"mobile":null,"phone":"0207 387 5989","twitter":null,"websiteUrl":"http://www.thebodyshop.co.uk"},"displayName":"body_shop_8292","photoUrl":"http://www.getnearme.com/data/merchants/2012/04/thebodyshop/body_shop_8292/8lGNWh70MR_640x480.png","thumbUrl":"http://www.getnearme.com/data/merchants/2012/04/thebodyshop/body_shop_8292/8lGNWh70MR_72x54.png","isSponsored":false,"isUserGenerated":false,"isVerified":false,"location":{"fullAddress":"Euston Station, Euston, NW1 2RS London, United Kingdom","address1":"Euston Station, Euston","address2":null,"address3":null,"city":"London","countryCode":"GB","county":null,"latitude":51.518512,"longitude":-0.101723,"postalCode":"NW1 2RS","region":"GB"},"offersCount":0,"openNow":-1,"ratingsCount":0,"tradingName":"The Body Shop"},{"id":"8037","distance":2102,"service":"NearMe","detailsUrl":null,"advKey":null,"contact":{"blogUrl":null,"email":null,"facebook":null,"fax":null,"foursquare":null,"mobile":null,"phone":"0207 7191493","twitter":null,"websiteUrl":"http://www.thebodyshop.co.uk"},"displayName":"body_shop_8037","photoUrl":"http://www.getnearme.com/data/merchants/2012/04/thebodyshop/body_shop_8037/1JV1Mzhpd2_640x480.png","thumbUrl":"http://www.getnearme.com/data/merchants/2012/04/thebodyshop/body_shop_8037/1JV1Mzhpd2_72x54.png","isSponsored":false,"isUserGenerated":false,"isVerified":false,"location":{"fullAddress":"270 Cabot Place, Canary Wharf, E14 4SQ London, United Kingdom","address1":"270 Cabot Place, Canary Wharf","address2":null,"address3":null,"city":"London","countryCode":"GB","county":null,"latitude":51.518512,"longitude":-0.101723,"postalCode":"E14 4SQ","region":"GB"},"offersCount":0,"openNow":-1,"ratingsCount":0,"tradingName":"The Body Shop"},{"id":"8131","distance":2137,"service":"NearMe","detailsUrl":null,"advKey":null,"contact":{"blogUrl":null,"email":null,"facebook":null,"fax":null,"foursquare":null,"mobile":null,"phone":"0207 3787514","twitter":null,"websiteUrl":"http://www.thebodyshop.co.uk"},"displayName":"body_shop_8131","photoUrl":"http://www.getnearme.com/data/merchants/2012/04/thebodyshop/body_shop_8131/Yr2mESupNB_640x480.png","thumbUrl":"http://www.getnearme.com/data/merchants/2012/04/thebodyshop/body_shop_8131/Yr2mESupNB_72x54.png","isSponsored":false,"isUserGenerated":false,"isVerified":false,"location":{"fullAddress":"London Bridge Station, London Bridge, SE1 9SP London, United Kingdom","address1":"London Bridge Station, London Bridge","address2":null,"address3":null,"city":"London","countryCode":"GB","county":null,"latitude":51.504674,"longitude":-0.086006,"postalCode":"SE1 9SP","region":"GB"},"offersCount":0,"openNow":-1,"ratingsCount":0,"tradingName":"The Body Shop"},{"id":"8108","distance":2696,"service":"NearMe","detailsUrl":null,"advKey":null,"contact":{"blogUrl":null,"email":null,"facebook":null,"fax":null,"foursquare":null,"mobile":null,"phone":"0207 3540565","twitter":null,"websiteUrl":"http://www.thebodyshop.co.uk"},"displayName":"body_shop_8108","photoUrl":"http://www.getnearme.com/data/merchants/2012/04/thebodyshop/body_shop_8108/gdL3HSmhDC_640x480.png","thumbUrl":"http://www.getnearme.com/data/merchants/2012/04/thebodyshop/body_shop_8108/gdL3HSmhDC_72x54.png","isSponsored":false,"isUserGenerated":false,"isVerified":false,"location":{"fullAddress":"7 Upper Street, Islington, N1 0PQ London, United Kingdom","address1":"7 Upper Street, Islington","address2":null,"address3":null,"city":"London","countryCode":"GB","county":null,"latitude":51.53346,"longitude":-0.105901,"postalCode":"N1 0PQ","region":"GB"},"offersCount":0,"openNow":-1,"ratingsCount":0,"tradingName":"The Body Shop"},{"id":"8200","distance":3398,"service":"NearMe","detailsUrl":null,"advKey":null,"contact":{"blogUrl":null,"email":null,"facebook":null,"fax":null,"foursquare":null,"mobile":null,"phone":"0207 2523435","twitter":null,"websiteUrl":"http://www.thebodyshop.co.uk"},"displayName":"body_shop_8200","photoUrl":"http://www.getnearme.com/data/merchants/2012/04/thebodyshop/body_shop_8200/wVXsQS5VFE_640x480.png","thumbUrl":"http://www.getnearme.com/data/merchants/2012/04/thebodyshop/body_shop_8200/wVXsQS5VFE_72x54.png","isSponsored":false,"isUserGenerated":false,"isVerified":false,"location":{"fullAddress":"Surrey Quays Shopping Centre, Redriffe Road, SE16 7LL Surrey Quays, United Kingdom","address1":"Surrey Quays Shopping Centre, Redriffe Road","address2":null,"address3":null,"city":"Surrey Quays","countryCode":"GB","county":null,"latitude":51.495385,"longitude":-0.046909,"postalCode":"SE16 7LL","region":"GB"},"offersCount":0,"openNow":-1,"ratingsCount":0,"tradingName":"The Body Shop"},{"id":"8236","distance":3709,"service":"NearMe","detailsUrl":null,"advKey":null,"contact":{"blogUrl":null,"email":null,"facebook":null,"fax":null,"foursquare":null,"mobile":null,"phone":"0207 8360564","twitter":null,"websiteUrl":"http://www.thebodyshop.co.uk"},"displayName":"body_shop_8236","photoUrl":"http://www.getnearme.com/data/merchants/2012/04/thebodyshop/body_shop_8236/YB4g6g8oYa_640x480.png","thumbUrl":"http://www.getnearme.com/data/merchants/2012/04/thebodyshop/body_shop_8236/YB4g6g8oYa_72x54.png","isSponsored":false,"isUserGenerated":false,"isVerified":false,"location":{"fullAddress":"30 St. James Street, Covent Garden, WC2E 8PA London, United Kingdom","address1":"30 St. James Street, Covent Garden","address2":null,"address3":null,"city":"London","countryCode":"GB","county":null,"latitude":51.512409,"longitude":-0.123253,"postalCode":"WC2E 8PA","region":"GB"},"offersCount":0,"openNow":-1,"ratingsCount":0,"tradingName":"The Body Shop"},{"id":"8260","distance":3851,"service":"NearMe","detailsUrl":null,"advKey":null,"contact":{"blogUrl":null,"email":null,"facebook":null,"fax":null,"foursquare":null,"mobile":null,"phone":"0207 837 2670","twitter":null,"websiteUrl":"http://www.thebodyshop.co.uk"},"displayName":"body_shop_8260","photoUrl":"http://www.getnearme.com/data/merchants/2012/04/thebodyshop/body_shop_8260/Yi86UD6mUp_640x480.png","thumbUrl":"http://www.getnearme.com/data/merchants/2012/04/thebodyshop/body_shop_8260/Yi86UD6mUp_72x54.png","isSponsored":false,"isUserGenerated":false,"isVerified":false,"location":{"fullAddress":"St Pancras Station, King's Cross, NW1 9QP London, United Kingdom","address1":"St Pancras Station, King's Cross","address2":null,"address3":null,"city":"London","countryCode":"GB","county":null,"latitude":51.530485,"longitude":-0.125653,"postalCode":"NW1 9QP","region":"GB"},"offersCount":0,"openNow":-1,"ratingsCount":0,"tradingName":"The Body Shop"},{"id":"8161","distance":4345,"service":"NearMe","detailsUrl":null,"advKey":null,"contact":{"blogUrl":null,"email":null,"facebook":null,"fax":null,"foursquare":null,"mobile":null,"phone":"0207 6310027","twitter":null,"websiteUrl":"http://www.thebodyshop.co.uk"},"displayName":"body_shop_8161","photoUrl":"http://www.getnearme.com/data/merchants/2012/04/thebodyshop/body_shop_8161/gWTRONVfx7_640x480.png","thumbUrl":"http://www.getnearme.com/data/merchants/2012/04/thebodyshop/body_shop_8161/gWTRONVfx7_72x54.png","isSponsored":false,"isUserGenerated":false,"isVerified":false,"location":{"fullAddress":"66 Oxford Street, W1D 1BL London, United Kingdom","address1":"66 Oxford Street","address2":null,"address3":null,"city":"London","countryCode":"GB","county":null,"latitude":51.516149,"longitude":-0.133941,"postalCode":"W1D 1BL","region":"GB"},"offersCount":0,"openNow":-1,"ratingsCount":0,"tradingName":"The Body Shop"},{"id":"8245","distance":4773,"service":"NearMe","detailsUrl":null,"advKey":null,"contact":{"blogUrl":null,"email":null,"facebook":null,"fax":null,"foursquare":null,"mobile":null,"phone":"0207 2874171","twitter":null,"websiteUrl":"http://www.thebodyshop.co.uk"},"displayName":"body_shop_8245","photoUrl":"http://www.getnearme.com/data/merchants/2012/04/thebodyshop/body_shop_8245/xDgDrUdS6d_640x480.png","thumbUrl":"http://www.getnearme.com/data/merchants/2012/04/thebodyshop/body_shop_8245/xDgDrUdS6d_72x54.png","isSponsored":false,"isUserGenerated":false,"isVerified":false,"location":{"fullAddress":"122 Regent Street, W1B 5RZ Regent Street, United Kingdom","address1":"122 Regent Street","address2":null,"address3":null,"city":"Regent Street","countryCode":"GB","county":null,"latitude":51.510578,"longitude":-0.138399,"postalCode":"W1B 5RZ","region":"GB"},"offersCount":0,"openNow":-1,"ratingsCount":0,"tradingName":"The Body Shop"}],"count":17}}