{"meta":{"code":200},"response":{"venues":[{"id":"Google:7121527836","distance":284,"service":"Google","detailsUrl":"http://www.google.com/maps/place?source=uds&q=Charity+Shops&cid=10249922521636090363","advKey":null,"contact":{"blogUrl":null,"email":null,"facebook":null,"fax":null,"foursquare":null,"mobile":null,"phone":"020 7247 7900","twitter":null,"websiteUrl":null},"displayName":null,"photoUrl":null,"thumbUrl":null,"isSponsored":false,"isUserGenerated":false,"isVerified":false,"location":{"fullAddress":"First Floor, 24-26 Fournier Street, London, E1 6QE, United Kingdom","address1":"First Floor, 24-26 Fournier Street","address2":null,"address3":null,"city":"London","countryCode":null,"county":"GB","latitude":51.519183,"longitude":-0.072066,"postalCode":null,"region":null},"offersCount":0,"openNow":-1,"ratingsCount":0,"tradingName":"Futureversity"},{"id":"Google:2901195353","distance":453,"service":"Google","detailsUrl":"http://www.google.com/maps/place?source=uds&q=Charity+Shops&cid=12591407306291847702","advKey":null,"contact":{"blogUrl":null,"email":null,"facebook":null,"fax":null,"foursquare":null,"mobile":null,"phone":"020 7422 0630","twitter":null,"websiteUrl":null},"displayName":null,"photoUrl":null,"thumbUrl":null,"isSponsored":false,"isUserGenerated":false,"isVerified":false,"location":{"fullAddress":"2-4 Great Eastern Street, London, Greater London EC2A 3NW, United Kingdom","address1":"2-4 Great Eastern Street","address2":null,"address3":null,"city":"London","countryCode":null,"county":"GB","latitude":51.523063,"longitude":-0.077981,"postalCode":null,"region":"Greater London"},"offersCount":0,"openNow":-1,"ratingsCount":0,"tradingName":"Childrens Heart Federation"},{"id":"Google:3381935899","distance":463,"service":"Google","detailsUrl":"http://www.google.com/maps/place?source=uds&q=Charity+Shops&cid=10647939641118071236","advKey":null,"contact":{"blogUrl":null,"email":null,"facebook":null,"fax":null,"foursquare":null,"mobile":null,"phone":"020 7422 0063","twitter":null,"websiteUrl":null},"displayName":null,"photoUrl":null,"thumbUrl":null,"isSponsored":false,"isUserGenerated":false,"isVerified":false,"location":{"fullAddress":"64-68 Commercial Street, Shadwell, London, United Kingdom","address1":"64-68 Commercial Street, Shadwell","address2":null,"address3":null,"city":"London","countryCode":null,"county":"GB","latitude":51.517806,"longitude":-0.074003,"postalCode":null,"region":null},"offersCount":0,"openNow":-1,"ratingsCount":0,"tradingName":"Goodacre UK Ltd"},{"id":"Google:2931631520","distance":603,"service":"Google","detailsUrl":"http://www.google.com/maps/place?source=uds&q=Charity+Shops&cid=10272769050581758885","advKey":null,"contact":{"blogUrl":null,"email":null,"facebook":null,"fax":null,"foursquare":null,"mobile":null,"phone":"020 7377 9893","twitter":null,"websiteUrl":null},"displayName":null,"photoUrl":null,"thumbUrl":null,"isSponsored":false,"isUserGenerated":false,"isVerified":false,"location":{"fullAddress":"23 Commercial Street, City of London, London, Greater London E1 6BD, United Kingdom","address1":"23 Commercial Street","address2":null,"address3":null,"city":"London","countryCode":null,"county":"GB","latitude":51.516375,"longitude":-0.07317,"postalCode":null,"region":"Greater London"},"offersCount":0,"openNow":-1,"ratingsCount":0,"tradingName":"Spitalfields Crypt Trust"},{"id":"Google:7301218088","distance":800,"service":"Google","detailsUrl":"http://www.google.com/maps/place?source=uds&q=Charity+Shops&cid=14764542250516581486","advKey":null,"contact":{"blogUrl":null,"email":null,"facebook":null,"fax":null,"foursquare":null,"mobile":null,"phone":"020 7613 5060","twitter":null,"websiteUrl":null},"displayName":null,"photoUrl":null,"thumbUrl":null,"isSponsored":false,"isUserGenerated":false,"isVerified":false,"location":{"fullAddress":"134-146 Curtain Road, London, Greater London EC2A 3AR, United Kingdom","address1":"134-146 Curtain Road","address2":null,"address3":null,"city":"London","countryCode":null,"county":"GB","latitude":51.526643,"longitude":-0.080258,"postalCode":null,"region":"Greater London"},"offersCount":0,"openNow":-1,"ratingsCount":0,"tradingName":"Families Need Fathers Ltd"},{"id":"Google:7561512000","distance":862,"service":"Google","detailsUrl":"http://www.google.com/maps/place?source=uds&q=Charity+Shops&cid=10167354006633836044","advKey":null,"contact":{"blogUrl":null,"email":null,"facebook":null,"fax":null,"foursquare":null,"mobile":null,"phone":"020 7739 3663","twitter":null,"websiteUrl":null},"displayName":null,"photoUrl":null,"thumbUrl":null,"isSponsored":false,"isUserGenerated":false,"isVerified":false,"location":{"fullAddress":"24 Rivington St, London EC2A 3DU, United Kingdom","address1":"24 Rivington St","address2":null,"address3":null,"city":"London","countryCode":null,"county":"GB","latitude":51.526013,"longitude":-0.082194,"postalCode":null,"region":null},"offersCount":0,"openNow":-1,"ratingsCount":0,"tradingName":"Society Of Designer Craftsmen"},{"id":"Google:5547393687","distance":972,"service":"Google","detailsUrl":"http://www.google.com/maps/place?source=uds&q=Charity+Shops&cid=8653162935111167186","advKey":null,"contact":{"blogUrl":null,"email":null,"facebook":null,"fax":null,"foursquare":null,"mobile":null,"phone":"020 7613 0363","twitter":null,"websiteUrl":null},"displayName":null,"photoUrl":null,"thumbUrl":null,"isSponsored":false,"isUserGenerated":false,"isVerified":false,"location":{"fullAddress":"385 Bethnal Green Road, London, Greater London E2 0AN, United Kingdom","address1":"385 Bethnal Green Road","address2":null,"address3":null,"city":"London","countryCode":null,"county":"GB","latitude":51.52701,"longitude":-0.060574,"postalCode":null,"region":"Greater London"},"offersCount":0,"openNow":-1,"ratingsCount":0,"tradingName":"Spitalfields Crypt Trust"},{"id":"Google:9001782823","distance":1370,"service":"Google","detailsUrl":"http://www.google.com/maps/place?source=uds&q=Charity+Shops&cid=17728050692141605203","advKey":null,"contact":{"blogUrl":null,"email":null,"facebook":null,"fax":null,"foursquare":null,"mobile":null,"phone":"020 7790 4039","twitter":null,"websiteUrl":null},"displayName":null,"photoUrl":null,"thumbUrl":null,"isSponsored":false,"isUserGenerated":false,"isVerified":false,"location":{"fullAddress":"30-32 Watney Market, London E1 2PR, United Kingdom","address1":"30-32 Watney Market","address2":null,"address3":null,"city":"London","countryCode":null,"county":"GB","latitude":51.513687,"longitude":-0.056795,"postalCode":null,"region":null},"offersCount":0,"openNow":-1,"ratingsCount":0,"tradingName":"Watney Market Library"}],"count":8}}