{"meta":{"code":200},"response":{"venues":[{"id":"Google:3145582205","distance":84,"service":"Google","detailsUrl":"http://www.google.com/maps/place?source=uds&q=Wine+Bars&cid=9103043061415020558","advKey":null,"contact":{"blogUrl":null,"email":null,"facebook":null,"fax":null,"foursquare":null,"mobile":null,"phone":"020 7392 9180","twitter":null,"websiteUrl":null},"displayName":null,"photoUrl":null,"thumbUrl":null,"isSponsored":false,"isUserGenerated":false,"isVerified":false,"location":{"fullAddress":"91 Brick Lane, City of London, London, Greater London E1 6QL, United Kingdom","address1":"91 Brick Lane","address2":null,"address3":null,"city":"London","countryCode":null,"county":"GB","latitude":51.521124,"longitude":-0.072519,"postalCode":null,"region":"Greater London"},"offersCount":0,"openNow":-1,"ratingsCount":0,"tradingName":"The Big Chill Bar"},{"id":"Google:7678455313","distance":261,"service":"Google","detailsUrl":"http://www.google.com/maps/place?source=uds&q=Wine+Bars&cid=18345900668756041575","advKey":null,"contact":{"blogUrl":null,"email":null,"facebook":null,"fax":null,"foursquare":null,"mobile":null,"phone":"020 7377 8455","twitter":null,"websiteUrl":null},"displayName":null,"photoUrl":null,"thumbUrl":null,"isSponsored":false,"isUserGenerated":false,"isVerified":false,"location":{"fullAddress":"142-144 Commercial Street, Shadwell, London E1 6NU, United Kingdom","address1":"142-144 Commercial Street","address2":null,"address3":null,"city":"London","countryCode":null,"county":"GB","latitude":51.521425,"longitude":-0.075539,"postalCode":null,"region":null},"offersCount":0,"openNow":-1,"ratingsCount":0,"tradingName":"The Commercial Tavern"},{"id":"Google:3313960535","distance":279,"service":"Google","detailsUrl":"http://www.google.com/maps/place?source=uds&q=Wine+Bars&cid=49194611726099527","advKey":null,"contact":{"blogUrl":null,"email":null,"facebook":null,"fax":null,"foursquare":null,"mobile":null,"phone":"020 7426 4850","twitter":null,"websiteUrl":null},"displayName":null,"photoUrl":null,"thumbUrl":null,"isSponsored":false,"isUserGenerated":false,"isVerified":false,"location":{"fullAddress":"157 Commercial Street, London, E1 6BJ, United Kingdom","address1":"157 Commercial Street","address2":null,"address3":null,"city":"London","countryCode":null,"county":"GB","latitude":51.521399,"longitude":-0.075795,"postalCode":null,"region":null},"offersCount":0,"openNow":-1,"ratingsCount":0,"tradingName":"Hawksmoor Spitalfields"},{"id":"Google:7457946806","distance":283,"service":"Google","detailsUrl":"http://www.google.com/maps/place?source=uds&q=Wine+Bars&cid=5778586350300369746","advKey":null,"contact":{"blogUrl":null,"email":null,"facebook":null,"fax":null,"foursquare":null,"mobile":null,"phone":"020 3301 8069","twitter":null,"websiteUrl":null},"displayName":null,"photoUrl":null,"thumbUrl":null,"isSponsored":false,"isUserGenerated":false,"isVerified":false,"location":{"fullAddress":"94-96 Commercial Street, London, E1 6LZ, United Kingdom","address1":"94-96 Commercial Street","address2":null,"address3":null,"city":"London","countryCode":null,"county":"GB","latitude":51.519736,"longitude":-0.074328,"postalCode":null,"region":null},"offersCount":0,"openNow":-1,"ratingsCount":0,"tradingName":"St John Bread & Wine"},{"id":"Google:7006964274","distance":302,"service":"Google","detailsUrl":"http://www.google.com/maps/place?source=uds&q=Wine+Bars&cid=5463155352207610749","advKey":null,"contact":{"blogUrl":null,"email":null,"facebook":null,"fax":null,"foursquare":null,"mobile":null,"phone":"020 7749 3540","twitter":null,"websiteUrl":null},"displayName":null,"photoUrl":null,"thumbUrl":null,"isSponsored":false,"isUserGenerated":false,"isVerified":false,"location":{"fullAddress":"19-23 Bethnal Green Road, Shoreditch, London E1 6LA, United Kingdom","address1":"19-23 Bethnal Green Road, Shoreditch","address2":null,"address3":null,"city":"London","countryCode":null,"county":"GB","latitude":51.523837,"longitude":-0.074565,"postalCode":null,"region":null},"offersCount":0,"openNow":-1,"ratingsCount":0,"tradingName":"Beach Blanket Babylon Shoreditch"},{"id":"Google:0687455255","distance":310,"service":"Google","detailsUrl":"http://www.google.com/maps/place?source=uds&q=Wine+Bars&cid=11154846506996397076","advKey":null,"contact":{"blogUrl":null,"email":null,"facebook":null,"fax":null,"foursquare":null,"mobile":null,"phone":"020 7012 1234","twitter":null,"websiteUrl":null},"displayName":null,"photoUrl":null,"thumbUrl":null,"isSponsored":false,"isUserGenerated":false,"isVerified":false,"location":{"fullAddress":"1 Whitby Street, London Borough of Tower Hamlets, E1 6JU, United Kingdom","address1":"1 Whitby Street","address2":null,"address3":null,"city":"London","countryCode":null,"county":"GB","latitude":51.523983,"longitude":-0.074446,"postalCode":null,"region":"Greater London"},"offersCount":0,"openNow":-1,"ratingsCount":0,"tradingName":"Loungelover"},{"id":"Google:0503028800","distance":320,"service":"Google","detailsUrl":"http://www.google.com/maps/place?source=uds&q=Wine+Bars&cid=7676370672892959369","advKey":null,"contact":{"blogUrl":null,"email":null,"facebook":null,"fax":null,"foursquare":null,"mobile":null,"phone":"020 7375 3168","twitter":null,"websiteUrl":null},"displayName":null,"photoUrl":null,"thumbUrl":null,"isSponsored":false,"isUserGenerated":false,"isVerified":false,"location":{"fullAddress":"Old Spitalfields Market, 107b Commercial St, London E1 6BG, United Kingdom","address1":"Old Spitalfields Market, 107b Commercial St","address2":null,"address3":null,"city":"London","countryCode":null,"county":"GB","latitude":51.519578,"longitude":-0.074866,"postalCode":null,"region":null},"offersCount":0,"openNow":-1,"ratingsCount":0,"tradingName":"Androuet"},{"id":"Google:6656549224","distance":328,"service":"Google","detailsUrl":"http://www.google.com/maps/place?source=uds&q=Wine+Bars&cid=9668330663302494500","advKey":null,"contact":{"blogUrl":null,"email":null,"facebook":null,"fax":null,"foursquare":null,"mobile":null,"phone":"020 7749 9670","twitter":null,"websiteUrl":null},"displayName":null,"photoUrl":null,"thumbUrl":null,"isSponsored":false,"isUserGenerated":false,"isVerified":false,"location":{"fullAddress":"51-55 Bethnal Green Rd, London, Greater London E1 6LA, United Kingdom","address1":"51-55 Bethnal Green Rd","address2":null,"address3":null,"city":"London","countryCode":null,"county":"GB","latitude":51.524648,"longitude":-0.072578,"postalCode":null,"region":"Greater London"},"offersCount":0,"openNow":-1,"ratingsCount":0,"tradingName":"Mason & Taylor"}],"count":8}}