{"meta":{"code":200},"response":{"venues":[{"id":"Google:1440512758","distance":972,"service":"Google","detailsUrl":"http://www.google.com/maps/place?source=uds&q=Party+Organiser&cid=8489525383294019634","advKey":null,"contact":{"blogUrl":null,"email":null,"facebook":null,"fax":null,"foursquare":null,"mobile":null,"phone":"020 7739 0201","twitter":null,"websiteUrl":null},"displayName":null,"photoUrl":null,"thumbUrl":null,"isSponsored":false,"isUserGenerated":false,"isVerified":false,"location":{"fullAddress":"9, 162A Hackney Rd, London E2 7QL, United Kingdom","address1":"9, 162A Hackney Rd","address2":null,"address3":null,"city":"London","countryCode":null,"county":"GB","latitude":51.530425,"longitude":-0.073323,"postalCode":null,"region":null},"offersCount":0,"openNow":-1,"ratingsCount":0,"tradingName":"The Dig Party Planners"},{"id":"Google:8515545486","distance":1418,"service":"Google","detailsUrl":"http://www.google.com/maps/place?source=uds&q=Party+Organiser&cid=6294673870415547994","advKey":null,"contact":{"blogUrl":null,"email":null,"facebook":null,"fax":null,"foursquare":null,"mobile":null,"phone":"020 7337 6760","twitter":null,"websiteUrl":null},"displayName":null,"photoUrl":null,"thumbUrl":null,"isSponsored":false,"isUserGenerated":false,"isVerified":false,"location":{"fullAddress":"24 Cornhill, London EC3V 3ND, United Kingdom","address1":"24 Cornhill","address2":null,"address3":null,"city":"London","countryCode":null,"county":"GB","latitude":51.513262,"longitude":-0.087104,"postalCode":null,"region":null},"offersCount":0,"openNow":-1,"ratingsCount":0,"tradingName":"Abacus Bar"},{"id":"Google:4954204716","distance":2373,"service":"Google","detailsUrl":"http://www.google.com/maps/place?source=uds&q=Party+Organiser&cid=1027674348078977304","advKey":null,"contact":{"blogUrl":null,"email":null,"facebook":null,"fax":null,"foursquare":null,"mobile":null,"phone":"020 7278 7175","twitter":null,"websiteUrl":null},"displayName":null,"photoUrl":null,"thumbUrl":null,"isSponsored":false,"isUserGenerated":false,"isVerified":false,"location":{"fullAddress":"15 Quick Street, City of London, London N1 8HL, United Kingdom","address1":"15 Quick Street","address2":null,"address3":null,"city":"London","countryCode":null,"county":"GB","latitude":51.532353,"longitude":-0.101546,"postalCode":null,"region":null},"offersCount":0,"openNow":-1,"ratingsCount":0,"tradingName":"EventAngel"},{"id":"Google:4047893443","distance":2485,"service":"Google","detailsUrl":"http://www.google.com/maps/place?source=uds&q=Party+Organiser&cid=6553230288411636034","advKey":null,"contact":{"blogUrl":null,"email":null,"facebook":null,"fax":null,"foursquare":null,"mobile":null,"phone":"020 7940 6050","twitter":null,"websiteUrl":null},"displayName":null,"photoUrl":null,"thumbUrl":null,"isSponsored":false,"isUserGenerated":false,"isVerified":false,"location":{"fullAddress":"Axe Bottle Court, Newcomen Street, City of London, Greater London SE1 1YT, United Kingdom","address1":"Axe Bottle Court, Newcomen Street","address2":null,"address3":null,"city":"City of London","countryCode":null,"county":"GB","latitude":51.502986,"longitude":-0.091338,"postalCode":null,"region":"Greater London"},"offersCount":0,"openNow":-1,"ratingsCount":0,"tradingName":"The Ultimate Experience"},{"id":"Google:3938343932","distance":2728,"service":"Google","detailsUrl":"http://www.google.com/maps/place?source=uds&q=Party+Organiser&cid=4081551365690432362","advKey":null,"contact":{"blogUrl":null,"email":null,"facebook":null,"fax":null,"foursquare":null,"mobile":null,"phone":"020 3063 9015","twitter":null,"websiteUrl":null},"displayName":null,"photoUrl":null,"thumbUrl":null,"isSponsored":false,"isUserGenerated":false,"isVerified":false,"location":{"fullAddress":"12-16 Laystall St, London EC1R 4PF, United Kingdom","address1":"12-16 Laystall St","address2":null,"address3":null,"city":"London","countryCode":null,"county":"GB","latitude":51.522358,"longitude":-0.111211,"postalCode":null,"region":null},"offersCount":0,"openNow":-1,"ratingsCount":0,"tradingName":"Costello Events"},{"id":"Google:5444142014","distance":3476,"service":"Google","detailsUrl":"http://www.google.com/maps/place?source=uds&q=Party+Organiser&cid=6720920732905554539","advKey":null,"contact":{"blogUrl":null,"email":null,"facebook":null,"fax":null,"foursquare":null,"mobile":null,"phone":"020 7404 4232","twitter":null,"websiteUrl":null},"displayName":null,"photoUrl":null,"thumbUrl":null,"isSponsored":false,"isUserGenerated":false,"isVerified":false,"location":{"fullAddress":"61-63 Great Queen Street, London WC2B 5DA, United Kingdom","address1":"61-63 Great Queen Street","address2":null,"address3":null,"city":"London","countryCode":null,"county":"GB","latitude":51.515453,"longitude":-0.121009,"postalCode":null,"region":null},"offersCount":0,"openNow":-1,"ratingsCount":0,"tradingName":"West End Events"},{"id":"Google:3000257735","distance":4565,"service":"Google","detailsUrl":"http://www.google.com/maps/place?source=uds&q=Party+Organiser&cid=12223211504477850688","advKey":null,"contact":{"blogUrl":null,"email":null,"facebook":null,"fax":null,"foursquare":null,"mobile":null,"phone":"020 7851 1259","twitter":null,"websiteUrl":null},"displayName":null,"photoUrl":null,"thumbUrl":null,"isSponsored":false,"isUserGenerated":false,"isVerified":false,"location":{"fullAddress":"79 Wells Street, London, Greater London W1T 3QN, United Kingdom","address1":"79 Wells Street","address2":null,"address3":null,"city":"London","countryCode":null,"county":"GB","latitude":51.516274,"longitude":-0.137189,"postalCode":null,"region":"Greater London"},"offersCount":0,"openNow":-1,"ratingsCount":0,"tradingName":"Chillisauce Ltd"},{"id":"Google:1250180582","distance":4780,"service":"Google","detailsUrl":"http://www.google.com/maps/place?source=uds&q=Party+Organiser&cid=16027616391485115683","advKey":null,"contact":{"blogUrl":null,"email":null,"facebook":null,"fax":null,"foursquare":null,"mobile":null,"phone":"07979 222824","twitter":null,"websiteUrl":null},"displayName":null,"photoUrl":null,"thumbUrl":null,"isSponsored":false,"isUserGenerated":false,"isVerified":false,"location":{"fullAddress":"131 Great Titchfield Street, City of Westminster, W1W 5BB, United Kingdom","address1":"131 Great Titchfield Street","address2":null,"address3":null,"city":"London","countryCode":null,"county":"GB","latitude":51.518362,"longitude":-0.140665,"postalCode":null,"region":"Greater London"},"offersCount":0,"openNow":-1,"ratingsCount":0,"tradingName":"Crimson Edge Events"}],"count":8}}