{"meta":{"code":200},"response":{"venues":[{"id":"9796286917","distance":9815,"service":"NearMe","detailsUrl":"http://www.getnearme.com/venue/showMobileDetails?publicId=9796286917","advKey":"Dry Cleaners","contact":{"blogUrl":null,"email":null,"facebook":null,"fax":null,"foursquare":null,"mobile":null,"phone":"020 8699 4816","twitter":null,"websiteUrl":null},"displayName":"PerryCleaners","photoUrl":"http://www.getnearme.com/data/merchants/2012/05/perrycleaners/perrycleaners/10647780_640x480.jpg","thumbUrl":"http://www.getnearme.com/data/merchants/2012/05/perrycleaners/perrycleaners/10647780_72x54.jpg","isSponsored":false,"isUserGenerated":false,"isVerified":false,"location":{"fullAddress":"174 Perry Vale, Forest Hill, SE23 2LR London, United Kingdom","address1":"174 Perry Vale","address2":"Forest Hill","address3":null,"city":"London","countryCode":"GB","county":null,"latitude":51.4351879,"longitude":-0.0439043,"postalCode":"SE23 2LR","region":null},"offersCount":0,"openNow":1,"ratingsCount":0,"tradingName":"Perry Cleaners"}],"count":1}}