{"meta":{"code":200},"response":{"venues":[{"id":"9065","distance":1194,"service":"NearMe","detailsUrl":null,"advKey":"81cdc7fcb73247a9907654d5a003c63a","contact":{"blogUrl":null,"email":null,"facebook":null,"fax":null,"foursquare":null,"mobile":null,"phone":"0844561000","twitter":null,"websiteUrl":"http://www.currys.co.uk"},"displayName":"currys_pcworld_9065","photoUrl":"http://www.getnearme.com/data/merchants/2012/04/currys/currys_pcworld_9065/jUTleAuuY9_640x480.png","thumbUrl":"http://www.getnearme.com/data/merchants/2012/04/currys/currys_pcworld_9065/jUTleAuuY9_72x54.png","isSponsored":false,"isUserGenerated":false,"isVerified":false,"location":{"fullAddress":"Longbow House, 14-20 Chiswell Street, EC1Y 4TW London, United Kingdom","address1":"Longbow House, 14-20 Chiswell Street","address2":null,"address3":null,"city":"London","countryCode":"GB","county":null,"latitude":51.5207632,"longitude":-0.0889874,"postalCode":"EC1Y 4TW","region":null},"offersCount":0,"openNow":-1,"ratingsCount":0,"tradingName":"Currys - PC World"},{"id":"9009","distance":1199,"service":"NearMe","detailsUrl":null,"advKey":"81cdc7fcb73247a9907654d5a003c63a","contact":{"blogUrl":null,"email":null,"facebook":null,"fax":null,"foursquare":null,"mobile":null,"phone":"0844561000","twitter":null,"websiteUrl":"http://www.currys.co.uk"},"displayName":"currys_9009","photoUrl":"http://www.getnearme.com/data/merchants/2012/04/currys/currys_9009/eXSRg2wSJq_640x480.png","thumbUrl":"http://www.getnearme.com/data/merchants/2012/04/currys/currys_9009/eXSRg2wSJq_72x54.png","isSponsored":false,"isUserGenerated":false,"isVerified":false,"location":{"fullAddress":"14-17 Old Broad Street, City of London, EC2N 1DW London, United Kingdom","address1":"14-17 Old Broad Street, City of London","address2":null,"address3":null,"city":"London","countryCode":"GB","county":null,"latitude":51.5149485,"longitude":-0.0852618,"postalCode":"EC2N 1DW","region":null},"offersCount":0,"openNow":-1,"ratingsCount":0,"tradingName":"Currys"},{"id":"9296","distance":1346,"service":"NearMe","detailsUrl":null,"advKey":"81cdc7fcb73247a9907654d5a003c63a","contact":{"blogUrl":null,"email":null,"facebook":null,"fax":null,"foursquare":null,"mobile":null,"phone":"0844561000","twitter":null,"websiteUrl":"http://www.currys.co.uk"},"displayName":"currys_pcworld_9296","photoUrl":"http://www.getnearme.com/data/merchants/2012/04/currys/currys_pcworld_9296/7ikT6031dF_640x480.png","thumbUrl":"http://www.getnearme.com/data/merchants/2012/04/currys/currys_pcworld_9296/7ikT6031dF_72x54.png","isSponsored":false,"isUserGenerated":false,"isVerified":false,"location":{"fullAddress":"Unit 3  Anchor House, 125 Mile End Road, E1 4UJ London, United Kingdom","address1":"Unit 3  Anchor House, 125 Mile End Road","address2":null,"address3":null,"city":"London","countryCode":"GB","county":null,"latitude":51.5096811,"longitude":-0.0699724,"postalCode":"E1 4UJ","region":null},"offersCount":0,"openNow":-1,"ratingsCount":0,"tradingName":"Currys - PC World"},{"id":"8951","distance":2732,"service":"NearMe","detailsUrl":null,"advKey":"81cdc7fcb73247a9907654d5a003c63a","contact":{"blogUrl":null,"email":null,"facebook":null,"fax":null,"foursquare":null,"mobile":null,"phone":"0844561000","twitter":null,"websiteUrl":"http://www.currys.co.uk"},"displayName":"currys_8951","photoUrl":"http://www.getnearme.com/data/merchants/2012/04/currys/currys_8951/ogoeACgU7k_640x480.png","thumbUrl":"http://www.getnearme.com/data/merchants/2012/04/currys/currys_8951/ogoeACgU7k_72x54.png","isSponsored":false,"isUserGenerated":false,"isVerified":false,"location":{"fullAddress":"123 Holborn, Holborn, EC1N 2TD London, United Kingdom","address1":"123 Holborn, Holborn","address2":null,"address3":null,"city":"London","countryCode":"GB","county":null,"latitude":51.5179177,"longitude":-0.1108039,"postalCode":"EC1N 2TD","region":null},"offersCount":0,"openNow":-1,"ratingsCount":0,"tradingName":"Currys"},{"id":"8980","distance":3532,"service":"NearMe","detailsUrl":null,"advKey":"81cdc7fcb73247a9907654d5a003c63a","contact":{"blogUrl":null,"email":null,"facebook":null,"fax":null,"foursquare":null,"mobile":null,"phone":"0844561000","twitter":null,"websiteUrl":"http://www.currys.co.uk"},"displayName":"currys_8980","photoUrl":"http://www.getnearme.com/data/merchants/2012/04/currys/currys_8980/Ad7nUZOOOP_640x480.png","thumbUrl":"http://www.getnearme.com/data/merchants/2012/04/currys/currys_8980/Ad7nUZOOOP_72x54.png","isSponsored":false,"isUserGenerated":false,"isVerified":false,"location":{"fullAddress":"Units 1&2, 39-41 Surrey Quays Shopping Centre, SE16 7LL London, United Kingdom","address1":"Units 1&2, 39-41 Surrey Quays Shopping Centre","address2":null,"address3":null,"city":"London","countryCode":"GB","county":null,"latitude":51.4959866,"longitude":-0.0418975,"postalCode":"SE16 7LL","region":null},"offersCount":0,"openNow":-1,"ratingsCount":0,"tradingName":"Currys"},{"id":"9001","distance":3927,"service":"NearMe","detailsUrl":null,"advKey":"81cdc7fcb73247a9907654d5a003c63a","contact":{"blogUrl":null,"email":null,"facebook":null,"fax":null,"foursquare":null,"mobile":null,"phone":"0844561000","twitter":null,"websiteUrl":"http://www.currys.co.uk"},"displayName":"currys_pcworld_9001","photoUrl":"http://www.getnearme.com/data/merchants/2012/04/currys/currys_pcworld_9001/3Em0bY7pvB_640x480.png","thumbUrl":"http://www.getnearme.com/data/merchants/2012/04/currys/currys_pcworld_9001/3Em0bY7pvB_72x54.png","isSponsored":false,"isUserGenerated":false,"isVerified":false,"location":{"fullAddress":"Unit RP200, 15 Cabot Square, E14 5AB London, United Kingdom","address1":"Unit RP200, 15 Cabot Square","address2":null,"address3":null,"city":"London","countryCode":"GB","county":null,"latitude":51.5051802,"longitude":-0.0216597,"postalCode":"E14 5AB","region":null},"offersCount":0,"openNow":-1,"ratingsCount":0,"tradingName":"Currys - PC World"},{"id":"9379","distance":4259,"service":"NearMe","detailsUrl":null,"advKey":"81cdc7fcb73247a9907654d5a003c63a","contact":{"blogUrl":null,"email":null,"facebook":null,"fax":null,"foursquare":null,"mobile":null,"phone":"0844561000","twitter":null,"websiteUrl":"http://www.currys.co.uk"},"displayName":"currys_pcworld_9379","photoUrl":"http://www.getnearme.com/data/merchants/2012/04/currys/currys_pcworld_9379/0lJYUHVgCR_640x480.png","thumbUrl":"http://www.getnearme.com/data/merchants/2012/04/currys/currys_pcworld_9379/0lJYUHVgCR_72x54.png","isSponsored":false,"isUserGenerated":false,"isVerified":false,"location":{"fullAddress":"585-589 Old Kent Road, SE15 1LA London, United Kingdom","address1":"585-589 Old Kent Road","address2":null,"address3":null,"city":"London","countryCode":"GB","county":null,"latitude":51.4836634,"longitude":-0.0649355,"postalCode":"SE15 1LA","region":null},"offersCount":0,"openNow":-1,"ratingsCount":0,"tradingName":"Currys - PC World"},{"id":"8919","distance":4376,"service":"NearMe","detailsUrl":null,"advKey":"81cdc7fcb73247a9907654d5a003c63a","contact":{"blogUrl":null,"email":null,"facebook":null,"fax":null,"foursquare":null,"mobile":null,"phone":"0844561000","twitter":null,"websiteUrl":"http://www.currys.co.uk"},"displayName":"currys_pcworld_8919","photoUrl":"http://www.getnearme.com/data/merchants/2012/04/currys/currys_pcworld_8919/VjNv6kPP5w_640x480.png","thumbUrl":"http://www.getnearme.com/data/merchants/2012/04/currys/currys_pcworld_8919/VjNv6kPP5w_72x54.png","isSponsored":false,"isUserGenerated":false,"isVerified":false,"location":{"fullAddress":"88 Oxford Street, W1D 1BX London, United Kingdom","address1":"88 Oxford Street","address2":null,"address3":null,"city":"London","countryCode":"GB","county":null,"latitude":51.5161665,"longitude":-0.1343981,"postalCode":"W1D 1BX","region":null},"offersCount":0,"openNow":-1,"ratingsCount":0,"tradingName":"Currys - PC World"},{"id":"9374","distance":4533,"service":"NearMe","detailsUrl":null,"advKey":"81cdc7fcb73247a9907654d5a003c63a","contact":{"blogUrl":null,"email":null,"facebook":null,"fax":null,"foursquare":null,"mobile":null,"phone":"0844561000","twitter":null,"websiteUrl":"http://www.currys.co.uk"},"displayName":"currys_pcworld_9374","photoUrl":"http://www.getnearme.com/data/merchants/2012/04/currys/currys_pcworld_9374/XnLgFn9uFs_640x480.png","thumbUrl":"http://www.getnearme.com/data/merchants/2012/04/currys/currys_pcworld_9374/XnLgFn9uFs_72x54.png","isSponsored":false,"isUserGenerated":false,"isVerified":false,"location":{"fullAddress":" 145 147 & 149 Tottenham Court Road, W1T 7NE London, United Kingdom","address1":" 145 147 & 149 Tottenham Court Road","address2":null,"address3":null,"city":"London","countryCode":"GB","county":null,"latitude":51.5241041,"longitude":-0.1372021,"postalCode":"W1T 7NE","region":null},"offersCount":0,"openNow":-1,"ratingsCount":0,"tradingName":"Currys - PC World"},{"id":"8948","distance":5013,"service":"NearMe","detailsUrl":null,"advKey":"81cdc7fcb73247a9907654d5a003c63a","contact":{"blogUrl":null,"email":null,"facebook":null,"fax":null,"foursquare":null,"mobile":null,"phone":"0844561000","twitter":null,"websiteUrl":"http://www.currys.co.uk"},"displayName":"currys_8948","photoUrl":"http://www.getnearme.com/data/merchants/2012/04/currys/currys_8948/jr37kIfZEj_640x480.png","thumbUrl":"http://www.getnearme.com/data/merchants/2012/04/currys/currys_8948/jr37kIfZEj_72x54.png","isSponsored":false,"isUserGenerated":false,"isVerified":false,"location":{"fullAddress":"159 Victoria Street, Victoria, SW1E 5NA London, United Kingdom","address1":"159 Victoria Street, Victoria","address2":null,"address3":null,"city":"London","countryCode":"GB","county":null,"latitude":51.4979413,"longitude":-0.1333169,"postalCode":"SW1E 5NA","region":null},"offersCount":0,"openNow":-1,"ratingsCount":0,"tradingName":"Currys"}],"count":10}}