{"meta":{"code":200},"response":{"venues":[{"id":"Google:9133310217","distance":34,"service":"Google","detailsUrl":"http://www.google.com/maps/place?source=uds&q=Attractions&cid=7168761873574960100","advKey":null,"contact":{"blogUrl":null,"email":null,"facebook":null,"fax":null,"foursquare":null,"mobile":null,"phone":"020 7770 6006","twitter":null,"websiteUrl":null},"displayName":null,"photoUrl":null,"thumbUrl":null,"isSponsored":false,"isUserGenerated":false,"isVerified":false,"location":{"fullAddress":"150 Brick Lane, London, Greater London E1 6QL, United Kingdom","address1":"150 Brick Lane","address2":null,"address3":null,"city":"London","countryCode":null,"county":"GB","latitude":51.521432,"longitude":-0.071684,"postalCode":null,"region":"Greater London"},"offersCount":0,"openNow":-1,"ratingsCount":0,"tradingName":"93 Feet East"},{"id":"Google:1859048010","distance":94,"service":"Google","detailsUrl":"http://www.google.com/maps/place?source=uds&q=Attractions&cid=17481256202014812904","advKey":null,"contact":{"blogUrl":null,"email":null,"facebook":null,"fax":null,"foursquare":null,"mobile":null,"phone":"020 7247 2684","twitter":null,"websiteUrl":null},"displayName":null,"photoUrl":null,"thumbUrl":null,"isSponsored":false,"isUserGenerated":false,"isVerified":false,"location":{"fullAddress":"91 Brick Lane, City of London, E1 6QL, United Kingdom","address1":"91 Brick Lane","address2":null,"address3":null,"city":null,"countryCode":null,"county":"GB","latitude":51.521278,"longitude":-0.072945,"postalCode":null,"region":null},"offersCount":0,"openNow":-1,"ratingsCount":0,"tradingName":"Stolen Space"},{"id":"Google:4538639797","distance":197,"service":"Google","detailsUrl":"http://www.google.com/maps/place?source=uds&q=Attractions&cid=7870087516635574722","advKey":null,"contact":{"blogUrl":null,"email":null,"facebook":null,"fax":null,"foursquare":null,"mobile":null,"phone":null,"twitter":null,"websiteUrl":null},"displayName":null,"photoUrl":null,"thumbUrl":null,"isSponsored":false,"isUserGenerated":false,"isVerified":false,"location":{"fullAddress":"Bacon Street, London E2 6DY, United Kingdom","address1":"Bacon Street","address2":null,"address3":null,"city":"London","countryCode":null,"county":"GB","latitude":51.5235,"longitude":-0.0715,"postalCode":null,"region":null},"offersCount":0,"openNow":-1,"ratingsCount":0,"tradingName":"Brick Lane Market"},{"id":"Google:3035792668","distance":214,"service":"Google","detailsUrl":"http://www.google.com/maps/place?source=uds&q=Attractions&cid=5876282641732795320","advKey":null,"contact":{"blogUrl":null,"email":null,"facebook":null,"fax":null,"foursquare":null,"mobile":null,"phone":"020 7247 5352","twitter":null,"websiteUrl":null},"displayName":null,"photoUrl":null,"thumbUrl":null,"isSponsored":false,"isUserGenerated":false,"isVerified":false,"location":{"fullAddress":"19 Princelet Street, London, Greater London E1 6QH, United Kingdom","address1":"19 Princelet Street","address2":null,"address3":null,"city":"London","countryCode":null,"county":"GB","latitude":51.519861,"longitude":-0.072507,"postalCode":null,"region":"Greater London"},"offersCount":0,"openNow":-1,"ratingsCount":0,"tradingName":"The Museum of Immigration and Diversity at 19 Princelet Street"},{"id":"Google:9273086289","distance":242,"service":"Google","detailsUrl":"http://www.google.com/maps/place?source=uds&q=Attractions&cid=10117610254088630752","advKey":null,"contact":{"blogUrl":null,"email":null,"facebook":null,"fax":null,"foursquare":null,"mobile":null,"phone":"020 7729 9721","twitter":null,"websiteUrl":null},"displayName":null,"photoUrl":null,"thumbUrl":null,"isSponsored":false,"isUserGenerated":false,"isVerified":false,"location":{"fullAddress":"196 Brick Lane, London, UK E1 6SA, United Kingdom","address1":"196 Brick Lane","address2":null,"address3":null,"city":"London","countryCode":null,"county":"GB","latitude":51.523905,"longitude":-0.071422,"postalCode":null,"region":"UK"},"offersCount":0,"openNow":-1,"ratingsCount":0,"tradingName":"The Brick Lane Gallery"},{"id":"Google:4465858079","distance":300,"service":"Google","detailsUrl":"http://www.google.com/maps/place?source=uds&q=Attractions&cid=6441534515606229794","advKey":null,"contact":{"blogUrl":null,"email":null,"facebook":null,"fax":null,"foursquare":null,"mobile":null,"phone":"020 7377 1496","twitter":null,"websiteUrl":null},"displayName":null,"photoUrl":null,"thumbUrl":null,"isSponsored":false,"isUserGenerated":false,"isVerified":false,"location":{"fullAddress":"Brushfield Street, London, Greater London E1 6AA, United Kingdom","address1":"Brushfield Street","address2":null,"address3":null,"city":"London","countryCode":null,"county":"GB","latitude":51.51989,"longitude":-0.074966,"postalCode":null,"region":"Greater London"},"offersCount":0,"openNow":-1,"ratingsCount":0,"tradingName":"The Spitalfields Market"},{"id":"Google:7934707233","distance":392,"service":"Google","detailsUrl":"http://www.google.com/maps/place?source=uds&q=Attractions&cid=16940303475750639336","advKey":null,"contact":{"blogUrl":null,"email":null,"facebook":null,"fax":null,"foursquare":null,"mobile":null,"phone":"020 7247 4013","twitter":null,"websiteUrl":null},"displayName":null,"photoUrl":null,"thumbUrl":null,"isSponsored":false,"isUserGenerated":false,"isVerified":false,"location":{"fullAddress":"18 Folgate Street, London, Greater London E1 6BX, United Kingdom","address1":"18 Folgate Street","address2":null,"address3":null,"city":"London","countryCode":null,"county":"GB","latitude":51.521011,"longitude":-0.077343,"postalCode":null,"region":"Greater London"},"offersCount":0,"openNow":-1,"ratingsCount":0,"tradingName":"Dennis Severs' House"},{"id":"Google:5931190000","distance":643,"service":"Google","detailsUrl":"http://www.google.com/maps/place?source=uds&q=Attractions&cid=6290977193849409462","advKey":null,"contact":{"blogUrl":null,"email":null,"facebook":null,"fax":null,"foursquare":null,"mobile":null,"phone":"020 7377 8963","twitter":null,"websiteUrl":null},"displayName":null,"photoUrl":null,"thumbUrl":null,"isSponsored":false,"isUserGenerated":false,"isVerified":false,"location":{"fullAddress":"Middlesex Street, London E1, United Kingdom","address1":"Middlesex Street, London E1","address2":null,"address3":null,"city":null,"countryCode":null,"county":"GB","latitude":51.516879,"longitude":-0.076845,"postalCode":null,"region":null},"offersCount":0,"openNow":-1,"ratingsCount":0,"tradingName":"Petticoat Lane Market"}],"count":8}}