{"meta":{"code":200},"response":{"venues":[{"id":"Google:3069237083","distance":1196,"service":"Google","detailsUrl":"http://www.google.com/maps/place?source=uds&q=Fish+shops&cid=13884911202533343717","advKey":null,"contact":{"blogUrl":null,"email":null,"facebook":null,"fax":null,"foursquare":null,"mobile":null,"phone":"020 7790 3254","twitter":null,"websiteUrl":null},"displayName":null,"photoUrl":null,"thumbUrl":null,"isSponsored":false,"isUserGenerated":false,"isVerified":false,"location":{"fullAddress":"86 Cambridge Heath Road, Stepney, London E1 5QJ, United Kingdom","address1":"86 Cambridge Heath Road","address2":null,"address3":null,"city":"London","countryCode":null,"county":"GB","latitude":51.523609,"longitude":-0.054758,"postalCode":null,"region":null},"offersCount":0,"openNow":-1,"ratingsCount":0,"tradingName":"Fish Plaice"},{"id":"Google:8351952210","distance":1421,"service":"Google","detailsUrl":"http://www.google.com/maps/place?source=uds&q=Fish+shops&cid=6220949793647540071","advKey":null,"contact":{"blogUrl":null,"email":null,"facebook":null,"fax":null,"foursquare":null,"mobile":null,"phone":"020 7729 7017","twitter":null,"websiteUrl":null},"displayName":null,"photoUrl":null,"thumbUrl":null,"isSponsored":false,"isUserGenerated":false,"isVerified":false,"location":{"fullAddress":"202 Kingsland Road, Bethnal Green, London E2 8EB, United Kingdom","address1":"202 Kingsland Road","address2":null,"address3":null,"city":"London","countryCode":null,"county":"GB","latitude":51.534112,"longitude":-0.076926,"postalCode":null,"region":null},"offersCount":0,"openNow":-1,"ratingsCount":0,"tradingName":"Shoreditch Chicken Cod"},{"id":"Google:8127236371","distance":3735,"service":"Google","detailsUrl":"http://www.google.com/maps/place?source=uds&q=Fish+shops&cid=9691996252029080594","advKey":null,"contact":{"blogUrl":null,"email":null,"facebook":null,"fax":null,"foursquare":null,"mobile":null,"phone":"020 7237 7321","twitter":null,"websiteUrl":null},"displayName":null,"photoUrl":null,"thumbUrl":null,"isSponsored":false,"isUserGenerated":false,"isVerified":false,"location":{"fullAddress":"168 Lower Road, London, Greater London SE16 2UN, United Kingdom","address1":"168 Lower Road","address2":null,"address3":null,"city":"London","countryCode":null,"county":"GB","latitude":51.492289,"longitude":-0.045816,"postalCode":null,"region":"Greater London"},"offersCount":0,"openNow":-1,"ratingsCount":0,"tradingName":"Angelo's Fish Bar"},{"id":"Google:3187655996","distance":3845,"service":"Google","detailsUrl":"http://www.google.com/maps/place?source=uds&q=Fish+shops&cid=14691077183990765543","advKey":null,"contact":{"blogUrl":null,"email":null,"facebook":null,"fax":null,"foursquare":null,"mobile":null,"phone":"020 7537 1323","twitter":null,"websiteUrl":null},"displayName":null,"photoUrl":null,"thumbUrl":null,"isSponsored":false,"isUserGenerated":false,"isVerified":false,"location":{"fullAddress":"6 The Quarterdeck, London E14 8SJ, United Kingdom","address1":"6 The Quarterdeck","address2":null,"address3":null,"city":"London","countryCode":null,"county":"GB","latitude":51.507514,"longitude":-0.021136,"postalCode":null,"region":null},"offersCount":0,"openNow":-1,"ratingsCount":0,"tradingName":"Britannia Fish Bar"},{"id":"Google:5589721616","distance":4339,"service":"Google","detailsUrl":"http://www.google.com/maps/place?source=uds&q=Fish+shops&cid=6554018262158482587","advKey":null,"contact":{"blogUrl":null,"email":null,"facebook":null,"fax":null,"foursquare":null,"mobile":null,"phone":"020 8533 2464","twitter":null,"websiteUrl":null},"displayName":null,"photoUrl":null,"thumbUrl":null,"isSponsored":false,"isUserGenerated":false,"isVerified":false,"location":{"fullAddress":"10 Gilpin Road, Lower Clapton, London E5 0HL, United Kingdom","address1":"10 Gilpin Road","address2":null,"address3":null,"city":"London","countryCode":null,"county":"GB","latitude":51.555124,"longitude":-0.039304,"postalCode":null,"region":null},"offersCount":0,"openNow":-1,"ratingsCount":0,"tradingName":"Ocean Blue"},{"id":"Google:7890967780","distance":4748,"service":"Google","detailsUrl":"http://www.google.com/maps/place?source=uds&q=Fish+shops&cid=13942898384311661197","advKey":null,"contact":{"blogUrl":null,"email":null,"facebook":null,"fax":null,"foursquare":null,"mobile":null,"phone":"020 8815 4456","twitter":null,"websiteUrl":null},"displayName":null,"photoUrl":null,"thumbUrl":null,"isSponsored":false,"isUserGenerated":false,"isVerified":false,"location":{"fullAddress":"91A Upper Clapton Road, London, Greater London E5 9BX, United Kingdom","address1":"91A Upper Clapton Road","address2":null,"address3":null,"city":"London","countryCode":null,"county":"GB","latitude":51.563691,"longitude":-0.059013,"postalCode":null,"region":"Greater London"},"offersCount":0,"openNow":-1,"ratingsCount":0,"tradingName":"Fishermans Inn Ltd"},{"id":"Google:3229112413","distance":4960,"service":"Google","detailsUrl":"http://www.google.com/maps/place?source=uds&q=Fish+shops&cid=5120469257405903873","advKey":null,"contact":{"blogUrl":null,"email":null,"facebook":null,"fax":null,"foursquare":null,"mobile":null,"phone":"020 8694 8255","twitter":null,"websiteUrl":null},"displayName":null,"photoUrl":null,"thumbUrl":null,"isSponsored":false,"isUserGenerated":false,"isVerified":false,"location":{"fullAddress":"206 Evelyn Street, London, Greater London SE8 5BZ, United Kingdom","address1":"206 Evelyn Street","address2":null,"address3":null,"city":"London","countryCode":null,"county":"GB","latitude":51.484264,"longitude":-0.032887,"postalCode":null,"region":"Greater London"},"offersCount":0,"openNow":-1,"ratingsCount":0,"tradingName":"Welcome Inn"},{"id":"Google:0955375308","distance":6234,"service":"Google","detailsUrl":"http://www.google.com/maps/place?source=uds&q=Fish+shops&cid=14693332486757967879","advKey":null,"contact":{"blogUrl":null,"email":null,"facebook":null,"fax":null,"foursquare":null,"mobile":null,"phone":"020 7732 8048","twitter":null,"websiteUrl":null},"displayName":null,"photoUrl":null,"thumbUrl":null,"isSponsored":false,"isUserGenerated":false,"isVerified":false,"location":{"fullAddress":"50 Gibbon Road, London, Greater London SE15 3XE, United Kingdom","address1":"50 Gibbon Road","address2":null,"address3":null,"city":"London","countryCode":null,"county":"GB","latitude":51.467109,"longitude":-0.051509,"postalCode":null,"region":"Greater London"},"offersCount":0,"openNow":-1,"ratingsCount":0,"tradingName":"Silver Fish Bar"}],"count":8}}