{"meta":{"code":200},"response":{"venues":[{"id":"Google:7490580195","distance":1320,"service":"Google","detailsUrl":"http://www.google.com/maps/place?source=uds&q=Hostels+B%26B&cid=3145300958428635400","advKey":null,"contact":{"blogUrl":null,"email":null,"facebook":null,"fax":null,"foursquare":null,"mobile":null,"phone":"020 7613 6501","twitter":null,"websiteUrl":null},"displayName":null,"photoUrl":null,"thumbUrl":null,"isSponsored":false,"isUserGenerated":false,"isVerified":false,"location":{"fullAddress":"419-437 Hackney Road, London, E2 8PP, United Kingdom","address1":"419-437 Hackney Road","address2":null,"address3":null,"city":"London","countryCode":null,"county":"GB","latitude":51.531899,"longitude":-0.061924,"postalCode":null,"region":null},"offersCount":0,"openNow":-1,"ratingsCount":0,"tradingName":"The RE Hotel London Shoreditch"},{"id":"Google:7884034355","distance":4604,"service":"Google","detailsUrl":"http://www.google.com/maps/place?source=uds&q=Hostels+B%26B&cid=12029376168097155737","advKey":null,"contact":{"blogUrl":null,"email":null,"facebook":null,"fax":null,"foursquare":null,"mobile":null,"phone":"020 7107 5905","twitter":null,"websiteUrl":null},"displayName":null,"photoUrl":null,"thumbUrl":null,"isSponsored":false,"isUserGenerated":false,"isVerified":false,"location":{"fullAddress":"18-24 Fitzroy Street, London, Greater London W1T 4BN, United Kingdom","address1":"18-24 Fitzroy Street","address2":null,"address3":null,"city":"London","countryCode":null,"county":"GB","latitude":51.522129,"longitude":-0.138333,"postalCode":null,"region":"Greater London"},"offersCount":0,"openNow":-1,"ratingsCount":0,"tradingName":"Carr-Saunders Hall Student Residence"},{"id":"Google:8799554830","distance":5393,"service":"Google","detailsUrl":"http://www.google.com/maps/place?source=uds&q=Hostels+B%26B&cid=5377432020964738356","advKey":null,"contact":{"blogUrl":null,"email":null,"facebook":null,"fax":null,"foursquare":null,"mobile":null,"phone":"020 7834 4740","twitter":null,"websiteUrl":null},"displayName":null,"photoUrl":null,"thumbUrl":null,"isSponsored":false,"isUserGenerated":false,"isVerified":false,"location":{"fullAddress":"71 Vincent Square, City of Westminster, SW1P 2PA, United Kingdom","address1":"71 Vincent Square","address2":null,"address3":null,"city":"London","countryCode":null,"county":"GB","latitude":51.494341,"longitude":-0.136105,"postalCode":null,"region":"Greater London"},"offersCount":0,"openNow":-1,"ratingsCount":0,"tradingName":"Grange Rochester Hotel"},{"id":"Google:9946938069","distance":5922,"service":"Google","detailsUrl":"http://www.google.com/maps/place?source=uds&q=Hostels+B%26B&cid=1559926619825451455","advKey":null,"contact":{"blogUrl":null,"email":null,"facebook":null,"fax":null,"foursquare":null,"mobile":null,"phone":"020 7828 8603","twitter":null,"websiteUrl":null},"displayName":null,"photoUrl":null,"thumbUrl":null,"isSponsored":false,"isUserGenerated":false,"isVerified":false,"location":{"fullAddress":"Blair Victoria Hotel, 78-82 Warwick Way, London SW1V 1QR, United Kingdom","address1":"Blair Victoria Hotel, 78-82 Warwick Way","address2":null,"address3":null,"city":"London","countryCode":null,"county":"GB","latitude":51.491614,"longitude":-0.142366,"postalCode":null,"region":null},"offersCount":0,"openNow":-1,"ratingsCount":0,"tradingName":"Tudor Inn Hotel Victoria"},{"id":"Google:9807032759","distance":6152,"service":"Google","detailsUrl":"http://www.google.com/maps/place?source=uds&q=Hostels+B%26B&cid=14353213730364465366","advKey":null,"contact":{"blogUrl":null,"email":null,"facebook":null,"fax":null,"foursquare":null,"mobile":null,"phone":"020 7259 8591","twitter":null,"websiteUrl":null},"displayName":null,"photoUrl":null,"thumbUrl":null,"isSponsored":false,"isUserGenerated":false,"isVerified":false,"location":{"fullAddress":"64-66 Ebury Street, London, Greater London SW1W 9QD, United Kingdom","address1":"64-66 Ebury Street","address2":null,"address3":null,"city":"London","countryCode":null,"county":"GB","latitude":51.494439,"longitude":-0.149107,"postalCode":null,"region":"Greater London"},"offersCount":0,"openNow":-1,"ratingsCount":0,"tradingName":"B+B Belgravia"},{"id":"Google:4721663786","distance":6305,"service":"Google","detailsUrl":"http://www.google.com/maps/place?source=uds&q=Hostels+B%26B&cid=13039085380798133360","advKey":null,"contact":{"blogUrl":null,"email":null,"facebook":null,"fax":null,"foursquare":null,"mobile":null,"phone":"020 7259 0060","twitter":null,"websiteUrl":null},"displayName":null,"photoUrl":null,"thumbUrl":null,"isSponsored":false,"isUserGenerated":false,"isVerified":false,"location":{"fullAddress":"118, Ebury Street, Belgravia, London SW1W 9QQ, United Kingdom","address1":"118, Ebury Street, Belgravia","address2":null,"address3":null,"city":"London","countryCode":null,"county":"GB","latitude":51.493195,"longitude":-0.150508,"postalCode":null,"region":null},"offersCount":0,"openNow":-1,"ratingsCount":0,"tradingName":"The Belgravia Hotel"},{"id":"Google:9145662218","distance":10171,"service":"Google","detailsUrl":"http://www.google.com/maps/place?source=uds&q=Hostels+B%26B&cid=11997037748339078633","advKey":null,"contact":{"blogUrl":null,"email":null,"facebook":null,"fax":null,"foursquare":null,"mobile":null,"phone":"020 7602 1021","twitter":null,"websiteUrl":null},"displayName":null,"photoUrl":null,"thumbUrl":null,"isSponsored":false,"isUserGenerated":false,"isVerified":false,"location":{"fullAddress":"16-22 Gunterstone Road, London, Greater London W14 9BX, United Kingdom","address1":"16-22 Gunterstone Road","address2":null,"address3":null,"city":"London","countryCode":null,"county":"GB","latitude":51.49169,"longitude":-0.210602,"postalCode":null,"region":"Greater London"},"offersCount":0,"openNow":-1,"ratingsCount":0,"tradingName":"The W14 Hotel London"},{"id":"Google:8668360032","distance":10740,"service":"Google","detailsUrl":"http://www.google.com/maps/place?source=uds&q=Hostels+B%26B&cid=12376704514753035060","advKey":null,"contact":{"blogUrl":null,"email":null,"facebook":null,"fax":null,"foursquare":null,"mobile":null,"phone":"020 7603 0948","twitter":null,"websiteUrl":null},"displayName":null,"photoUrl":null,"thumbUrl":null,"isSponsored":false,"isUserGenerated":false,"isVerified":false,"location":{"fullAddress":"97-99 Shepherd's Bush Road, London, Greater London W6 7LP, United Kingdom","address1":"97-99 Shepherd's Bush Road","address2":null,"address3":null,"city":"London","countryCode":null,"county":"GB","latitude":51.498181,"longitude":-0.222301,"postalCode":null,"region":"Greater London"},"offersCount":0,"openNow":-1,"ratingsCount":0,"tradingName":"Star Hotel Bed & Breakfast"}],"count":8}}