{"meta":{"code":200},"response":{"venues":[{"id":"Google:0272214228","distance":296,"service":"Google","detailsUrl":"http://www.google.com/maps/place?source=uds&q=Bathroom+Goods+Supplier&cid=13659939780588006027","advKey":null,"contact":{"blogUrl":null,"email":null,"facebook":null,"fax":null,"foursquare":null,"mobile":null,"phone":"020 7739 4644","twitter":null,"websiteUrl":null},"displayName":null,"photoUrl":null,"thumbUrl":null,"isSponsored":false,"isUserGenerated":false,"isVerified":false,"location":{"fullAddress":"33 Bethnal Green Road, London Borough of Tower Hamlets, E1 6LA, United Kingdom","address1":"33 Bethnal Green Road","address2":null,"address3":null,"city":"London","countryCode":null,"county":"GB","latitude":51.524122,"longitude":-0.073692,"postalCode":null,"region":"Greater London"},"offersCount":0,"openNow":-1,"ratingsCount":0,"tradingName":"Urban Interior"},{"id":"Google:1966200697","distance":344,"service":"Google","detailsUrl":"http://www.google.com/maps/place?source=uds&q=Bathroom+Goods+Supplier&cid=3848365184655982650","advKey":null,"contact":{"blogUrl":null,"email":null,"facebook":null,"fax":null,"foursquare":null,"mobile":null,"phone":"020 7729 6253","twitter":null,"websiteUrl":null},"displayName":null,"photoUrl":null,"thumbUrl":null,"isSponsored":false,"isUserGenerated":false,"isVerified":false,"location":{"fullAddress":"85 Redchurch Street, London, Greater London E2 7DJ, United Kingdom","address1":"85 Redchurch Street","address2":null,"address3":null,"city":"London","countryCode":null,"county":"GB","latitude":51.524668,"longitude":-0.073404,"postalCode":null,"region":"Greater London"},"offersCount":0,"openNow":-1,"ratingsCount":0,"tradingName":"Labour and Wait"},{"id":"Google:4922546269","distance":559,"service":"Google","detailsUrl":"http://www.google.com/maps/place?source=uds&q=Bathroom+Goods+Supplier&cid=7880267158575362886","advKey":null,"contact":{"blogUrl":null,"email":null,"facebook":null,"fax":null,"foursquare":null,"mobile":null,"phone":"020 3376 0972","twitter":null,"websiteUrl":null},"displayName":null,"photoUrl":null,"thumbUrl":null,"isSponsored":false,"isUserGenerated":false,"isVerified":false,"location":{"fullAddress":"9 Davenant Street, Stepney, London E1 5NB, United Kingdom","address1":"9 Davenant Street","address2":null,"address3":null,"city":"London","countryCode":null,"county":"GB","latitude":51.518411,"longitude":-0.065716,"postalCode":null,"region":null},"offersCount":0,"openNow":-1,"ratingsCount":0,"tradingName":"Ideal Bathrooms & Tiles"},{"id":"Google:0072531165","distance":604,"service":"Google","detailsUrl":"http://www.google.com/maps/place?source=uds&q=Bathroom+Goods+Supplier&cid=2271031459542836918","advKey":null,"contact":{"blogUrl":null,"email":null,"facebook":null,"fax":null,"foursquare":null,"mobile":null,"phone":"020 7377 8833","twitter":null,"websiteUrl":null},"displayName":null,"photoUrl":null,"thumbUrl":null,"isSponsored":false,"isUserGenerated":false,"isVerified":false,"location":{"fullAddress":"2 Commercial Street, London, london E1 6LP, United Kingdom","address1":"2 Commercial Street","address2":null,"address3":null,"city":"London","countryCode":null,"county":"GB","latitude":51.516319,"longitude":-0.072467,"postalCode":null,"region":"london"},"offersCount":0,"openNow":-1,"ratingsCount":0,"tradingName":"sids diy"},{"id":"Google:9385846934","distance":871,"service":"Google","detailsUrl":"http://www.google.com/maps/place?source=uds&q=Bathroom+Goods+Supplier&cid=8867407726719101602","advKey":null,"contact":{"blogUrl":null,"email":null,"facebook":null,"fax":null,"foursquare":null,"mobile":null,"phone":"020 7702 3399","twitter":null,"websiteUrl":null},"displayName":null,"photoUrl":null,"thumbUrl":null,"isSponsored":false,"isUserGenerated":false,"isVerified":false,"location":{"fullAddress":"62-82 Commercial Road, City of London, London, Greater London E1 1NU, United Kingdom","address1":"62-82 Commercial Road","address2":null,"address3":null,"city":"London","countryCode":null,"county":"GB","latitude":51.514747,"longitude":-0.066074,"postalCode":null,"region":"Greater London"},"offersCount":0,"openNow":-1,"ratingsCount":0,"tradingName":"Bathstore"},{"id":"Google:8219321523","distance":1664,"service":"Google","detailsUrl":"http://www.google.com/maps/place?source=uds&q=Bathroom+Goods+Supplier&cid=12237307832040447605","advKey":null,"contact":{"blogUrl":null,"email":null,"facebook":null,"fax":null,"foursquare":null,"mobile":null,"phone":"020 8983 7400","twitter":null,"websiteUrl":null},"displayName":null,"photoUrl":null,"thumbUrl":null,"isSponsored":false,"isUserGenerated":false,"isVerified":false,"location":{"fullAddress":"244-254 Cambridge Heath Rd, London E2 9DA, United Kingdom","address1":"244-254 Cambridge Heath Rd","address2":null,"address3":null,"city":"London","countryCode":null,"county":"GB","latitude":51.533596,"longitude":-0.057109,"postalCode":null,"region":null},"offersCount":0,"openNow":-1,"ratingsCount":0,"tradingName":"Czech & Speake Ltd"},{"id":"Google:2666472719","distance":1999,"service":"Google","detailsUrl":"http://www.google.com/maps/place?source=uds&q=Bathroom+Goods+Supplier&cid=13304729427125289427","advKey":null,"contact":{"blogUrl":null,"email":null,"facebook":null,"fax":null,"foursquare":null,"mobile":null,"phone":"020 7324 0780","twitter":null,"websiteUrl":null},"displayName":null,"photoUrl":null,"thumbUrl":null,"isSponsored":false,"isUserGenerated":false,"isVerified":false,"location":{"fullAddress":"44-48 Clerkenwell Road, London EC1M 5PS, United Kingdom","address1":"44-48 Clerkenwell Road","address2":null,"address3":null,"city":"London","countryCode":null,"county":"GB","latitude":51.522846,"longitude":-0.100629,"postalCode":null,"region":null},"offersCount":0,"openNow":-1,"ratingsCount":0,"tradingName":"West One Bathrooms Ltd"},{"id":"Google:4142100522","distance":2677,"service":"Google","detailsUrl":"http://www.google.com/maps/place?source=uds&q=Bathroom+Goods+Supplier&cid=4593969888842770047","advKey":null,"contact":{"blogUrl":null,"email":null,"facebook":null,"fax":null,"foursquare":null,"mobile":null,"phone":"020 7226 7220","twitter":null,"websiteUrl":null},"displayName":null,"photoUrl":null,"thumbUrl":null,"isSponsored":false,"isUserGenerated":false,"isVerified":false,"location":{"fullAddress":"141/147a Essex Road, Islington, London N1 2SN, United Kingdom","address1":"141/147a Essex Road, Islington","address2":null,"address3":null,"city":"London","countryCode":null,"county":"GB","latitude":51.539868,"longitude":-0.097249,"postalCode":null,"region":null},"offersCount":0,"openNow":-1,"ratingsCount":0,"tradingName":"Aston Matthews"}],"count":8}}