{"meta":{"code":200},"response":{"venues":[{"id":"Google:0649638190","distance":9,"service":"Google","detailsUrl":"http://www.google.com/maps/place?source=uds&q=Gifts+Shops&cid=8662307030334104418","advKey":null,"contact":{"blogUrl":null,"email":null,"facebook":null,"fax":null,"foursquare":null,"mobile":null,"phone":"020 7729 4003","twitter":null,"websiteUrl":null},"displayName":null,"photoUrl":null,"thumbUrl":null,"isSponsored":false,"isUserGenerated":false,"isVerified":false,"location":{"fullAddress":"145 Brick Lane, London Borough of Tower Hamlets, E1 6SB, United Kingdom","address1":"145 Brick Lane","address2":null,"address3":null,"city":"London","countryCode":null,"county":"GB","latitude":51.521727,"longitude":-0.071644,"postalCode":null,"region":"Greater London"},"offersCount":0,"openNow":-1,"ratingsCount":0,"tradingName":"Joy"},{"id":"Google:7446475932","distance":212,"service":"Google","detailsUrl":"http://www.google.com/maps/place?source=uds&q=Gifts+Shops&cid=7765014411839644299","advKey":null,"contact":{"blogUrl":null,"email":null,"facebook":null,"fax":null,"foursquare":null,"mobile":null,"phone":"020 7033 9099","twitter":null,"websiteUrl":null},"displayName":null,"photoUrl":null,"thumbUrl":null,"isSponsored":false,"isUserGenerated":false,"isVerified":false,"location":{"fullAddress":"22 Cheshire Street, Shoreditch, Greater London E2 6EH, United Kingdom","address1":"22 Cheshire Street","address2":null,"address3":null,"city":null,"countryCode":null,"county":"GB","latitude":51.523469,"longitude":-0.07051,"postalCode":null,"region":"Greater London"},"offersCount":0,"openNow":-1,"ratingsCount":0,"tradingName":"Comfort Station"},{"id":"Google:2652185194","distance":236,"service":"Google","detailsUrl":"http://www.google.com/maps/place?source=uds&q=Gifts+Shops&cid=17256694163622975780","advKey":null,"contact":{"blogUrl":null,"email":null,"facebook":null,"fax":null,"foursquare":null,"mobile":null,"phone":"020 7613 1454","twitter":null,"websiteUrl":null},"displayName":null,"photoUrl":null,"thumbUrl":null,"isSponsored":false,"isUserGenerated":false,"isVerified":false,"location":{"fullAddress":"135 Brick Lane, Shadwell, London E1 6SB, United Kingdom","address1":"135 Brick Lane","address2":null,"address3":null,"city":"London","countryCode":null,"county":"GB","latitude":51.523847,"longitude":-0.071411,"postalCode":null,"region":null},"offersCount":0,"openNow":-1,"ratingsCount":0,"tradingName":"Select Gift Ltd"},{"id":"Google:7370499426","distance":237,"service":"Google","detailsUrl":"http://www.google.com/maps/place?source=uds&q=Gifts+Shops&cid=17284347204576679170","advKey":null,"contact":{"blogUrl":null,"email":null,"facebook":null,"fax":null,"foursquare":null,"mobile":null,"phone":"020 7739 0799","twitter":null,"websiteUrl":null},"displayName":null,"photoUrl":null,"thumbUrl":null,"isSponsored":false,"isUserGenerated":false,"isVerified":false,"location":{"fullAddress":"14 Bacon Street, Shadwell, London E1 6LF, United Kingdom","address1":"14 Bacon Street","address2":null,"address3":null,"city":"London","countryCode":null,"county":"GB","latitude":51.52372,"longitude":-0.073069,"postalCode":null,"region":null},"offersCount":0,"openNow":-1,"ratingsCount":0,"tradingName":"The Vintage Emporium"},{"id":"Google:3684234539","distance":251,"service":"Google","detailsUrl":"http://www.google.com/maps/place?source=uds&q=Gifts+Shops&cid=2249656390909605569","advKey":null,"contact":{"blogUrl":null,"email":null,"facebook":null,"fax":null,"foursquare":null,"mobile":null,"phone":"020 7739 3888","twitter":null,"websiteUrl":null},"displayName":null,"photoUrl":null,"thumbUrl":null,"isSponsored":false,"isUserGenerated":false,"isVerified":false,"location":{"fullAddress":"14 Bacon St, London E1 6LF, United Kingdom","address1":"14 Bacon St","address2":null,"address3":null,"city":"London","countryCode":null,"county":"GB","latitude":51.523991,"longitude":-0.07203,"postalCode":null,"region":null},"offersCount":0,"openNow":-1,"ratingsCount":0,"tradingName":"EcoCentric"},{"id":"Google:7849093281","distance":300,"service":"Google","detailsUrl":"http://www.google.com/maps/place?source=uds&q=Gifts+Shops&cid=6952834056505656239","advKey":null,"contact":{"blogUrl":null,"email":null,"facebook":null,"fax":null,"foursquare":null,"mobile":null,"phone":"020 7247 2477","twitter":null,"websiteUrl":null},"displayName":null,"photoUrl":null,"thumbUrl":null,"isSponsored":false,"isUserGenerated":false,"isVerified":false,"location":{"fullAddress":"Brushfield St. 5mins walk from, Liverpool Street, Greater London, United Kingdom","address1":"Brushfield St. 5mins walk from","address2":null,"address3":null,"city":null,"countryCode":null,"county":"GB","latitude":51.520073,"longitude":-0.075212,"postalCode":null,"region":"Greater London"},"offersCount":0,"openNow":-1,"ratingsCount":0,"tradingName":"In Spitalfields"},{"id":"Google:7892084589","distance":300,"service":"Google","detailsUrl":"http://www.google.com/maps/place?source=uds&q=Gifts+Shops&cid=6441534515606229794","advKey":null,"contact":{"blogUrl":null,"email":null,"facebook":null,"fax":null,"foursquare":null,"mobile":null,"phone":"020 7377 1496","twitter":null,"websiteUrl":null},"displayName":null,"photoUrl":null,"thumbUrl":null,"isSponsored":false,"isUserGenerated":false,"isVerified":false,"location":{"fullAddress":"Brushfield Street, London, Greater London E1 6AA, United Kingdom","address1":"Brushfield Street","address2":null,"address3":null,"city":"London","countryCode":null,"county":"GB","latitude":51.51989,"longitude":-0.074966,"postalCode":null,"region":"Greater London"},"offersCount":0,"openNow":-1,"ratingsCount":0,"tradingName":"The Spitalfields Market"},{"id":"Google:1567265151","distance":309,"service":"Google","detailsUrl":"http://www.google.com/maps/place?source=uds&q=Gifts+Shops&cid=4071389708034097669","advKey":null,"contact":{"blogUrl":null,"email":null,"facebook":null,"fax":null,"foursquare":null,"mobile":null,"phone":"020 7655 4540","twitter":null,"websiteUrl":null},"displayName":null,"photoUrl":null,"thumbUrl":null,"isSponsored":false,"isUserGenerated":false,"isVerified":false,"location":{"fullAddress":"10 Lamb Street, Old Spitalfield Market, City of London, E1 6EA, United Kingdom","address1":"10 Lamb Street, Old Spitalfield Market","address2":null,"address3":null,"city":"London","countryCode":null,"county":"GB","latitude":51.520072,"longitude":-0.07537,"postalCode":null,"region":"Greater London"},"offersCount":0,"openNow":-1,"ratingsCount":0,"tradingName":"The Lollipop Shoppe"}],"count":8}}