{
	"meta": {
		"code": 200
	},
	"response": {
		"venues": [{
			"id": "20320004",
			"distance": 364,
			"service": "NearMe",
			"detailsUrl": "http://www.getnearme.com/venue/showMobileDetails?publicId=20320004",
			"advKey": "5b2471a41c3c4e8d93ebd1cfdd67bcc3",
			"contact": {
				"blogUrl": null,
				"email": null,
				"facebook": null,
				"fax": null,
				"foursquare": null,
				"mobile": null,
				"phone": "08457 555 555",
				"twitter": "http://twitter.com/BarclaysOnline",
				"websiteUrl": "http://www.barclays.co.uk"
			},
			"displayName": "barclays_20320004",
			"photoUrl": "http://www.getnearme.com/data/merchants/2012/04/barclays/barclays_20320004/zExNIhbZDB_640x480.jpg",
			"thumbUrl": "http://www.getnearme.com/data/merchants/2012/04/barclays/barclays_20320004/zExNIhbZDB_72x54.jpg",
			"isSponsored": false,
			"isUserGenerated": false,
			"isVerified": false,
			"location": {
				"fullAddress": "99 Commercial Street, Spitalfields, E1 6FN London, United Kingdom",
				"address1": "99 Commercial Street",
				"address2": "Spitalfields",
				"address3": null,
				"city": "London",
				"countryCode": "GB",
				"county": null,
				"latitude": 51.519025,
				"longitude": -0.074744,
				"postalCode": "E1 6FN",
				"region": null
			},
			"offersCount": 0,
			"openNow": -1,
			"ratingsCount": 0,
			"tradingName": "Barclays Bank"
		}, {
			"id": "20570600",
			"distance": 814,
			"service": "NearMe",
			"detailsUrl": "http://www.getnearme.com/venue/showMobileDetails?publicId=20570600",
			"advKey": "5b2471a41c3c4e8d93ebd1cfdd67bcc3",
			"contact": {
				"blogUrl": null,
				"email": null,
				"facebook": null,
				"fax": null,
				"foursquare": null,
				"mobile": null,
				"phone": "08457 555 555",
				"twitter": "http://twitter.com/BarclaysOnline",
				"websiteUrl": "http://www.barclays.co.uk"
			},
			"displayName": "barclays_20570600",
			"photoUrl": "http://www.getnearme.com/data/merchants/2012/04/barclays/barclays_20570600/MPZrIvppPd_640x480.jpg",
			"thumbUrl": "http://www.getnearme.com/data/merchants/2012/04/barclays/barclays_20570600/MPZrIvppPd_72x54.jpg",
			"isSponsored": false,
			"isUserGenerated": false,
			"isVerified": false,
			"location": {
				"fullAddress": "240 Whitechapel Road, E1 1BJ London, United Kingdom",
				"address1": "240 Whitechapel Road",
				"address2": null,
				"address3": null,
				"city": "London",
				"countryCode": "GB",
				"county": null,
				"latitude": 51.51892,
				"longitude": -0.060919,
				"postalCode": "E1 1BJ",
				"region": null
			},
			"offersCount": 0,
			"openNow": -1,
			"ratingsCount": 0,
			"tradingName": "Barclays Bank"
		}, {
			"id": "20320002",
			"distance": 978,
			"service": "NearMe",
			"detailsUrl": "http://www.getnearme.com/venue/showMobileDetails?publicId=20320002",
			"advKey": "5b2471a41c3c4e8d93ebd1cfdd67bcc3",
			"contact": {
				"blogUrl": null,
				"email": null,
				"facebook": null,
				"fax": null,
				"foursquare": null,
				"mobile": null,
				"phone": "08457 555 555",
				"twitter": "http://twitter.com/BarclaysOnline",
				"websiteUrl": "http://www.barclays.co.uk"
			},
			"displayName": "barclays_20320002",
			"photoUrl": "http://www.getnearme.com/data/merchants/2012/04/barclays/barclays_20320002/YBc2gZ5AXw_640x480.jpg",
			"thumbUrl": "http://www.getnearme.com/data/merchants/2012/04/barclays/barclays_20320002/YBc2gZ5AXw_72x54.jpg",
			"isSponsored": false,
			"isUserGenerated": false,
			"isVerified": false,
			"location": {
				"fullAddress": "29-33 Wormwood Street, EC2M 1RX London, United Kingdom",
				"address1": "29-33 Wormwood Street",
				"address2": null,
				"address3": null,
				"city": "London",
				"countryCode": "GB",
				"county": null,
				"latitude": 51.516352,
				"longitude": -0.082967,
				"postalCode": "EC2M 1RX",
				"region": null
			},
			"offersCount": 0,
			"openNow": -1,
			"ratingsCount": 0,
			"tradingName": "Barclays Bank"
		}, {
			"id": "20315205",
			"distance": 1031,
			"service": "NearMe",
			"detailsUrl": "http://www.getnearme.com/venue/showMobileDetails?publicId=20315205",
			"advKey": "5b2471a41c3c4e8d93ebd1cfdd67bcc3",
			"contact": {
				"blogUrl": null,
				"email": null,
				"facebook": null,
				"fax": null,
				"foursquare": null,
				"mobile": null,
				"phone": "08457 555 555",
				"twitter": "http://twitter.com/BarclaysOnline",
				"websiteUrl": "http://www.barclays.co.uk"
			},
			"displayName": "barclays_20315205",
			"photoUrl": "http://www.getnearme.com/data/merchants/2012/04/barclays/barclays_20315205/K29hgdAYXh_640x480.jpg",
			"thumbUrl": "http://www.getnearme.com/data/merchants/2012/04/barclays/barclays_20315205/K29hgdAYXh_72x54.jpg",
			"isSponsored": false,
			"isUserGenerated": false,
			"isVerified": false,
			"location": {
				"fullAddress": "Bevington House, 24/26 Minories, EC3N 1BQ London, United Kingdom",
				"address1": "Bevington House",
				"address2": "24/26 Minories",
				"address3": null,
				"city": "London",
				"countryCode": "GB",
				"county": null,
				"latitude": 51.512718,
				"longitude": -0.075277,
				"postalCode": "EC3N 1BQ",
				"region": null
			},
			"offersCount": 0,
			"openNow": -1,
			"ratingsCount": 0,
			"tradingName": "Barclays Bank"
		}, {
			"id": "20570608",
			"distance": 1042,
			"service": "NearMe",
			"detailsUrl": "http://www.getnearme.com/venue/showMobileDetails?publicId=20570608",
			"advKey": "5b2471a41c3c4e8d93ebd1cfdd67bcc3",
			"contact": {
				"blogUrl": null,
				"email": null,
				"facebook": null,
				"fax": null,
				"foursquare": null,
				"mobile": null,
				"phone": "08457 555 555",
				"twitter": "http://twitter.com/BarclaysOnline",
				"websiteUrl": "http://www.barclays.co.uk"
			},
			"displayName": "barclays_20570608",
			"photoUrl": "http://www.getnearme.com/data/merchants/2012/04/barclays/barclays_20570608/hx2VUhBn99_640x480.jpg",
			"thumbUrl": "http://www.getnearme.com/data/merchants/2012/04/barclays/barclays_20570608/hx2VUhBn99_72x54.jpg",
			"isSponsored": false,
			"isUserGenerated": false,
			"isVerified": false,
			"location": {
				"fullAddress": "412 Bethnal Green Road, E2 0DJ London, United Kingdom",
				"address1": "412 Bethnal Green Road",
				"address2": null,
				"address3": null,
				"city": "London",
				"countryCode": "GB",
				"county": null,
				"latitude": 51.527075,
				"longitude": -0.059406,
				"postalCode": "E2 0DJ",
				"region": null
			},
			"offersCount": 0,
			"openNow": -1,
			"ratingsCount": 0,
			"tradingName": "Barclays Bank"
		}, {
			"id": "20320000",
			"distance": 1189,
			"service": "NearMe",
			"detailsUrl": "http://www.getnearme.com/venue/showMobileDetails?publicId=20320000",
			"advKey": "5b2471a41c3c4e8d93ebd1cfdd67bcc3",
			"contact": {
				"blogUrl": null,
				"email": null,
				"facebook": null,
				"fax": null,
				"foursquare": null,
				"mobile": null,
				"phone": "08457 555 555",
				"twitter": "http://twitter.com/BarclaysOnline",
				"websiteUrl": "http://www.barclays.co.uk"
			},
			"displayName": "barclays_20320000",
			"photoUrl": "http://www.getnearme.com/data/merchants/2012/04/barclays/barclays_20320000/DM4u0tx98N_640x480.jpg",
			"thumbUrl": "http://www.getnearme.com/data/merchants/2012/04/barclays/barclays_20320000/DM4u0tx98N_72x54.jpg",
			"isSponsored": false,
			"isUserGenerated": false,
			"isVerified": false,
			"location": {
				"fullAddress": "128 Moorgate, EC2M 6SX London, United Kingdom",
				"address1": "128 Moorgate",
				"address2": null,
				"address3": null,
				"city": "London",
				"countryCode": "GB",
				"county": null,
				"latitude": 51.51853,
				"longitude": -0.088187,
				"postalCode": "EC2M 6SX",
				"region": null
			},
			"offersCount": 0,
			"openNow": -1,
			"ratingsCount": 0,
			"tradingName": "Barclays Bank"
		}, {
			"id": "20315200",
			"distance": 1235,
			"service": "NearMe",
			"detailsUrl": "http://www.getnearme.com/venue/showMobileDetails?publicId=20315200",
			"advKey": "5b2471a41c3c4e8d93ebd1cfdd67bcc3",
			"contact": {
				"blogUrl": null,
				"email": null,
				"facebook": null,
				"fax": null,
				"foursquare": null,
				"mobile": null,
				"phone": "08457 555 555",
				"twitter": "http://twitter.com/BarclaysOnline",
				"websiteUrl": "http://www.barclays.co.uk"
			},
			"displayName": "barclays_20315200",
			"photoUrl": "http://www.getnearme.com/data/merchants/2012/04/barclays/barclays_20315200/c2ZhtD4A6p_640x480.jpg",
			"thumbUrl": "http://www.getnearme.com/data/merchants/2012/04/barclays/barclays_20315200/c2ZhtD4A6p_72x54.jpg",
			"isSponsored": false,
			"isUserGenerated": false,
			"isVerified": false,
			"location": {
				"fullAddress": "114 Fenchurch Street, EC3M 5LY London, United Kingdom",
				"address1": "114 Fenchurch Street",
				"address2": null,
				"address3": null,
				"city": "London",
				"countryCode": "GB",
				"county": null,
				"latitude": 51.512038,
				"longitude": -0.080491,
				"postalCode": "EC3M 5LY",
				"region": null
			},
			"offersCount": 0,
			"openNow": -1,
			"ratingsCount": 0,
			"tradingName": "Barclays Bank"
		}, {
			"id": "20320007",
			"distance": 1320,
			"service": "NearMe",
			"detailsUrl": "http://www.getnearme.com/venue/showMobileDetails?publicId=20320007",
			"advKey": "5b2471a41c3c4e8d93ebd1cfdd67bcc3",
			"contact": {
				"blogUrl": null,
				"email": null,
				"facebook": null,
				"fax": null,
				"foursquare": null,
				"mobile": null,
				"phone": "08457 555 555",
				"twitter": "http://twitter.com/BarclaysOnline",
				"websiteUrl": "http://www.barclays.co.uk"
			},
			"displayName": "barclays_20320007",
			"photoUrl": "http://www.getnearme.com/data/merchants/2012/04/barclays/barclays_20320007/eLv9a3kyQ3_640x480.jpg",
			"thumbUrl": "http://www.getnearme.com/data/merchants/2012/04/barclays/barclays_20320007/eLv9a3kyQ3_72x54.jpg",
			"isSponsored": false,
			"isUserGenerated": false,
			"isVerified": false,
			"location": {
				"fullAddress": "Gilray House, 146-150 City Road, EC1V 2NL London, United Kingdom",
				"address1": "Gilray House",
				"address2": "146-150 City Road",
				"address3": null,
				"city": "London",
				"countryCode": "GB",
				"county": null,
				"latitude": 51.52712,
				"longitude": -0.088798,
				"postalCode": "EC1V 2NL",
				"region": null
			},
			"offersCount": 0,
			"openNow": -1,
			"ratingsCount": 0,
			"tradingName": "Barclays Bank"
		}, {
			"id": "20320008",
			"distance": 1636,
			"service": "NearMe",
			"detailsUrl": "http://www.getnearme.com/venue/showMobileDetails?publicId=20320008",
			"advKey": "5b2471a41c3c4e8d93ebd1cfdd67bcc3",
			"contact": {
				"blogUrl": null,
				"email": null,
				"facebook": null,
				"fax": null,
				"foursquare": null,
				"mobile": null,
				"phone": "08457 555 555",
				"twitter": "http://twitter.com/BarclaysOnline",
				"websiteUrl": "http://www.barclays.co.uk"
			},
			"displayName": "barclays_20320008",
			"photoUrl": "http://www.getnearme.com/data/merchants/2012/04/barclays/barclays_20320008/hzO8DJvomn_640x480.jpg",
			"thumbUrl": "http://www.getnearme.com/data/merchants/2012/04/barclays/barclays_20320008/hzO8DJvomn_72x54.jpg",
			"isSponsored": false,
			"isUserGenerated": false,
			"isVerified": false,
			"location": {
				"fullAddress": "Atlas House, 1-7 King Street, EC2V 8AU London, United Kingdom",
				"address1": "Atlas House",
				"address2": "1-7 King Street",
				"address3": null,
				"city": "London",
				"countryCode": "GB",
				"county": null,
				"latitude": 51.51417,
				"longitude": -0.092079,
				"postalCode": "EC2V 8AU",
				"region": null
			},
			"offersCount": 0,
			"openNow": -1,
			"ratingsCount": 0,
			"tradingName": "Barclays Bank"
		}, {
			"id": "20414106",
			"distance": 2077,
			"service": "NearMe",
			"detailsUrl": "http://www.getnearme.com/venue/showMobileDetails?publicId=20414106",
			"advKey": "5b2471a41c3c4e8d93ebd1cfdd67bcc3",
			"contact": {
				"blogUrl": null,
				"email": null,
				"facebook": null,
				"fax": null,
				"foursquare": null,
				"mobile": null,
				"phone": "08457 555 555",
				"twitter": "http://twitter.com/BarclaysOnline",
				"websiteUrl": "http://www.barclays.co.uk"
			},
			"displayName": "barclays_20414106",
			"photoUrl": "http://www.getnearme.com/data/merchants/2012/04/barclays/barclays_20414106/RQw9xife77_640x480.jpg",
			"thumbUrl": "http://www.getnearme.com/data/merchants/2012/04/barclays/barclays_20414106/RQw9xife77_72x54.jpg",
			"isSponsored": false,
			"isUserGenerated": false,
			"isVerified": false,
			"location": {
				"fullAddress": "89 Charterhouse Street, EC1M 6PE London, United Kingdom",
				"address1": "89 Charterhouse Street",
				"address2": null,
				"address3": null,
				"city": "London",
				"countryCode": "GB",
				"county": null,
				"latitude": 51.519942,
				"longitude": -0.101672,
				"postalCode": "EC1M 6PE",
				"region": null
			},
			"offersCount": 0,
			"openNow": -1,
			"ratingsCount": 0,
			"tradingName": "Barclays Bank"
		}],
		"count": 10
	}
}