{"meta":{"code":200},"response":{"venues":[{"id":"Google:7418131032","distance":334,"service":"Google","detailsUrl":"http://www.google.com/maps/place?source=uds&q=Cinema&cid=15161008319135426401","advKey":null,"contact":{"blogUrl":null,"email":null,"facebook":null,"fax":null,"foursquare":null,"mobile":null,"phone":"0845 604 8486","twitter":null,"websiteUrl":null},"displayName":null,"photoUrl":null,"thumbUrl":null,"isSponsored":false,"isUserGenerated":false,"isVerified":false,"location":{"fullAddress":"64-66 Redchurch Street, City of London, London, Greater London E2 7DP, United Kingdom","address1":"64-66 Redchurch Street","address2":null,"address3":null,"city":"London","countryCode":null,"county":"GB","latitude":51.524394,"longitude":-0.07406,"postalCode":null,"region":"Greater London"},"offersCount":0,"openNow":-1,"ratingsCount":0,"tradingName":"The Aubin Cinema"},{"id":"Google:2272601447","distance":534,"service":"Google","detailsUrl":"http://www.google.com/maps/place?source=uds&q=Cinema&cid=3406935285148215366","advKey":null,"contact":{"blogUrl":null,"email":null,"facebook":null,"fax":null,"foursquare":null,"mobile":null,"phone":"0845 450 8855","twitter":null,"websiteUrl":null},"displayName":null,"photoUrl":null,"thumbUrl":null,"isSponsored":false,"isUserGenerated":false,"isVerified":false,"location":{"fullAddress":"12th Floor, Broadgate Tower, 20 Primrose Street,, London EC2A 2EW, United Kingdom","address1":"12th Floor, Broadgate Tower, 20 Primrose Street,","address2":null,"address3":null,"city":"London","countryCode":null,"county":"GB","latitude":51.521111,"longitude":-0.079444,"postalCode":null,"region":null},"offersCount":0,"openNow":-1,"ratingsCount":0,"tradingName":"Lime Green - Home Cinemas London"},{"id":"Google:3233900438","distance":1447,"service":"Google","detailsUrl":"http://www.google.com/maps/place?source=uds&q=Cinema&cid=896219022820348359","advKey":null,"contact":{"blogUrl":null,"email":null,"facebook":null,"fax":null,"foursquare":null,"mobile":null,"phone":"020 7638 4141","twitter":null,"websiteUrl":null},"displayName":null,"photoUrl":null,"thumbUrl":null,"isSponsored":false,"isUserGenerated":false,"isVerified":false,"location":{"fullAddress":"Silk Street, City of London, United Kingdom EC2Y 8DS, United Kingdom","address1":"Silk Street","address2":null,"address3":null,"city":"City of London","countryCode":null,"county":"GB","latitude":51.520507,"longitude":-0.092616,"postalCode":null,"region":"United Kingdom"},"offersCount":0,"openNow":-1,"ratingsCount":0,"tradingName":"Barbican Centre"},{"id":"Google:1930932974","distance":1468,"service":"Google","detailsUrl":"http://www.google.com/maps/place?source=uds&q=Cinema&cid=6031498797123317864","advKey":null,"contact":{"blogUrl":null,"email":null,"facebook":null,"fax":null,"foursquare":null,"mobile":null,"phone":"020 7780 2000","twitter":null,"websiteUrl":null},"displayName":null,"photoUrl":null,"thumbUrl":null,"isSponsored":false,"isUserGenerated":false,"isVerified":false,"location":{"fullAddress":"93-95 Mile End Road, City of London, London, Greater London E1 4UJ, United Kingdom","address1":"93-95 Mile End Road","address2":null,"address3":null,"city":"London","countryCode":null,"county":"GB","latitude":51.521061,"longitude":-0.050589,"postalCode":null,"region":"Greater London"},"offersCount":0,"openNow":-1,"ratingsCount":0,"tradingName":"Genesis Entertainment Ltd"},{"id":"Google:7361019286","distance":2546,"service":"Google","detailsUrl":"http://www.google.com/maps/place?source=uds&q=Cinema&cid=13052915882845068732","advKey":null,"contact":{"blogUrl":null,"email":null,"facebook":null,"fax":null,"foursquare":null,"mobile":null,"phone":"020 7407 4057","twitter":null,"websiteUrl":null},"displayName":null,"photoUrl":null,"thumbUrl":null,"isSponsored":false,"isUserGenerated":false,"isVerified":false,"location":{"fullAddress":"128-132 Borough High Street, London SE1 1LB, United Kingdom","address1":"128-132 Borough High Street","address2":null,"address3":null,"city":"London","countryCode":null,"county":"GB","latitude":51.502711,"longitude":-0.092279,"postalCode":null,"region":null},"offersCount":0,"openNow":-1,"ratingsCount":0,"tradingName":"Roxy Bar & Screen"},{"id":"Google:8029616439","distance":2745,"service":"Google","detailsUrl":"http://www.google.com/maps/place?source=uds&q=Cinema&cid=12154200035156263805","advKey":null,"contact":{"blogUrl":null,"email":null,"facebook":null,"fax":null,"foursquare":null,"mobile":null,"phone":"0871 906 9060","twitter":null,"websiteUrl":null},"displayName":null,"photoUrl":null,"thumbUrl":null,"isSponsored":false,"isUserGenerated":false,"isVerified":false,"location":{"fullAddress":"83 Upper Street, London N1 0NP, United Kingdom","address1":"83 Upper Street","address2":null,"address3":null,"city":"London","countryCode":null,"county":"GB","latitude":51.536486,"longitude":-0.103611,"postalCode":null,"region":null},"offersCount":0,"openNow":-1,"ratingsCount":0,"tradingName":"Everyman Screen on the Green"},{"id":"Google:9961577824","distance":3119,"service":"Google","detailsUrl":"http://www.google.com/maps/place?source=uds&q=Cinema&cid=14338133424404500980","advKey":null,"contact":{"blogUrl":null,"email":null,"facebook":null,"fax":null,"foursquare":null,"mobile":null,"phone":"020 7241 9410","twitter":null,"websiteUrl":null},"displayName":null,"photoUrl":null,"thumbUrl":null,"isSponsored":false,"isUserGenerated":false,"isVerified":false,"location":{"fullAddress":"103-107 Kingsland High Street, London, Greater London E8 2PB, United Kingdom","address1":"103-107 Kingsland High Street","address2":null,"address3":null,"city":"London","countryCode":null,"county":"GB","latitude":51.549695,"longitude":-0.075433,"postalCode":null,"region":"Greater London"},"offersCount":0,"openNow":-1,"ratingsCount":0,"tradingName":"Rio Cinema"},{"id":"Google:1783095983","distance":3444,"service":"Google","detailsUrl":"http://www.google.com/maps/place?source=uds&q=Cinema&cid=7528266785131023155","advKey":null,"contact":{"blogUrl":null,"email":null,"facebook":null,"fax":null,"foursquare":null,"mobile":null,"phone":"020 7199 6000","twitter":null,"websiteUrl":null},"displayName":null,"photoUrl":null,"thumbUrl":null,"isSponsored":false,"isUserGenerated":false,"isVerified":false,"location":{"fullAddress":"1 Charlie Chaplin Walk, South Bank, Waterloo, London SE1 8XR, United Kingdom","address1":"1 Charlie Chaplin Walk","address2":null,"address3":null,"city":"South Bank, Waterloo","countryCode":null,"county":"GB","latitude":51.505026,"longitude":-0.113707,"postalCode":null,"region":"London"},"offersCount":0,"openNow":-1,"ratingsCount":0,"tradingName":"BFI Imax"}],"count":8}}