{"meta":{"code":200},"response":{"venues":[{"id":"Google:5051355819","distance":662,"service":"Google","detailsUrl":"http://www.google.com/maps/place?source=uds&q=Colleges+Universities&cid=5764091552302965036","advKey":null,"contact":{"blogUrl":null,"email":null,"facebook":null,"fax":null,"foursquare":null,"mobile":null,"phone":"020 7553 0430","twitter":null,"websiteUrl":null},"displayName":null,"photoUrl":null,"thumbUrl":null,"isSponsored":false,"isUserGenerated":false,"isVerified":false,"location":{"fullAddress":"178 Cannon Street Rd, City of London, London, Greater London E1 2LH, United Kingdom","address1":"178 Cannon Street Rd","address2":null,"address3":null,"city":"London","countryCode":null,"county":"GB","latitude":51.51594,"longitude":-0.069565,"postalCode":null,"region":"Greater London"},"offersCount":0,"openNow":-1,"ratingsCount":0,"tradingName":"City of London College"},{"id":"Google:6709466802","distance":1161,"service":"Google","detailsUrl":"http://www.google.com/maps/place?source=uds&q=Colleges+Universities&cid=1154525997555208549","advKey":null,"contact":{"blogUrl":null,"email":null,"facebook":null,"fax":null,"foursquare":null,"mobile":null,"phone":"020 7490 3270","twitter":null,"websiteUrl":null},"displayName":null,"photoUrl":null,"thumbUrl":null,"isSponsored":false,"isUserGenerated":false,"isVerified":false,"location":{"fullAddress":"Karen House, 1-11 Bache's Street, London, Greater London N1 6DL, United Kingdom","address1":"Karen House, 1-11 Bache's Street","address2":null,"address3":null,"city":"London","countryCode":null,"county":"GB","latitude":51.527677,"longitude":-0.085595,"postalCode":null,"region":"Greater London"},"offersCount":0,"openNow":-1,"ratingsCount":0,"tradingName":"The College Of Central London"},{"id":"Google:3341195303","distance":3147,"service":"Google","detailsUrl":"http://www.google.com/maps/place?source=uds&q=Colleges+Universities&cid=16876882063523576881","advKey":null,"contact":{"blogUrl":null,"email":null,"facebook":null,"fax":null,"foursquare":null,"mobile":null,"phone":"020 7405 3474","twitter":null,"websiteUrl":null},"displayName":null,"photoUrl":null,"thumbUrl":null,"isSponsored":false,"isUserGenerated":false,"isVerified":false,"location":{"fullAddress":"35-43 Lincoln's Inn Fields, London WC2A 3PE, United Kingdom","address1":"35-43 Lincoln's Inn Fields","address2":null,"address3":null,"city":"London","countryCode":null,"county":"GB","latitude":51.515283,"longitude":-0.116085,"postalCode":null,"region":null},"offersCount":0,"openNow":-1,"ratingsCount":0,"tradingName":"Royal College of Surgeons"},{"id":"Google:0280967164","distance":3240,"service":"Google","detailsUrl":"http://www.google.com/maps/place?source=uds&q=Colleges+Universities&cid=13669300729119815919","advKey":null,"contact":{"blogUrl":null,"email":null,"facebook":null,"fax":null,"foursquare":null,"mobile":null,"phone":"020 7405 7686","twitter":null,"websiteUrl":null},"displayName":null,"photoUrl":null,"thumbUrl":null,"isSponsored":false,"isUserGenerated":false,"isVerified":false,"location":{"fullAddress":"Houghton Street, London WC2A 2AE, United Kingdom","address1":"Houghton Street","address2":null,"address3":null,"city":"London","countryCode":null,"county":"GB","latitude":51.513636,"longitude":-0.116773,"postalCode":null,"region":null},"offersCount":0,"openNow":-1,"ratingsCount":0,"tradingName":"London School of Economics and Political Science"},{"id":"Google:0681891958","distance":3319,"service":"Google","detailsUrl":"http://www.google.com/maps/place?source=uds&q=Colleges+Universities&cid=1308623566858765871","advKey":null,"contact":{"blogUrl":null,"email":null,"facebook":null,"fax":null,"foursquare":null,"mobile":null,"phone":"020 7836 5454","twitter":null,"websiteUrl":null},"displayName":null,"photoUrl":null,"thumbUrl":null,"isSponsored":false,"isUserGenerated":false,"isVerified":false,"location":{"fullAddress":"57 Waterloo Road, London SE1 8UB, United Kingdom","address1":"57 Waterloo Road","address2":null,"address3":null,"city":"London","countryCode":null,"county":"GB","latitude":51.505673,"longitude":-0.112224,"postalCode":null,"region":null},"offersCount":0,"openNow":-1,"ratingsCount":0,"tradingName":"Kings College Waterloo Campus"},{"id":"Google:7419190663","distance":3387,"service":"Google","detailsUrl":"http://www.google.com/maps/place?source=uds&q=Colleges+Universities&cid=17201150518388777742","advKey":null,"contact":{"blogUrl":null,"email":null,"facebook":null,"fax":null,"foursquare":null,"mobile":null,"phone":"07531210908","twitter":null,"websiteUrl":null},"displayName":null,"photoUrl":null,"thumbUrl":null,"isSponsored":false,"isUserGenerated":false,"isVerified":false,"location":{"fullAddress":"Wesley House, 4 Wild Court, London, Greater London WC2B 4AU, United Kingdom","address1":"Wesley House, 4 Wild Court","address2":null,"address3":null,"city":"London","countryCode":null,"county":"GB","latitude":51.515533,"longitude":-0.119723,"postalCode":null,"region":"Greater London"},"offersCount":0,"openNow":-1,"ratingsCount":0,"tradingName":"Kensington College of Business"},{"id":"Google:5163376502","distance":4669,"service":"Google","detailsUrl":"http://www.google.com/maps/place?source=uds&q=Colleges+Universities&cid=16013454900763898126","advKey":null,"contact":{"blogUrl":null,"email":null,"facebook":null,"fax":null,"foursquare":null,"mobile":null,"phone":"020 7468 5000","twitter":null,"websiteUrl":null},"displayName":null,"photoUrl":null,"thumbUrl":null,"isSponsored":false,"isUserGenerated":false,"isVerified":false,"location":{"fullAddress":"Royal College Street, London, Greater London NW1 0TU, United Kingdom","address1":"Royal College Street","address2":null,"address3":null,"city":"London","countryCode":null,"county":"GB","latitude":51.537291,"longitude":-0.134489,"postalCode":null,"region":"Greater London"},"offersCount":0,"openNow":-1,"ratingsCount":0,"tradingName":"The Royal Veterinary College"},{"id":"Google:8224735837","distance":7783,"service":"Google","detailsUrl":"http://www.google.com/maps/place?source=uds&q=Colleges+Universities&cid=15618111029184402196","advKey":null,"contact":{"blogUrl":null,"email":null,"facebook":null,"fax":null,"foursquare":null,"mobile":null,"phone":"020 7590 4124","twitter":null,"websiteUrl":null},"displayName":null,"photoUrl":null,"thumbUrl":null,"isSponsored":false,"isUserGenerated":false,"isVerified":false,"location":{"fullAddress":"Royal College of Art, Kensington Gore, London, SW7 2EU, United Kingdom","address1":"Royal College of Art, Kensington Gore, London, SW7 2EU","address2":null,"address3":null,"city":null,"countryCode":null,"county":"GB","latitude":51.501144,"longitude":-0.179285,"postalCode":null,"region":null},"offersCount":0,"openNow":-1,"ratingsCount":0,"tradingName":"Royal College of Art"}],"count":8}}