{"meta":{"code":200},"response":{"venues":[{"id":"Google:1284204431","distance":3933,"service":"Google","detailsUrl":"http://www.google.com/maps/place?source=uds&q=Idraulica&cid=15609605890796090496","advKey":null,"contact":{"blogUrl":null,"email":null,"facebook":null,"fax":null,"foursquare":null,"mobile":null,"phone":"01624 625 535","twitter":null,"websiteUrl":null},"displayName":null,"photoUrl":null,"thumbUrl":null,"isSponsored":false,"isUserGenerated":false,"isVerified":false,"location":{"fullAddress":"Central Promenade, IM2 4NA, Isle of Man","address1":"Central Promenade","address2":null,"address3":null,"city":null,"countryCode":null,"county":"Isle of Man","latitude":51.512993,"longitude":-0.126874,"postalCode":null,"region":null},"offersCount":0,"openNow":-1,"ratingsCount":0,"tradingName":"Hotel Hilton Isle Of Man"},{"id":"Google:3120278562","distance":6943,"service":"Google","detailsUrl":"http://www.google.com/maps/place?source=uds&q=Idraulica&cid=15673401640210759427","advKey":null,"contact":{"blogUrl":null,"email":null,"facebook":null,"fax":null,"foursquare":null,"mobile":null,"phone":"020 7706 3866","twitter":null,"websiteUrl":null},"displayName":null,"photoUrl":null,"thumbUrl":null,"isSponsored":false,"isUserGenerated":false,"isVerified":false,"location":{"fullAddress":"110-114 Sussex Gardens, London, Greater London W2 1UA, United Kingdom","address1":"110-114 Sussex Gardens","address2":null,"address3":null,"city":"London","countryCode":null,"county":"GB","latitude":51.515904,"longitude":-0.1717,"postalCode":null,"region":"Greater London"},"offersCount":0,"openNow":-1,"ratingsCount":0,"tradingName":"Athena Hotel"},{"id":"Google:3521112341","distance":9253,"service":"Google","detailsUrl":"http://www.google.com/maps/place?source=uds&q=Idraulica&cid=6011330412987787385","advKey":null,"contact":{"blogUrl":null,"email":null,"facebook":null,"fax":null,"foursquare":null,"mobile":null,"phone":"020 7221 4282","twitter":null,"websiteUrl":null},"displayName":null,"photoUrl":null,"thumbUrl":null,"isSponsored":false,"isUserGenerated":false,"isVerified":false,"location":{"fullAddress":"29 Holland Park Avenue, London, Greater London W11 3RW, United Kingdom","address1":"29 Holland Park Avenue","address2":null,"address3":null,"city":"London","countryCode":null,"county":"GB","latitude":51.507596,"longitude":-0.203565,"postalCode":null,"region":"Greater London"},"offersCount":0,"openNow":-1,"ratingsCount":0,"tradingName":"Ravna Gora Hotel"},{"id":"Google:4110559622","distance":14505,"service":"Google","detailsUrl":"http://www.google.com/maps/place?source=uds&q=Idraulica&cid=5172526320578741974","advKey":null,"contact":{"blogUrl":null,"email":null,"facebook":null,"fax":null,"foursquare":null,"mobile":null,"phone":"0802 501 3015","twitter":null,"websiteUrl":null},"displayName":null,"photoUrl":null,"thumbUrl":null,"isSponsored":false,"isUserGenerated":false,"isVerified":false,"location":{"fullAddress":"Unit 5, Forest Road, hainault, Ilford, Essex IG6 3HX, United Kingdom","address1":"Unit 5, Forest Road","address2":null,"address3":null,"city":"Ilford","countryCode":null,"county":"GB","latitude":51.59757,"longitude":0.098953,"postalCode":null,"region":"Essex"},"offersCount":0,"openNow":-1,"ratingsCount":0,"tradingName":"Design 911 UK"}],"count":4}}