{"meta":{"code":200},"response":{"venues":[{"id":"Google:9122131424","distance":163,"service":"Google","detailsUrl":"http://www.google.com/maps/place?source=uds&q=Hairdressers&cid=1781007625697664361","advKey":null,"contact":{"blogUrl":null,"email":null,"facebook":null,"fax":null,"foursquare":null,"mobile":null,"phone":"020 7247 6842","twitter":null,"websiteUrl":null},"displayName":null,"photoUrl":null,"thumbUrl":null,"isSponsored":false,"isUserGenerated":false,"isVerified":false,"location":{"fullAddress":"Unit 8 Dray Walk, The Old Truman Brewery, 91 Brick Lane, London E1 6QL, United Kingdom","address1":"Unit 8 Dray Walk, The Old Truman Brewery, 91 Brick Lane","address2":null,"address3":null,"city":"London","countryCode":null,"county":"GB","latitude":51.520346,"longitude":-0.072552,"postalCode":null,"region":"London"},"offersCount":0,"openNow":-1,"ratingsCount":0,"tradingName":"Vision Hairdressers"},{"id":"Google:6153865472","distance":192,"service":"Google","detailsUrl":"http://www.google.com/maps/place?source=uds&q=Hairdressers&cid=10645099590173143884","advKey":null,"contact":{"blogUrl":null,"email":null,"facebook":null,"fax":null,"foursquare":null,"mobile":null,"phone":"020 7033 0330","twitter":null,"websiteUrl":null},"displayName":null,"photoUrl":null,"thumbUrl":null,"isSponsored":false,"isUserGenerated":false,"isVerified":false,"location":{"fullAddress":"12 Chehsire Street,, City of London E2 6EH, United Kingdom","address1":"12 Chehsire Street,","address2":null,"address3":null,"city":"City of London","countryCode":null,"county":"GB","latitude":51.523377,"longitude":-0.070896,"postalCode":null,"region":null},"offersCount":0,"openNow":-1,"ratingsCount":0,"tradingName":"Taylor Taylor London"},{"id":"Google:4064053232","distance":257,"service":"Google","detailsUrl":"http://www.google.com/maps/place?source=uds&q=Hairdressers&cid=13012277361677919677","advKey":null,"contact":{"blogUrl":null,"email":null,"facebook":null,"fax":null,"foursquare":null,"mobile":null,"phone":"020 7377 2737","twitter":null,"websiteUrl":null},"displayName":null,"photoUrl":null,"thumbUrl":null,"isSponsored":false,"isUserGenerated":false,"isVerified":false,"location":{"fullAddress":"137 Commercial Street, City of London, London, Greater London E1 6BJ, United Kingdom","address1":"137 Commercial Street","address2":null,"address3":null,"city":"London","countryCode":null,"county":"GB","latitude":51.520825,"longitude":-0.075204,"postalCode":null,"region":"Greater London"},"offersCount":0,"openNow":-1,"ratingsCount":0,"tradingName":"Taylor Taylor"},{"id":"Google:0317405176","distance":300,"service":"Google","detailsUrl":"http://www.google.com/maps/place?source=uds&q=Hairdressers&cid=10958478678714497526","advKey":null,"contact":{"blogUrl":null,"email":null,"facebook":null,"fax":null,"foursquare":null,"mobile":null,"phone":"020 7426 2121","twitter":null,"websiteUrl":null},"displayName":null,"photoUrl":null,"thumbUrl":null,"isSponsored":false,"isUserGenerated":false,"isVerified":false,"location":{"fullAddress":"14 Lamb Street, Spitalfields, London, Greater London E1 6EA, United Kingdom","address1":"14 Lamb Street","address2":null,"address3":null,"city":"London","countryCode":null,"county":"GB","latitude":51.520067,"longitude":-0.075212,"postalCode":null,"region":"Greater London"},"offersCount":0,"openNow":-1,"ratingsCount":0,"tradingName":"Pimps and Pinups"},{"id":"Google:6857637283","distance":344,"service":"Google","detailsUrl":"http://www.google.com/maps/place?source=uds&q=Hairdressers&cid=17970685676133782353","advKey":null,"contact":{"blogUrl":null,"email":null,"facebook":null,"fax":null,"foursquare":null,"mobile":null,"phone":"020 8617 0024","twitter":null,"websiteUrl":null},"displayName":null,"photoUrl":null,"thumbUrl":null,"isSponsored":false,"isUserGenerated":false,"isVerified":false,"location":{"fullAddress":"Redchurch Street, City of London, London, Greater London E2 7DJ, United Kingdom","address1":"Redchurch Street","address2":null,"address3":null,"city":"London","countryCode":null,"county":"GB","latitude":51.524755,"longitude":-0.072918,"postalCode":null,"region":"Greater London"},"offersCount":0,"openNow":-1,"ratingsCount":0,"tradingName":"Radio London Hair Salon"},{"id":"Google:9464050872","distance":360,"service":"Google","detailsUrl":"http://www.google.com/maps/place?source=uds&q=Hairdressers&cid=16141853952053742663","advKey":null,"contact":{"blogUrl":null,"email":null,"facebook":null,"fax":null,"foursquare":null,"mobile":null,"phone":"020 7729 2154","twitter":null,"websiteUrl":null},"displayName":null,"photoUrl":null,"thumbUrl":null,"isSponsored":false,"isUserGenerated":false,"isVerified":false,"location":{"fullAddress":"65 Redchurch Street, London, E2 7DJ, United Kingdom","address1":"65 Redchurch Street","address2":null,"address3":null,"city":"London","countryCode":null,"county":"GB","latitude":51.524546,"longitude":-0.07438,"postalCode":null,"region":"London"},"offersCount":0,"openNow":-1,"ratingsCount":0,"tradingName":"The Painted Lady"},{"id":"Google:7708093721","distance":395,"service":"Google","detailsUrl":"http://www.google.com/maps/place?source=uds&q=Hairdressers&cid=8460730901994794115","advKey":null,"contact":{"blogUrl":null,"email":null,"facebook":null,"fax":null,"foursquare":null,"mobile":null,"phone":"020 7613 3097","twitter":null,"websiteUrl":null},"displayName":null,"photoUrl":null,"thumbUrl":null,"isSponsored":false,"isUserGenerated":false,"isVerified":false,"location":{"fullAddress":"129 Bethnal Green Road, London, Greater London E2 7DG, United Kingdom","address1":"129 Bethnal Green Road","address2":null,"address3":null,"city":"London","countryCode":null,"county":"GB","latitude":51.525268,"longitude":-0.071126,"postalCode":null,"region":"Greater London"},"offersCount":0,"openNow":-1,"ratingsCount":0,"tradingName":"stamp"},{"id":"Google:9068992945","distance":452,"service":"Google","detailsUrl":"http://www.google.com/maps/place?source=uds&q=Hairdressers&cid=5496703103438932735","advKey":null,"contact":{"blogUrl":null,"email":null,"facebook":null,"fax":null,"foursquare":null,"mobile":null,"phone":"020 7247 6033","twitter":null,"websiteUrl":null},"displayName":null,"photoUrl":null,"thumbUrl":null,"isSponsored":false,"isUserGenerated":false,"isVerified":false,"location":{"fullAddress":"5 Toynbee St, London E1 7NE, United Kingdom","address1":"5 Toynbee St","address2":null,"address3":null,"city":"London","countryCode":null,"county":"GB","latitude":51.518009,"longitude":-0.074415,"postalCode":null,"region":null},"offersCount":0,"openNow":-1,"ratingsCount":0,"tradingName":"Limone Beauty @ Hair and Jerome"}],"count":8}}