{"meta":{"code":200},"response":{"venues":[{"id":"Google:2064538772","distance":1340,"service":"Google","detailsUrl":"http://www.google.com/maps/place?source=uds&q=Jewellery+Gifts&cid=9602762078552052213","advKey":null,"contact":{"blogUrl":null,"email":null,"facebook":null,"fax":null,"foursquare":null,"mobile":null,"phone":"020 7621 0411","twitter":null,"websiteUrl":null},"displayName":null,"photoUrl":null,"thumbUrl":null,"isSponsored":false,"isUserGenerated":false,"isVerified":false,"location":{"fullAddress":"29 Lime St, London EC3M 7HR, United Kingdom","address1":"29 Lime St","address2":null,"address3":null,"city":"London","countryCode":null,"county":"GB","latitude":51.512051,"longitude":-0.083321,"postalCode":null,"region":null},"offersCount":0,"openNow":-1,"ratingsCount":0,"tradingName":"Oliver Bonas - Lime St"},{"id":"Google:5323629170","distance":1913,"service":"Google","detailsUrl":"http://www.google.com/maps/place?source=uds&q=Jewellery+Gifts&cid=7965232547367032539","advKey":null,"contact":{"blogUrl":null,"email":null,"facebook":null,"fax":null,"foursquare":null,"mobile":null,"phone":"020 7248 3152","twitter":null,"websiteUrl":null},"displayName":null,"photoUrl":null,"thumbUrl":null,"isSponsored":false,"isUserGenerated":false,"isVerified":false,"location":{"fullAddress":"Unit 24, One New Change 14 New Change Passage, City of London, EC4M 9AF, United Kingdom","address1":"Unit 24, One New Change 14 New Change Passage","address2":null,"address3":null,"city":"London","countryCode":null,"county":"GB","latitude":51.514046,"longitude":-0.096523,"postalCode":null,"region":"Greater London"},"offersCount":0,"openNow":-1,"ratingsCount":0,"tradingName":"Oliver Bonas - Cheapside"},{"id":"Google:7454421094","distance":3257,"service":"Google","detailsUrl":"http://www.google.com/maps/place?source=uds&q=Jewellery+Gifts&cid=10905093351246998693","advKey":null,"contact":{"blogUrl":null,"email":null,"facebook":null,"fax":null,"foursquare":null,"mobile":null,"phone":"020 7359 4977","twitter":null,"websiteUrl":null},"displayName":null,"photoUrl":null,"thumbUrl":null,"isSponsored":false,"isUserGenerated":false,"isVerified":false,"location":{"fullAddress":"210 Upper Street, London, N1 1RL, United Kingdom","address1":"210 Upper Street","address2":null,"address3":null,"city":"London","countryCode":null,"county":"GB","latitude":51.543444,"longitude":-0.103399,"postalCode":null,"region":"London"},"offersCount":0,"openNow":-1,"ratingsCount":0,"tradingName":"Einhorn Stephen Ltd"},{"id":"Google:5046773237","distance":5667,"service":"Google","detailsUrl":"http://www.google.com/maps/place?source=uds&q=Jewellery+Gifts&cid=6114963021435193141","advKey":null,"contact":{"blogUrl":null,"email":null,"facebook":null,"fax":null,"foursquare":null,"mobile":null,"phone":"020 7482 5552","twitter":null,"websiteUrl":null},"displayName":null,"photoUrl":null,"thumbUrl":null,"isSponsored":false,"isUserGenerated":false,"isVerified":false,"location":{"fullAddress":"237 Kentish Town Road, London Borough of Camden, NW5 2JT, United Kingdom","address1":"237 Kentish Town Road","address2":null,"address3":null,"city":"London","countryCode":null,"county":"GB","latitude":51.549176,"longitude":-0.140835,"postalCode":null,"region":"Greater London"},"offersCount":0,"openNow":-1,"ratingsCount":0,"tradingName":"Everlasting Castings"},{"id":"Google:6443827956","distance":6718,"service":"Google","detailsUrl":"http://www.google.com/maps/place?source=uds&q=Jewellery+Gifts&cid=5832770162810333993","advKey":null,"contact":{"blogUrl":null,"email":null,"facebook":null,"fax":null,"foursquare":null,"mobile":null,"phone":"020 7706 0060","twitter":null,"websiteUrl":null},"displayName":null,"photoUrl":null,"thumbUrl":null,"isSponsored":false,"isUserGenerated":false,"isVerified":false,"location":{"fullAddress":"6 Junction Mews, London W2 1PN, United Kingdom","address1":"6 Junction Mews","address2":null,"address3":null,"city":"London","countryCode":null,"county":"GB","latitude":51.517924,"longitude":-0.168692,"postalCode":null,"region":null},"offersCount":0,"openNow":-1,"ratingsCount":0,"tradingName":"Astley Clarke London"},{"id":"Google:4386662368","distance":7515,"service":"Google","detailsUrl":"http://www.google.com/maps/place?source=uds&q=Jewellery+Gifts&cid=8790280576922219466","advKey":null,"contact":{"blogUrl":null,"email":null,"facebook":null,"fax":null,"foursquare":null,"mobile":null,"phone":"020 8470 0600","twitter":null,"websiteUrl":null},"displayName":null,"photoUrl":null,"thumbUrl":null,"isSponsored":false,"isUserGenerated":false,"isVerified":false,"location":{"fullAddress":"296-298 Green Street, London, Greater London E7 8LF, United Kingdom","address1":"296-298 Green Street","address2":null,"address3":null,"city":"London","countryCode":null,"county":"GB","latitude":51.537956,"longitude":0.033682,"postalCode":null,"region":"Greater London"},"offersCount":0,"openNow":-1,"ratingsCount":0,"tradingName":"Bees (ShopBees)"},{"id":"Google:6282326503","distance":13562,"service":"Google","detailsUrl":"http://www.google.com/maps/place?source=uds&q=Jewellery+Gifts&cid=5309737157001984586","advKey":null,"contact":{"blogUrl":null,"email":null,"facebook":null,"fax":null,"foursquare":null,"mobile":null,"phone":"0844 335 3923","twitter":null,"websiteUrl":null},"displayName":null,"photoUrl":null,"thumbUrl":null,"isSponsored":false,"isUserGenerated":false,"isVerified":false,"location":{"fullAddress":"10 Barley Mow Passage, London, W4 4PH, United Kingdom","address1":"10 Barley Mow Passage","address2":null,"address3":null,"city":"London","countryCode":null,"county":"GB","latitude":51.491867,"longitude":-0.261788,"postalCode":null,"region":null},"offersCount":0,"openNow":-1,"ratingsCount":0,"tradingName":"Brown Molly"},{"id":"Google:1505207060","distance":14958,"service":"Google","detailsUrl":"http://www.google.com/maps/place?source=uds&q=Jewellery+Gifts&cid=382726068532358036","advKey":null,"contact":{"blogUrl":null,"email":null,"facebook":null,"fax":null,"foursquare":null,"mobile":null,"phone":"0845 617 0891","twitter":null,"websiteUrl":null},"displayName":null,"photoUrl":null,"thumbUrl":null,"isSponsored":false,"isUserGenerated":false,"isVerified":false,"location":{"fullAddress":"Fulton House, Fulton Road, London, Wembley, Middlesex HA9 0TF, United Kingdom","address1":"Fulton House, Fulton Road","address2":null,"address3":null,"city":"Wembley","countryCode":null,"county":"GB","latitude":51.560487,"longitude":-0.278912,"postalCode":null,"region":"Middlesex"},"offersCount":0,"openNow":-1,"ratingsCount":0,"tradingName":"TreatHer.com"}],"count":8}}