{"meta":{"code":200},"response":{"venues":[{"id":"Google:7334287094","distance":649,"service":"Google","detailsUrl":"http://www.google.com/maps/place?source=uds&q=Jewellery+Watches+Clocks&cid=6017853143158392524","advKey":null,"contact":{"blogUrl":null,"email":null,"facebook":null,"fax":null,"foursquare":null,"mobile":null,"phone":"020 7283 2332","twitter":null,"websiteUrl":null},"displayName":null,"photoUrl":null,"thumbUrl":null,"isSponsored":false,"isUserGenerated":false,"isVerified":false,"location":{"fullAddress":"Bishopsgate Arcade, 135 Bishopsgate Arcade, Bishopsgate EC2M 4NL, United Kingdom","address1":"Bishopsgate Arcade, 135 Bishopsgate Arcade","address2":null,"address3":null,"city":"Bishopsgate","countryCode":null,"county":"GB","latitude":51.518728,"longitude":-0.079838,"postalCode":null,"region":null},"offersCount":0,"openNow":-1,"ratingsCount":0,"tradingName":"Goldsmiths"},{"id":"Google:4200765862","distance":1287,"service":"Google","detailsUrl":"http://www.google.com/maps/place?source=uds&q=Jewellery+Watches+Clocks&cid=5637979387355544518","advKey":null,"contact":{"blogUrl":null,"email":null,"facebook":null,"fax":null,"foursquare":null,"mobile":null,"phone":"020 7929 7060","twitter":null,"websiteUrl":null},"displayName":null,"photoUrl":null,"thumbUrl":null,"isSponsored":false,"isUserGenerated":false,"isVerified":false,"location":{"fullAddress":"33 Leadenhall Market, The City, London EC3V 1LR, United Kingdom","address1":"33 Leadenhall Market","address2":null,"address3":null,"city":"London","countryCode":null,"county":"GB","latitude":51.51268,"longitude":-0.083393,"postalCode":null,"region":null},"offersCount":0,"openNow":-1,"ratingsCount":0,"tradingName":"Beau Gems"},{"id":"Google:7043657904","distance":1291,"service":"Google","detailsUrl":"http://www.google.com/maps/place?source=uds&q=Jewellery+Watches+Clocks&cid=14648775883734120746","advKey":null,"contact":{"blogUrl":null,"email":null,"facebook":null,"fax":null,"foursquare":null,"mobile":null,"phone":"020 7283 1080","twitter":null,"websiteUrl":null},"displayName":null,"photoUrl":null,"thumbUrl":null,"isSponsored":false,"isUserGenerated":false,"isVerified":false,"location":{"fullAddress":"125-126 Fenchurch Street, London EC3M 5DF, United Kingdom","address1":"125-126 Fenchurch Street","address2":null,"address3":null,"city":"London","countryCode":null,"county":"GB","latitude":51.511818,"longitude":-0.081492,"postalCode":null,"region":null},"offersCount":0,"openNow":-1,"ratingsCount":0,"tradingName":"Mappin & Webb"},{"id":"Google:5266742957","distance":1399,"service":"Google","detailsUrl":"http://www.google.com/maps/place?source=uds&q=Jewellery+Watches+Clocks&cid=17176969973359116232","advKey":null,"contact":{"blogUrl":null,"email":null,"facebook":null,"fax":null,"foursquare":null,"mobile":null,"phone":"020 7283 1045","twitter":null,"websiteUrl":null},"displayName":null,"photoUrl":null,"thumbUrl":null,"isSponsored":false,"isUserGenerated":false,"isVerified":false,"location":{"fullAddress":"22 Royal Exchange Threadneedle Street, London, Greater London EC3V 3LP, United Kingdom","address1":"22 Royal Exchange Threadneedle Street","address2":null,"address3":null,"city":"London","countryCode":null,"county":"GB","latitude":51.513764,"longitude":-0.08744,"postalCode":null,"region":"Greater London"},"offersCount":0,"openNow":-1,"ratingsCount":0,"tradingName":"Watches of Switzerland"},{"id":"Google:4491293167","distance":1631,"service":"Google","detailsUrl":"http://www.google.com/maps/place?source=uds&q=Jewellery+Watches+Clocks&cid=16912724560570023770","advKey":null,"contact":{"blogUrl":null,"email":null,"facebook":null,"fax":null,"foursquare":null,"mobile":null,"phone":"07944 059924","twitter":null,"websiteUrl":null},"displayName":null,"photoUrl":null,"thumbUrl":null,"isSponsored":false,"isUserGenerated":false,"isVerified":false,"location":{"fullAddress":"65 Roman Rd, London E2 0QN, United Kingdom","address1":"65 Roman Rd","address2":null,"address3":null,"city":"London","countryCode":null,"county":"GB","latitude":51.528131,"longitude":-0.050561,"postalCode":null,"region":null},"offersCount":0,"openNow":-1,"ratingsCount":0,"tradingName":"paul mark hatton jewellery"},{"id":"Google:8412786374","distance":2023,"service":"Google","detailsUrl":"http://www.google.com/maps/place?source=uds&q=Jewellery+Watches+Clocks&cid=18436535350123727222","advKey":null,"contact":{"blogUrl":null,"email":null,"facebook":null,"fax":null,"foursquare":null,"mobile":null,"phone":"020 7489 0909","twitter":null,"websiteUrl":null},"displayName":null,"photoUrl":null,"thumbUrl":null,"isSponsored":false,"isUserGenerated":false,"isVerified":false,"location":{"fullAddress":"1 Paternoster Square, City of London, London, Greater London EC4M 7DX, United Kingdom","address1":"1 Paternoster Square","address2":null,"address3":null,"city":"London","countryCode":null,"county":"GB","latitude":51.514501,"longitude":-0.098623,"postalCode":null,"region":"Greater London"},"offersCount":0,"openNow":-1,"ratingsCount":0,"tradingName":"Pasha Jewellers"},{"id":"Google:5808591949","distance":2064,"service":"Google","detailsUrl":"http://www.google.com/maps/place?source=uds&q=Jewellery+Watches+Clocks&cid=6887620880357450543","advKey":null,"contact":{"blogUrl":null,"email":null,"facebook":null,"fax":null,"foursquare":null,"mobile":null,"phone":"07976 597110","twitter":null,"websiteUrl":null},"displayName":null,"photoUrl":null,"thumbUrl":null,"isSponsored":false,"isUserGenerated":false,"isVerified":false,"location":{"fullAddress":"19 Clerkenwell Rd, London, Islington, London EC1M 5RD, United Kingdom","address1":"19 Clerkenwell Rd","address2":null,"address3":null,"city":"Islington","countryCode":null,"county":"GB","latitude":51.52248,"longitude":-0.101603,"postalCode":null,"region":"London"},"offersCount":0,"openNow":-1,"ratingsCount":0,"tradingName":"Antique Watch Co UK"},{"id":"Google:0357684416","distance":2959,"service":"Google","detailsUrl":"http://www.google.com/maps/place?source=uds&q=Jewellery+Watches+Clocks&cid=16990761492862558781","advKey":null,"contact":{"blogUrl":null,"email":null,"facebook":null,"fax":null,"foursquare":null,"mobile":null,"phone":"020 7353 4195","twitter":null,"websiteUrl":null},"displayName":null,"photoUrl":null,"thumbUrl":null,"isSponsored":false,"isUserGenerated":false,"isVerified":false,"location":{"fullAddress":"226 Strand, Charing Cross WC2R 1BA, United Kingdom","address1":"226 Strand","address2":null,"address3":null,"city":"Charing Cross","countryCode":null,"county":"GB","latitude":51.513462,"longitude":-0.112434,"postalCode":null,"region":null},"offersCount":0,"openNow":-1,"ratingsCount":0,"tradingName":"Alsal Watches"}],"count":8}}