{"meta":{"code":200},"response":{"venues":[{"id":"Google:9779728732","distance":200,"service":"Google","detailsUrl":"http://www.google.com/maps/place?source=uds&q=Bakeries&cid=2171453901088474920","advKey":null,"contact":{"blogUrl":null,"email":null,"facebook":null,"fax":null,"foursquare":null,"mobile":null,"phone":"020 3222 0087","twitter":null,"websiteUrl":null},"displayName":null,"photoUrl":null,"thumbUrl":null,"isSponsored":false,"isUserGenerated":false,"isVerified":false,"location":{"fullAddress":"66 Sclater St, London E1 6HR, United Kingdom","address1":"66 Sclater St","address2":null,"address3":null,"city":"London","countryCode":null,"county":"GB","latitude":51.523533,"longitude":-0.071518,"postalCode":null,"region":null},"offersCount":0,"openNow":-1,"ratingsCount":0,"tradingName":"Totally Baked"},{"id":"Google:4351179613","distance":245,"service":"Google","detailsUrl":"http://www.google.com/maps/place?source=uds&q=Bakeries&cid=17386505554162351661","advKey":null,"contact":{"blogUrl":null,"email":null,"facebook":null,"fax":null,"foursquare":null,"mobile":null,"phone":"020 7729 0826","twitter":null,"websiteUrl":null},"displayName":null,"photoUrl":null,"thumbUrl":null,"isSponsored":false,"isUserGenerated":false,"isVerified":false,"location":{"fullAddress":"153 Brick La, London E1 6SB, United Kingdom","address1":"153 Brick La","address2":null,"address3":null,"city":"London","countryCode":null,"county":"GB","latitude":51.523946,"longitude":-0.071664,"postalCode":null,"region":null},"offersCount":0,"openNow":-1,"ratingsCount":0,"tradingName":"The Beigal Shop"},{"id":"Google:4006374349","distance":245,"service":"Google","detailsUrl":"http://www.google.com/maps/place?source=uds&q=Bakeries&cid=4699519770753452043","advKey":null,"contact":{"blogUrl":null,"email":null,"facebook":null,"fax":null,"foursquare":null,"mobile":null,"phone":"020 7729 0826","twitter":null,"websiteUrl":null},"displayName":null,"photoUrl":null,"thumbUrl":null,"isSponsored":false,"isUserGenerated":false,"isVerified":false,"location":{"fullAddress":"155 Brick Lane, London E1 6SB, United Kingdom","address1":"155 Brick Lane","address2":null,"address3":null,"city":"London","countryCode":null,"county":"GB","latitude":51.523942,"longitude":-0.07172,"postalCode":null,"region":null},"offersCount":0,"openNow":-1,"ratingsCount":0,"tradingName":"Beigel Factory"},{"id":"Google:6438015075","distance":290,"service":"Google","detailsUrl":"http://www.google.com/maps/place?source=uds&q=Bakeries&cid=5599859459683605559","advKey":null,"contact":{"blogUrl":null,"email":null,"facebook":null,"fax":null,"foursquare":null,"mobile":null,"phone":"01707 397050","twitter":null,"websiteUrl":null},"displayName":null,"photoUrl":null,"thumbUrl":null,"isSponsored":false,"isUserGenerated":false,"isVerified":false,"location":{"fullAddress":"55 Brick Lane, Spitalfields E1 6PU, United Kingdom","address1":"55 Brick Lane","address2":null,"address3":null,"city":"Spitalfields","countryCode":null,"county":"GB","latitude":51.519123,"longitude":-0.071903,"postalCode":null,"region":null},"offersCount":0,"openNow":-1,"ratingsCount":0,"tradingName":"Ambala Sweet Centre"},{"id":"Google:9391037590","distance":302,"service":"Google","detailsUrl":"http://www.google.com/maps/place?source=uds&q=Bakeries&cid=6057134507822857545","advKey":null,"contact":{"blogUrl":null,"email":null,"facebook":null,"fax":null,"foursquare":null,"mobile":null,"phone":"020 7729 0616","twitter":null,"websiteUrl":null},"displayName":null,"photoUrl":null,"thumbUrl":null,"isSponsored":false,"isUserGenerated":false,"isVerified":false,"location":{"fullAddress":"United Kingdom","address1":"United Kingdom","address2":null,"address3":null,"city":null,"countryCode":null,"county":"GB","latitude":51.524453,"longitude":-0.071745,"postalCode":null,"region":null},"offersCount":0,"openNow":-1,"ratingsCount":0,"tradingName":"Beigel Bake"},{"id":"Google:2609757321","distance":493,"service":"Google","detailsUrl":"http://www.google.com/maps/place?source=uds&q=Bakeries&cid=9549905401974062528","advKey":null,"contact":{"blogUrl":null,"email":null,"facebook":null,"fax":null,"foursquare":null,"mobile":null,"phone":"020 7247 4906","twitter":null,"websiteUrl":null},"displayName":null,"photoUrl":null,"thumbUrl":null,"isSponsored":false,"isUserGenerated":false,"isVerified":false,"location":{"fullAddress":"37 Brushfield Street, London, Greater London E1 6AA, United Kingdom","address1":"37 Brushfield Street","address2":null,"address3":null,"city":"London","countryCode":null,"county":"GB","latitude":51.519115,"longitude":-0.077537,"postalCode":null,"region":"Greater London"},"offersCount":0,"openNow":-1,"ratingsCount":0,"tradingName":"Patisserie Valerie"},{"id":"Google:1384200763","distance":501,"service":"Google","detailsUrl":"http://www.google.com/maps/place?source=uds&q=Bakeries&cid=4277601648567176458","advKey":null,"contact":{"blogUrl":null,"email":null,"facebook":null,"fax":null,"foursquare":null,"mobile":null,"phone":"020 7247 6228","twitter":null,"websiteUrl":null},"displayName":null,"photoUrl":null,"thumbUrl":null,"isSponsored":false,"isUserGenerated":false,"isVerified":false,"location":{"fullAddress":"79 Vallance Road, London, Greater London E1 5BS, United Kingdom","address1":"79 Vallance Road","address2":null,"address3":null,"city":"London","countryCode":null,"county":"GB","latitude":51.522,"longitude":-0.064557,"postalCode":null,"region":"Greater London"},"offersCount":0,"openNow":-1,"ratingsCount":0,"tradingName":"Rinkoff Bakeries Ltd"},{"id":"Google:9726607581","distance":568,"service":"Google","detailsUrl":"http://www.google.com/maps/place?source=uds&q=Bakeries&cid=3050049689486911029","advKey":null,"contact":{"blogUrl":null,"email":null,"facebook":null,"fax":null,"foursquare":null,"mobile":null,"phone":"020 7851 1795","twitter":null,"websiteUrl":null},"displayName":null,"photoUrl":null,"thumbUrl":null,"isSponsored":false,"isUserGenerated":false,"isVerified":false,"location":{"fullAddress":"11 Frying Pan Alley, London, Greater London E1 7HS, United Kingdom","address1":"11 Frying Pan Alley","address2":null,"address3":null,"city":"London","countryCode":null,"county":"GB","latitude":51.517709,"longitude":-0.076861,"postalCode":null,"region":"Greater London"},"offersCount":0,"openNow":-1,"ratingsCount":0,"tradingName":"The Hummingbird Bakery"},{"id":"9929","distance":1003,"service":"NearMe","detailsUrl":null,"advKey":"269f3a010d6e4da2a8c480e81874180a","contact":{"blogUrl":null,"email":null,"facebook":null,"fax":null,"foursquare":null,"mobile":null,"phone":"0207 7392328","twitter":null,"websiteUrl":"http://www.greggs.co.uk"},"displayName":"greggs_9929","photoUrl":"http://www.getnearme.com/data/merchants/2012/04/greggs/greggs_9929/kPCDAqyTs8_640x480.png","thumbUrl":"http://www.getnearme.com/data/merchants/2012/04/greggs/greggs_9929/kPCDAqyTs8_72x54.png","isSponsored":false,"isUserGenerated":false,"isVerified":false,"location":{"fullAddress":"416 Bethnal Green Road, E2 0DJ Bethnal Green, United Kingdom","address1":"416 Bethnal Green Road","address2":null,"address3":null,"city":"Bethnal Green","countryCode":"GB","county":"Grtr London","latitude":51.5267785,"longitude":-0.0597634,"postalCode":"E2 0DJ","region":null},"offersCount":0,"openNow":-1,"ratingsCount":0,"tradingName":"Greggs"},{"id":"10359","distance":1515,"service":"NearMe","detailsUrl":null,"advKey":"269f3a010d6e4da2a8c480e81874180a","contact":{"blogUrl":null,"email":null,"facebook":null,"fax":null,"foursquare":null,"mobile":null,"phone":"0207 6262940","twitter":null,"websiteUrl":"http://www.greggs.co.uk"},"displayName":"greggs_10359","photoUrl":"http://www.getnearme.com/data/merchants/2012/04/greggs/greggs_10359/y2rdeXsopn_640x480.png","thumbUrl":"http://www.getnearme.com/data/merchants/2012/04/greggs/greggs_10359/y2rdeXsopn_72x54.png","isSponsored":false,"isUserGenerated":false,"isVerified":false,"location":{"fullAddress":"13-21 Eastcheap, EC3M 1BU London, United Kingdom","address1":"13-21 Eastcheap","address2":null,"address3":null,"city":"London","countryCode":"GB","county":null,"latitude":51.5108021,"longitude":-0.0848732,"postalCode":"EC3M 1BU","region":null},"offersCount":0,"openNow":-1,"ratingsCount":0,"tradingName":"Greggs"},{"id":"11050","distance":1775,"service":"NearMe","detailsUrl":null,"advKey":"269f3a010d6e4da2a8c480e81874180a","contact":{"blogUrl":null,"email":null,"facebook":null,"fax":null,"foursquare":null,"mobile":null,"phone":"2072362052","twitter":null,"websiteUrl":"http://www.greggs.co.uk"},"displayName":"greggs_11050","photoUrl":"http://www.getnearme.com/data/merchants/2012/04/greggs/greggs_11050/c41ZfULXcg_640x480.png","thumbUrl":"http://www.getnearme.com/data/merchants/2012/04/greggs/greggs_11050/c41ZfULXcg_72x54.png","isSponsored":false,"isUserGenerated":false,"isVerified":false,"location":{"fullAddress":"Unit 3 Bow Bells House, EC2V 6AT Central London, United Kingdom","address1":"Unit 3 Bow Bells House","address2":null,"address3":null,"city":"Central London","countryCode":"GB","county":null,"latitude":51.513944,"longitude":-0.0941924,"postalCode":"EC2V 6AT","region":null},"offersCount":0,"openNow":-1,"ratingsCount":0,"tradingName":"Greggs"},{"id":"9967","distance":1834,"service":"NearMe","detailsUrl":null,"advKey":"269f3a010d6e4da2a8c480e81874180a","contact":{"blogUrl":null,"email":null,"facebook":null,"fax":null,"foursquare":null,"mobile":null,"phone":"0208 9801624","twitter":null,"websiteUrl":"http://www.greggs.co.uk"},"displayName":"greggs_9967","photoUrl":"http://www.getnearme.com/data/merchants/2012/04/greggs/greggs_9967/Y6M7aB0MpU_640x480.png","thumbUrl":"http://www.getnearme.com/data/merchants/2012/04/greggs/greggs_9967/Y6M7aB0MpU_72x54.png","isSponsored":false,"isUserGenerated":false,"isVerified":false,"location":{"fullAddress":"112 Roman Road, E2 0RN London, United Kingdom","address1":"112 Roman Road","address2":null,"address3":null,"city":"London","countryCode":"GB","county":null,"latitude":51.5285374,"longitude":-0.0476216,"postalCode":"E2 0RN","region":null},"offersCount":0,"openNow":-1,"ratingsCount":0,"tradingName":"Greggs"},{"id":"10188","distance":2664,"service":"NearMe","detailsUrl":null,"advKey":"269f3a010d6e4da2a8c480e81874180a","contact":{"blogUrl":null,"email":null,"facebook":null,"fax":null,"foursquare":null,"mobile":null,"phone":"0207 4302395","twitter":null,"websiteUrl":"http://www.greggs.co.uk"},"displayName":"greggs_10188","photoUrl":"http://www.getnearme.com/data/merchants/2012/04/greggs/greggs_10188/DEXrwOcDzu_640x480.png","thumbUrl":"http://www.getnearme.com/data/merchants/2012/04/greggs/greggs_10188/DEXrwOcDzu_72x54.png","isSponsored":false,"isUserGenerated":false,"isVerified":false,"location":{"fullAddress":"81/81(a) Leather Lane, EC1N 7TS Gtr London, United Kingdom","address1":"81/81(a) Leather Lane","address2":null,"address3":null,"city":"Gtr London","countryCode":"GB","county":null,"latitude":51.5213987,"longitude":-0.1102995,"postalCode":"EC1N 7TS","region":null},"offersCount":0,"openNow":-1,"ratingsCount":0,"tradingName":"Greggs"},{"id":"10066","distance":2953,"service":"NearMe","detailsUrl":null,"advKey":"269f3a010d6e4da2a8c480e81874180a","contact":{"blogUrl":null,"email":null,"facebook":null,"fax":null,"foursquare":null,"mobile":null,"phone":"0207 4033010","twitter":null,"websiteUrl":"http://www.greggs.co.uk"},"displayName":"greggs_10066","photoUrl":"http://www.getnearme.com/data/merchants/2012/04/greggs/greggs_10066/bheQQVxiO9_640x480.png","thumbUrl":"http://www.getnearme.com/data/merchants/2012/04/greggs/greggs_10066/bheQQVxiO9_72x54.png","isSponsored":false,"isUserGenerated":false,"isVerified":false,"location":{"fullAddress":"79 Tower Bridge Road, SE1 4TW London, United Kingdom","address1":"79 Tower Bridge Road","address2":null,"address3":null,"city":"London","countryCode":"GB","county":null,"latitude":51.4960965,"longitude":-0.0829446,"postalCode":"SE1 4TW","region":null},"offersCount":0,"openNow":-1,"ratingsCount":0,"tradingName":"Greggs"},{"id":"9937","distance":2968,"service":"NearMe","detailsUrl":null,"advKey":"269f3a010d6e4da2a8c480e81874180a","contact":{"blogUrl":null,"email":null,"facebook":null,"fax":null,"foursquare":null,"mobile":null,"phone":"0207 2757722","twitter":null,"websiteUrl":"http://www.greggs.co.uk"},"displayName":"greggs_9937","photoUrl":"http://www.getnearme.com/data/merchants/2012/04/greggs/greggs_9937/bJ2TpYabGB_640x480.png","thumbUrl":"http://www.getnearme.com/data/merchants/2012/04/greggs/greggs_9937/bJ2TpYabGB_72x54.png","isSponsored":false,"isUserGenerated":false,"isVerified":false,"location":{"fullAddress":"61 Kingsland High Street, E8 2JS London, United Kingdom","address1":"61 Kingsland High Street","address2":null,"address3":null,"city":"London","countryCode":"GB","county":null,"latitude":51.5483259,"longitude":-0.0755707,"postalCode":"E8 2JS","region":null},"offersCount":0,"openNow":-1,"ratingsCount":0,"tradingName":"Greggs"},{"id":"9955","distance":3204,"service":"NearMe","detailsUrl":null,"advKey":"269f3a010d6e4da2a8c480e81874180a","contact":{"blogUrl":null,"email":null,"facebook":null,"fax":null,"foursquare":null,"mobile":null,"phone":"0208 5330473","twitter":null,"websiteUrl":"http://www.greggs.co.uk"},"displayName":"greggs_9955","photoUrl":"http://www.getnearme.com/data/merchants/2012/04/greggs/greggs_9955/u7HaWepkJn_640x480.png","thumbUrl":"http://www.getnearme.com/data/merchants/2012/04/greggs/greggs_9955/u7HaWepkJn_72x54.png","isSponsored":false,"isUserGenerated":false,"isVerified":false,"location":{"fullAddress":"387b Mare Street, E8 1HY London, United Kingdom","address1":"387b Mare Street","address2":null,"address3":null,"city":"London","countryCode":"GB","county":null,"latitude":51.5486299,"longitude":-0.0551461,"postalCode":"E8 1HY","region":null},"offersCount":0,"openNow":-1,"ratingsCount":0,"tradingName":"Greggs"},{"id":"9870","distance":3391,"service":"NearMe","detailsUrl":null,"advKey":"269f3a010d6e4da2a8c480e81874180a","contact":{"blogUrl":null,"email":null,"facebook":null,"fax":null,"foursquare":null,"mobile":null,"phone":"0208 9817896","twitter":null,"websiteUrl":"http://www.greggs.co.uk"},"displayName":"greggs_9870","photoUrl":"http://www.getnearme.com/data/merchants/2012/04/greggs/greggs_9870/xEEc6xbg6Z_640x480.png","thumbUrl":"http://www.getnearme.com/data/merchants/2012/04/greggs/greggs_9870/xEEc6xbg6Z_72x54.png","isSponsored":false,"isUserGenerated":false,"isVerified":false,"location":{"fullAddress":"628 Roman Road, E3  2RW London, United Kingdom","address1":"628 Roman Road","address2":null,"address3":null,"city":"London","countryCode":"GB","county":null,"latitude":51.5340401,"longitude":-0.0269226,"postalCode":"E3  2RW","region":null},"offersCount":0,"openNow":-1,"ratingsCount":0,"tradingName":"Greggs"},{"id":"10504","distance":3501,"service":"NearMe","detailsUrl":null,"advKey":"269f3a010d6e4da2a8c480e81874180a","contact":{"blogUrl":null,"email":null,"facebook":null,"fax":null,"foursquare":null,"mobile":null,"phone":"0207 2405396","twitter":null,"websiteUrl":"http://www.greggs.co.uk"},"displayName":"greggs_10504","photoUrl":"http://www.getnearme.com/data/merchants/2012/04/greggs/greggs_10504/XUcxmBGJQW_640x480.png","thumbUrl":"http://www.getnearme.com/data/merchants/2012/04/greggs/greggs_10504/XUcxmBGJQW_72x54.png","isSponsored":false,"isUserGenerated":false,"isVerified":false,"location":{"fullAddress":"143 The Strand, WC2R 1JA London, United Kingdom","address1":"143 The Strand","address2":null,"address3":null,"city":"London","countryCode":"GB","county":null,"latitude":51.5111605,"longitude":-0.1194493,"postalCode":"WC2R 1JA","region":null},"offersCount":0,"openNow":-1,"ratingsCount":0,"tradingName":"Greggs"}],"count":18}}