{"meta":{"code":200},"response":{"venues":[{"id":"Google:8221821151","distance":4529,"service":"Google","detailsUrl":"http://www.google.com/maps/place?source=uds&q=Fishing+and+Hunting&cid=15200653263130016935","advKey":null,"contact":{"blogUrl":null,"email":null,"facebook":null,"fax":null,"foursquare":null,"mobile":null,"phone":"020 7839 8959","twitter":null,"websiteUrl":null},"displayName":null,"photoUrl":null,"thumbUrl":null,"isSponsored":false,"isUserGenerated":false,"isVerified":false,"location":{"fullAddress":"9 Pall Mall, London, Greater London SW1Y 5NP, United Kingdom","address1":"9 Pall Mall","address2":null,"address3":null,"city":"London","countryCode":null,"county":"GB","latitude":51.507184,"longitude":-0.132927,"postalCode":null,"region":"Greater London"},"offersCount":0,"openNow":-1,"ratingsCount":0,"tradingName":"Farlows"},{"id":"Google:4180129950","distance":5112,"service":"Google","detailsUrl":"http://www.google.com/maps/place?source=uds&q=Fishing+and+Hunting&cid=2660589226899221585","advKey":null,"contact":{"blogUrl":null,"email":null,"facebook":null,"fax":null,"foursquare":null,"mobile":null,"phone":"020 7499 7496","twitter":null,"websiteUrl":null},"displayName":null,"photoUrl":null,"thumbUrl":null,"isSponsored":false,"isUserGenerated":false,"isVerified":false,"location":{"fullAddress":"36A Dover Street, London, Greater London W1S 4NH, United Kingdom","address1":"36A Dover Street","address2":null,"address3":null,"city":"London","countryCode":null,"county":"GB","latitude":51.50864,"longitude":-0.142604,"postalCode":null,"region":"Greater London"},"offersCount":0,"openNow":-1,"ratingsCount":0,"tradingName":"Orvis®"},{"id":"Google:6092118093","distance":5926,"service":"Google","detailsUrl":"http://www.google.com/maps/place?source=uds&q=Fishing+and+Hunting&cid=14925167731231278124","advKey":null,"contact":{"blogUrl":null,"email":null,"facebook":null,"fax":null,"foursquare":null,"mobile":null,"phone":"020 7499 9943","twitter":null,"websiteUrl":null},"displayName":null,"photoUrl":null,"thumbUrl":null,"isSponsored":false,"isUserGenerated":false,"isVerified":false,"location":{"fullAddress":"28 Upper Grosvenor Street, London W1K 7EH, United Kingdom","address1":"28 Upper Grosvenor Street","address2":null,"address3":null,"city":"London","countryCode":null,"county":"GB","latitude":51.510091,"longitude":-0.155364,"postalCode":null,"region":null},"offersCount":0,"openNow":-1,"ratingsCount":0,"tradingName":"Corrigan's Mayfair"},{"id":"Google:8488973457","distance":8049,"service":"Google","detailsUrl":"http://www.google.com/maps/place?source=uds&q=Fishing+and+Hunting&cid=2079228942215913283","advKey":null,"contact":{"blogUrl":null,"email":null,"facebook":null,"fax":null,"foursquare":null,"mobile":null,"phone":"020 7352 6500","twitter":null,"websiteUrl":null},"displayName":null,"photoUrl":null,"thumbUrl":null,"isSponsored":false,"isUserGenerated":false,"isVerified":false,"location":{"fullAddress":"298 King's Road, London, Greater London SW3 5UG, United Kingdom","address1":"298 King's Road","address2":null,"address3":null,"city":"London","countryCode":null,"county":"GB","latitude":51.486062,"longitude":-0.172976,"postalCode":null,"region":"Greater London"},"offersCount":0,"openNow":-1,"ratingsCount":0,"tradingName":"The Cadogan Arms"},{"id":"Google:7767939537","distance":8687,"service":"Google","detailsUrl":"http://www.google.com/maps/place?source=uds&q=Fishing+and+Hunting&cid=1827233111880802526","advKey":null,"contact":{"blogUrl":null,"email":null,"facebook":null,"fax":null,"foursquare":null,"mobile":null,"phone":"07983 626761","twitter":null,"websiteUrl":null},"displayName":null,"photoUrl":null,"thumbUrl":null,"isSponsored":false,"isUserGenerated":false,"isVerified":false,"location":{"fullAddress":"7 Hollywood Mews, London SW10 9HU, United Kingdom","address1":"7 Hollywood Mews","address2":null,"address3":null,"city":"London","countryCode":null,"county":"GB","latitude":51.486334,"longitude":-0.183683,"postalCode":null,"region":null},"offersCount":0,"openNow":-1,"ratingsCount":0,"tradingName":"Wherewisemenshoot"},{"id":"Google:7628259310","distance":15653,"service":"Google","detailsUrl":"http://www.google.com/maps/place?source=uds&q=Fishing+and+Hunting&cid=10691049919487324421","advKey":null,"contact":{"blogUrl":null,"email":null,"facebook":null,"fax":null,"foursquare":null,"mobile":null,"phone":"01634 575 600","twitter":null,"websiteUrl":null},"displayName":null,"photoUrl":null,"thumbUrl":null,"isSponsored":false,"isUserGenerated":false,"isVerified":false,"location":{"fullAddress":"68 Hailey Road, Erith, Greater London DA18 4AU, United Kingdom","address1":"68 Hailey Road","address2":null,"address3":null,"city":"Erith","countryCode":null,"county":"GB","latitude":51.496622,"longitude":0.150768,"postalCode":null,"region":"Greater London"},"offersCount":0,"openNow":-1,"ratingsCount":0,"tradingName":"Askari Fishing"},{"id":"Google:4752971385","distance":16239,"service":"Google","detailsUrl":"http://www.google.com/maps/place?source=uds&q=Fishing+and+Hunting&cid=11599912236195988878","advKey":null,"contact":{"blogUrl":null,"email":null,"facebook":null,"fax":null,"foursquare":null,"mobile":null,"phone":"020 8902 7217","twitter":null,"websiteUrl":null},"displayName":null,"photoUrl":null,"thumbUrl":null,"isSponsored":false,"isUserGenerated":false,"isVerified":false,"location":{"fullAddress":"565 High Road, Wembley, Middx HA0 2DW, United Kingdom","address1":"565 High Road","address2":null,"address3":null,"city":"Wembley","countryCode":null,"county":"GB","latitude":51.552174,"longitude":-0.301424,"postalCode":null,"region":"Middx"},"offersCount":0,"openNow":-1,"ratingsCount":0,"tradingName":"Woody's of Wembley"},{"id":"Google:8863020953","distance":24081,"service":"Google","detailsUrl":"http://www.google.com/maps/place?source=uds&q=Fishing+and+Hunting&cid=7014394794229390835","advKey":null,"contact":{"blogUrl":null,"email":null,"facebook":null,"fax":null,"foursquare":null,"mobile":null,"phone":"01737 218800","twitter":null,"websiteUrl":null},"displayName":null,"photoUrl":null,"thumbUrl":null,"isSponsored":false,"isUserGenerated":false,"isVerified":false,"location":{"fullAddress":"Arctic House, 8 Bolters Lane, Banstead, Surrey SM7 2AR, United Kingdom","address1":"Arctic House, 8 Bolters Lane","address2":null,"address3":null,"city":"Banstead","countryCode":null,"county":"GB","latitude":51.321425,"longitude":-0.203808,"postalCode":null,"region":"Surrey"},"offersCount":0,"openNow":-1,"ratingsCount":0,"tradingName":"Discover the World"}],"count":8}}