{"meta":{"code":200},"response":{"venues":[{"id":"Google:1493983755","distance":260,"service":"Google","detailsUrl":"http://www.google.com/maps/place?source=uds&q=Locksmiths&cid=11869728589791917536","advKey":null,"contact":{"blogUrl":null,"email":null,"facebook":null,"fax":null,"foursquare":null,"mobile":null,"phone":"020 8980 4091","twitter":null,"websiteUrl":null},"displayName":null,"photoUrl":null,"thumbUrl":null,"isSponsored":false,"isUserGenerated":false,"isVerified":false,"location":{"fullAddress":"Unit 25/56 Folgate St, London E1 6UW, United Kingdom","address1":"Unit 25/56 Folgate St","address2":null,"address3":null,"city":"London","countryCode":null,"county":"GB","latitude":51.520528,"longitude":-0.07502,"postalCode":null,"region":null},"offersCount":0,"openNow":-1,"ratingsCount":0,"tradingName":"London Locks"},{"id":"Google:1965319828","distance":341,"service":"Google","detailsUrl":"http://www.google.com/maps/place?source=uds&q=Locksmiths&cid=5896967116223460942","advKey":null,"contact":{"blogUrl":null,"email":null,"facebook":null,"fax":null,"foursquare":null,"mobile":null,"phone":"020 8980 4091","twitter":null,"websiteUrl":null},"displayName":null,"photoUrl":null,"thumbUrl":null,"isSponsored":false,"isUserGenerated":false,"isVerified":false,"location":{"fullAddress":"London, Greater London, United Kingdom","address1":null,"address2":null,"address3":null,"city":"London","countryCode":null,"county":"GB","latitude":51.524296,"longitude":-0.0745,"postalCode":null,"region":"Greater London"},"offersCount":0,"openNow":-1,"ratingsCount":0,"tradingName":"London Locks Ltd"},{"id":"Google:0475573092","distance":384,"service":"Google","detailsUrl":"http://www.google.com/maps/place?source=uds&q=Locksmiths&cid=8610729567521339306","advKey":null,"contact":{"blogUrl":null,"email":null,"facebook":null,"fax":null,"foursquare":null,"mobile":null,"phone":"07768 587960","twitter":null,"websiteUrl":null},"displayName":null,"photoUrl":null,"thumbUrl":null,"isSponsored":false,"isUserGenerated":false,"isVerified":false,"location":{"fullAddress":"Unit 4, 28 Folgate Street, Spitalfields, City of London, E1 6BX, United Kingdom","address1":"Unit 4, 28 Folgate Street, Spitalfields","address2":null,"address3":null,"city":null,"countryCode":null,"county":"GB","latitude":51.520805,"longitude":-0.077142,"postalCode":null,"region":null},"offersCount":0,"openNow":-1,"ratingsCount":0,"tradingName":"City Of London Locksmiths"},{"id":"Google:3003233039","distance":414,"service":"Google","detailsUrl":"http://www.google.com/maps/place?source=uds&q=Locksmiths&cid=12426933415657740064","advKey":null,"contact":{"blogUrl":null,"email":null,"facebook":null,"fax":null,"foursquare":null,"mobile":null,"phone":"020 7739 6724","twitter":null,"websiteUrl":null},"displayName":null,"photoUrl":null,"thumbUrl":null,"isSponsored":false,"isUserGenerated":false,"isVerified":false,"location":{"fullAddress":"149 Bethnal Green Road, Bethnal Green, London E2 7DG, United Kingdom","address1":"149 Bethnal Green Road","address2":null,"address3":null,"city":"London","countryCode":null,"county":"GB","latitude":51.525414,"longitude":-0.070785,"postalCode":null,"region":null},"offersCount":0,"openNow":-1,"ratingsCount":0,"tradingName":"Rose D I Y"},{"id":"Google:7758160077","distance":667,"service":"Google","detailsUrl":"http://www.google.com/maps/place?source=uds&q=Locksmiths&cid=18005531168307926997","advKey":null,"contact":{"blogUrl":null,"email":null,"facebook":null,"fax":null,"foursquare":null,"mobile":null,"phone":"020 7112 8585","twitter":null,"websiteUrl":null},"displayName":null,"photoUrl":null,"thumbUrl":null,"isSponsored":false,"isUserGenerated":false,"isVerified":false,"location":{"fullAddress":"London, Stepney Green E1 4RL, United Kingdom","address1":null,"address2":null,"address3":null,"city":"London","countryCode":null,"county":"GB","latitude":51.5158,"longitude":-0.07037,"postalCode":null,"region":"Stepney Green"},"offersCount":0,"openNow":-1,"ratingsCount":0,"tradingName":"StepneyLocksmith.com"},{"id":"Google:8318197541","distance":679,"service":"Google","detailsUrl":"http://www.google.com/maps/place?source=uds&q=Locksmiths&cid=9497704518796298327","advKey":null,"contact":{"blogUrl":null,"email":null,"facebook":null,"fax":null,"foursquare":null,"mobile":null,"phone":"020 7514 8658","twitter":null,"websiteUrl":null},"displayName":null,"photoUrl":null,"thumbUrl":null,"isSponsored":false,"isUserGenerated":false,"isVerified":false,"location":{"fullAddress":"20 John Prince's St, London W1G 0BJ, United Kingdom","address1":"20 John Prince's St, London W1G 0BJ, United Kingdom","address2":null,"address3":null,"city":null,"countryCode":null,"county":"GB","latitude":51.525185,"longitude":-0.079894,"postalCode":null,"region":null},"offersCount":0,"openNow":-1,"ratingsCount":0,"tradingName":"London College Of Fashion"},{"id":"Google:0131963002","distance":679,"service":"Google","detailsUrl":"http://www.google.com/maps/place?source=uds&q=Locksmiths&cid=8648341086595530172","advKey":null,"contact":{"blogUrl":null,"email":null,"facebook":null,"fax":null,"foursquare":null,"mobile":null,"phone":"020 3318 5768","twitter":null,"websiteUrl":null},"displayName":null,"photoUrl":null,"thumbUrl":null,"isSponsored":false,"isUserGenerated":false,"isVerified":false,"location":{"fullAddress":"5 Commercial Street, London, Greater London E1 6BF, United Kingdom","address1":"5 Commercial Street","address2":null,"address3":null,"city":"London","countryCode":null,"county":"GB","latitude":51.515631,"longitude":-0.072311,"postalCode":null,"region":"Greater London"},"offersCount":0,"openNow":-1,"ratingsCount":0,"tradingName":"Locksmith Of London"},{"id":"Google:4704005074","distance":864,"service":"Google","detailsUrl":"http://www.google.com/maps/place?source=uds&q=Locksmiths&cid=8985374932859218411","advKey":null,"contact":{"blogUrl":null,"email":null,"facebook":null,"fax":null,"foursquare":null,"mobile":null,"phone":"020 8123 6161","twitter":null,"websiteUrl":null},"displayName":null,"photoUrl":null,"thumbUrl":null,"isSponsored":false,"isUserGenerated":false,"isVerified":false,"location":{"fullAddress":"Shoreditch, London, London E2 8HN, United Kingdom","address1":null,"address2":null,"address3":null,"city":"London","countryCode":null,"county":"GB","latitude":51.528934,"longitude":-0.076497,"postalCode":null,"region":null},"offersCount":0,"openNow":-1,"ratingsCount":0,"tradingName":"Vialocksmith Locksmiths"}],"count":8}}