{"meta":{"code":200},"response":{"venues":[{"id":"Google:8040130945","distance":1527,"service":"Google","detailsUrl":"http://www.google.com/maps/place?source=uds&q=Pet+Shops&cid=8288780295782195475","advKey":null,"contact":{"blogUrl":null,"email":null,"facebook":null,"fax":null,"foursquare":null,"mobile":null,"phone":"020 7739 4237","twitter":null,"websiteUrl":null},"displayName":null,"photoUrl":null,"thumbUrl":null,"isSponsored":false,"isUserGenerated":false,"isVerified":false,"location":{"fullAddress":"36 Ermine Mews, Laburnum Street, London, E2 8BF, United Kingdom","address1":"36 Ermine Mews, Laburnum Street","address2":null,"address3":null,"city":"London","countryCode":null,"county":"GB","latitude":51.535238,"longitude":-0.075863,"postalCode":null,"region":null},"offersCount":0,"openNow":-1,"ratingsCount":0,"tradingName":"Lovemydog"},{"id":"Google:1149569793","distance":1991,"service":"Google","detailsUrl":"http://www.google.com/maps/place?source=uds&q=Pet+Shops&cid=3508998072302379918","advKey":null,"contact":{"blogUrl":null,"email":null,"facebook":null,"fax":null,"foursquare":null,"mobile":null,"phone":"020 8980 3822","twitter":null,"websiteUrl":null},"displayName":null,"photoUrl":null,"thumbUrl":null,"isSponsored":false,"isUserGenerated":false,"isVerified":false,"location":{"fullAddress":"205 Roman Road, London, Greater London E2 0QY, United Kingdom","address1":"205 Roman Road","address2":null,"address3":null,"city":"London","countryCode":null,"county":"GB","latitude":51.529512,"longitude":-0.045859,"postalCode":null,"region":"Greater London"},"offersCount":0,"openNow":-1,"ratingsCount":0,"tradingName":"Magri's Pet Shop"},{"id":"Google:4064934735","distance":2180,"service":"Google","detailsUrl":"http://www.google.com/maps/place?source=uds&q=Pet+Shops&cid=13020432082654343334","advKey":null,"contact":{"blogUrl":null,"email":null,"facebook":null,"fax":null,"foursquare":null,"mobile":null,"phone":"020 7378 1313","twitter":null,"websiteUrl":null},"displayName":null,"photoUrl":null,"thumbUrl":null,"isSponsored":false,"isUserGenerated":false,"isVerified":false,"location":{"fullAddress":"29 Shand Street, City of London, London, Greater London SE1 2ES, United Kingdom","address1":"29 Shand Street","address2":null,"address3":null,"city":"London","countryCode":null,"county":"GB","latitude":51.503015,"longitude":-0.081168,"postalCode":null,"region":"Greater London"},"offersCount":0,"openNow":-1,"ratingsCount":0,"tradingName":"One Blue Dog"},{"id":"Google:8243642388","distance":2349,"service":"Google","detailsUrl":"http://www.google.com/maps/place?source=uds&q=Pet+Shops&cid=6828856876357239174","advKey":null,"contact":{"blogUrl":null,"email":null,"facebook":null,"fax":null,"foursquare":null,"mobile":null,"phone":"020 7771 2345","twitter":null,"websiteUrl":null},"displayName":null,"photoUrl":null,"thumbUrl":null,"isSponsored":false,"isUserGenerated":false,"isVerified":false,"location":{"fullAddress":"40 Snowsfields, City of London, SE1 3SU, United Kingdom","address1":"40 Snowsfields","address2":null,"address3":null,"city":null,"countryCode":null,"county":"GB","latitude":51.502304,"longitude":-0.085132,"postalCode":null,"region":null},"offersCount":0,"openNow":-1,"ratingsCount":0,"tradingName":"Aquarium Architecture"},{"id":"Google:9068201717","distance":2442,"service":"Google","detailsUrl":"http://www.google.com/maps/place?source=uds&q=Pet+Shops&cid=4629929237956171020","advKey":null,"contact":{"blogUrl":null,"email":null,"facebook":null,"fax":null,"foursquare":null,"mobile":null,"phone":"020 3287 3024","twitter":null,"websiteUrl":null},"displayName":null,"photoUrl":null,"thumbUrl":null,"isSponsored":false,"isUserGenerated":false,"isVerified":false,"location":{"fullAddress":"103 Bermondsey Street, London, Greater London SE1 3XB, United Kingdom","address1":"103 Bermondsey Street","address2":null,"address3":null,"city":"London","countryCode":null,"county":"GB","latitude":51.500655,"longitude":-0.081708,"postalCode":null,"region":"Greater London"},"offersCount":0,"openNow":-1,"ratingsCount":0,"tradingName":"Holly & Lil"},{"id":"Google:6967932511","distance":2661,"service":"Google","detailsUrl":"http://www.google.com/maps/place?source=uds&q=Pet+Shops&cid=9269510177137791585","advKey":null,"contact":{"blogUrl":null,"email":null,"facebook":null,"fax":null,"foursquare":null,"mobile":null,"phone":"020 7359 3888","twitter":null,"websiteUrl":null},"displayName":null,"photoUrl":null,"thumbUrl":null,"isSponsored":false,"isUserGenerated":false,"isVerified":false,"location":{"fullAddress":"226-228 Essex Road, Islington, London, Greater London N1 3AP, United Kingdom","address1":"226-228 Essex Road","address2":null,"address3":null,"city":"London","countryCode":null,"county":"GB","latitude":51.541047,"longitude":-0.09453,"postalCode":null,"region":"Greater London"},"offersCount":0,"openNow":-1,"ratingsCount":0,"tradingName":"Canonbury Pet Store"},{"id":"Google:5712653590","distance":2751,"service":"Google","detailsUrl":"http://www.google.com/maps/place?source=uds&q=Pet+Shops&cid=1131763484075339340","advKey":null,"contact":{"blogUrl":null,"email":null,"facebook":null,"fax":null,"foursquare":null,"mobile":null,"phone":"020 8986 7681","twitter":null,"websiteUrl":null},"displayName":null,"photoUrl":null,"thumbUrl":null,"isSponsored":false,"isUserGenerated":false,"isVerified":false,"location":{"fullAddress":"135 Well Street, London, Greater London E9 7LJ, United Kingdom","address1":"135 Well Street","address2":null,"address3":null,"city":"London","countryCode":null,"county":"GB","latitude":51.542034,"longitude":-0.049041,"postalCode":null,"region":"Greater London"},"offersCount":0,"openNow":-1,"ratingsCount":0,"tradingName":"Ace Pet Supplies"},{"id":"Google:4838825362","distance":3111,"service":"Google","detailsUrl":"http://www.google.com/maps/place?source=uds&q=Pet+Shops&cid=11971712305136018286","advKey":null,"contact":{"blogUrl":null,"email":null,"facebook":null,"fax":null,"foursquare":null,"mobile":null,"phone":"020 8986 6862","twitter":null,"websiteUrl":null},"displayName":null,"photoUrl":null,"thumbUrl":null,"isSponsored":false,"isUserGenerated":false,"isVerified":false,"location":{"fullAddress":"40-42 Amhurst Road, Kingsland, London E8 1JN, United Kingdom","address1":"40-42 Amhurst Road","address2":null,"address3":null,"city":"London","countryCode":null,"county":"GB","latitude":51.548153,"longitude":-0.056943,"postalCode":null,"region":null},"offersCount":0,"openNow":-1,"ratingsCount":0,"tradingName":"The Pet Shop"}],"count":8}}