{"meta":{"code":200},"response":{"venues":[{"id":"Google:7795730863","distance":1064,"service":"Google","detailsUrl":"http://www.google.com/maps/place?source=uds&q=Construction+Supplies&cid=15203679779190168309","advKey":null,"contact":{"blogUrl":null,"email":null,"facebook":null,"fax":null,"foursquare":null,"mobile":null,"phone":"020 7729 1440","twitter":null,"websiteUrl":null},"displayName":null,"photoUrl":null,"thumbUrl":null,"isSponsored":false,"isUserGenerated":false,"isVerified":false,"location":{"fullAddress":"Greenheath Business Centre, Three Colts Ln, London, UK E2 6JB, United Kingdom","address1":"Greenheath Business Centre, Three Colts Ln","address2":null,"address3":null,"city":"London","countryCode":null,"county":"GB","latitude":51.525202,"longitude":-0.057452,"postalCode":null,"region":"UK"},"offersCount":0,"openNow":-1,"ratingsCount":0,"tradingName":"Homeworksbss.co.uk Ltd"},{"id":"Google:4392482943","distance":1086,"service":"Google","detailsUrl":"http://www.google.com/maps/place?source=uds&q=Construction+Supplies&cid=2918330831792708116","advKey":null,"contact":{"blogUrl":null,"email":null,"facebook":null,"fax":null,"foursquare":null,"mobile":null,"phone":"020 7790 1757","twitter":null,"websiteUrl":null},"displayName":null,"photoUrl":null,"thumbUrl":null,"isSponsored":false,"isUserGenerated":false,"isVerified":false,"location":{"fullAddress":"20 Cambridge Heath Road, Stepney, London E1 5QH, United Kingdom","address1":"20 Cambridge Heath Road","address2":null,"address3":null,"city":"London","countryCode":null,"county":"GB","latitude":51.520734,"longitude":-0.056171,"postalCode":null,"region":null},"offersCount":0,"openNow":-1,"ratingsCount":0,"tradingName":"M & G Building Supplies"},{"id":"Google:3146751244","distance":1269,"service":"Google","detailsUrl":"http://www.google.com/maps/place?source=uds&q=Construction+Supplies&cid=18318900627750492147","advKey":null,"contact":{"blogUrl":null,"email":null,"facebook":null,"fax":null,"foursquare":null,"mobile":null,"phone":"020 7680 0580","twitter":null,"websiteUrl":null},"displayName":null,"photoUrl":null,"thumbUrl":null,"isSponsored":false,"isUserGenerated":false,"isVerified":false,"location":{"fullAddress":"28 Ensign Street, London, E1 8JQ, United Kingdom","address1":"28 Ensign Street","address2":null,"address3":null,"city":"London","countryCode":null,"county":"GB","latitude":51.5106,"longitude":-0.067742,"postalCode":null,"region":"London"},"offersCount":0,"openNow":-1,"ratingsCount":0,"tradingName":"Topps tiles London"},{"id":"Google:2772178241","distance":1271,"service":"Google","detailsUrl":"http://www.google.com/maps/place?source=uds&q=Construction+Supplies&cid=12248942733785207016","advKey":null,"contact":{"blogUrl":null,"email":null,"facebook":null,"fax":null,"foursquare":null,"mobile":null,"phone":"020 7739 8980","twitter":null,"websiteUrl":null},"displayName":null,"photoUrl":null,"thumbUrl":null,"isSponsored":false,"isUserGenerated":false,"isVerified":false,"location":{"fullAddress":"Holly Works, Hollybush Place, London, Bethnal Green Road E2 9QX, United Kingdom","address1":"Holly Works, Hollybush Place","address2":null,"address3":null,"city":"Bethnal Green Road","countryCode":null,"county":"GB","latitude":51.526587,"longitude":-0.05515,"postalCode":null,"region":null},"offersCount":0,"openNow":-1,"ratingsCount":0,"tradingName":"Travis Perkins Trading Co. Ltd"},{"id":"Google:5661564629","distance":1338,"service":"Google","detailsUrl":"http://www.google.com/maps/place?source=uds&q=Construction+Supplies&cid=7945079810865204034","advKey":null,"contact":{"blogUrl":null,"email":null,"facebook":null,"fax":null,"foursquare":null,"mobile":null,"phone":"020 7613 1867","twitter":null,"websiteUrl":null},"displayName":null,"photoUrl":null,"thumbUrl":null,"isSponsored":false,"isUserGenerated":false,"isVerified":false,"location":{"fullAddress":"313 Cambridge Heath Road, London E2 9LQ, United Kingdom","address1":"313 Cambridge Heath Road","address2":null,"address3":null,"city":"London","countryCode":null,"county":"GB","latitude":51.52863,"longitude":-0.055936,"postalCode":null,"region":null},"offersCount":0,"openNow":-1,"ratingsCount":0,"tradingName":"London Construction Supplies Ltd"},{"id":"Google:1121572553","distance":1560,"service":"Google","detailsUrl":"http://www.google.com/maps/place?source=uds&q=Construction+Supplies&cid=7471576134166028599","advKey":null,"contact":{"blogUrl":null,"email":null,"facebook":null,"fax":null,"foursquare":null,"mobile":null,"phone":"020 7251 6250","twitter":null,"websiteUrl":null},"displayName":null,"photoUrl":null,"thumbUrl":null,"isSponsored":false,"isUserGenerated":false,"isVerified":false,"location":{"fullAddress":"7 Garrett Street, City of London, London, Greater London EC1Y 0TY, United Kingdom","address1":"7 Garrett Street","address2":null,"address3":null,"city":"London","countryCode":null,"county":"GB","latitude":51.522779,"longitude":-0.094282,"postalCode":null,"region":"Greater London"},"offersCount":0,"openNow":-1,"ratingsCount":0,"tradingName":"Travis Perkins Trading Co. Ltd"},{"id":"Google:0458183335","distance":1663,"service":"Google","detailsUrl":"http://www.google.com/maps/place?source=uds&q=Construction+Supplies&cid=7136832540564409320","advKey":null,"contact":{"blogUrl":null,"email":null,"facebook":null,"fax":null,"foursquare":null,"mobile":null,"phone":"020 7729 1699","twitter":null,"websiteUrl":null},"displayName":null,"photoUrl":null,"thumbUrl":null,"isSponsored":false,"isUserGenerated":false,"isVerified":false,"location":{"fullAddress":"Cambridge Heath Road, Bethnal Green, London E2 9DA, United Kingdom","address1":"Cambridge Heath Road","address2":null,"address3":null,"city":"London","countryCode":null,"county":"GB","latitude":51.533597,"longitude":-0.057143,"postalCode":null,"region":null},"offersCount":0,"openNow":-1,"ratingsCount":0,"tradingName":"M P Building Supplies"},{"id":"Google:5006696742","distance":2194,"service":"Google","detailsUrl":"http://www.google.com/maps/place?source=uds&q=Construction+Supplies&cid=478816406372351508","advKey":null,"contact":{"blogUrl":null,"email":null,"facebook":null,"fax":null,"foursquare":null,"mobile":null,"phone":"020 7226 1516","twitter":null,"websiteUrl":null},"displayName":null,"photoUrl":null,"thumbUrl":null,"isSponsored":false,"isUserGenerated":false,"isVerified":false,"location":{"fullAddress":"285 New North Road, London, Islington N1 7AA, United Kingdom","address1":"285 New North Road","address2":null,"address3":null,"city":"Islington","countryCode":null,"county":"GB","latitude":51.537322,"longitude":-0.09124,"postalCode":null,"region":null},"offersCount":0,"openNow":-1,"ratingsCount":0,"tradingName":"Brewers Decorators' Merchant"}],"count":8}}